deney_id,ph,Hardness,Solids,Chloramines,Sulfate,Conductivity,Organic_carbon,Trihalomethanes,Turbidity,Potability,ph_ideal,Turbidity_safe,Sulfate_safe,Chemistry_reactivity,solids_to_cond_ratio,hardness_sulfate_ratio,ph_dev_from_neutral,pollution_index,safety_violations
0,7.036752223968506,204.8904571533203,20791.318359375,7.3002119064331055,368.5164489746094,564.3086547851562,10.379782676696777,86.990966796875,2.9631354808807373,False,1,1,1,75.7746130826099,36.843876389680396,0.5559872759206195,0.03675222396850586,30.756702333151452,0
2,8.09912395477295,224.2362518310547,19909.541015625,9.275883674621582,335.3492946703549,418.606201171875,16.868637084960938,66.42008972167969,3.055933713912964,False,1,1,1,156.47151534950535,47.56150509076874,0.6686647466570997,1.0991239547729492,51.54943677569463,0
3,8.316765785217285,214.37339782714844,22018.41796875,8.059332847595215,356.8861389160157,363.2665100097656,18.436525344848633,100.3416748046875,4.628770351409912,False,1,1,1,148.58609430726028,60.61229786237599,0.6006772856956448,1.3167657852172852,85.33844189925276,0
4,9.092223167419434,181.1015167236328,17978.986328125,6.546599864959717,310.1357421875,398.41082763671875,11.558279037475586,31.99799346923828,4.075075626373291,False,0,1,1,75.6674279859044,45.126751172013705,0.5839427434655396,2.0922231674194336,47.1008611884381,1
5,5.5840864181518555,188.31332397460938,28748.6875,7.5448689460754395,326.6783752441407,280.4679260253906,8.399734497070312,54.91786193847656,2.5597081184387207,False,0,1,1,63.3748959622244,102.5025848941273,0.5764486959304426,1.4159135818481445,21.500868584880664,1
6,10.223861694335938,248.0717315673828,28749.716796875,7.513408660888672,393.66339111328125,283.6516418457031,13.789695739746094,84.60355377197266,2.6729886531829834,False,0,1,1,103.60761940202792,101.35572108254586,0.6301620535139759,3.2238616943359375,36.859700243187035,1
7,8.635848999023438,203.3615264892578,13672.091796875,4.563008785247803,303.3097839355469,474.6076354980469,12.363816261291504,62.798309326171875,4.401424884796143,False,0,1,1,56.416202219462775,28.80714667331583,0.6704746651430056,1.6358489990234375,54.41840856349563,1
8,7.036752223968506,118.98857879638672,14285.583984375,7.804173469543457,268.6469421386719,389.3755798339844,12.706048965454102,53.9288444519043,3.595017194747925,False,1,1,1,99.16021023891699,36.68844346575975,0.44291804479966274,0.03675222396850586,45.678464508116576,0
10,7.360640048980713,165.5207977294922,32452.615234375,7.550701141357422,326.6243591308594,425.3834228515625,15.586810111999512,78.7400131225586,3.6622917652130127,False,1,1,1,117.69134490279612,76.29026759091425,0.5067619502206683,0.3606400489807129,57.08344631911473,0
11,7.974521636962891,218.69329833984375,18767.65625,8.110384941101074,317.91607820553463,364.0982360839844,14.525745391845703,76.48590850830078,4.011718273162842,False,1,1,0,117.80938668429371,51.54558396192118,0.6878963117762196,0.9745216369628906,58.27319821977835,1
12,7.119824409484863,156.70498657226562,18730.814453125,3.6060361862182617,282.34405517578125,347.71502685546875,15.929535865783691,79.50077819824219,3.445756196975708,False,1,1,1,57.44248276167764,53.8682914242943,0.5550142924726721,0.11982440948486328,54.889296924470955,0
13,7.036752223968506,150.1749267578125,27331.361328125,6.838223457336426,299.415771484375,379.7618408203125,19.370807647705078,76.50999450683594,4.413974285125732,False,1,1,1,132.4619112440887,71.96974081734379,0.5015598393890535,0.03675222396850586,85.50224683908709,0
14,7.496232032775879,205.34498596191406,28388.005859375,5.0725579261779785,328.1718986812602,444.6453552246094,13.228311538696289,70.30020904541016,4.7773823738098145,False,1,1,1,67.10137654556547,63.844152338420024,0.6257238543621717,0.4962320327758789,63.19670238023264,0
15,6.347271919250488,186.73287963867188,41065.234375,9.629596710205078,364.4877014160156,516.7432861328125,11.53978157043457,75.07161712646484,4.376348495483398,False,0,1,1,111.12344264714193,79.46931367575847,0.5123159942047658,0.6527280807495117,50.50210571397838,1
16,7.051785945892334,211.04940795898438,30980.6015625,10.094796180725098,344.6522455402528,315.1412658691406,20.397022247314453,56.65160369873047,4.268428802490234,False,1,1,1,205.9037822803548,98.30702868680285,0.6123546562588136,0.051785945892333984,87.0632372454711,0
17,9.181559562683105,273.8138122558594,24041.326171875,6.904989719390869,398.3505249023438,477.9746398925781,13.387340545654297,71.45735931396484,4.503660678863525,False,0,1,1,92.43944883772747,50.29832990089142,0.6873690241417811,2.1815595626831055,60.29203921001863,1
19,7.3710503578186035,214.49661254882812,25630.3203125,4.432669162750244,335.7544250488281,469.91455078125,12.509163856506348,62.79727554321289,2.5602991580963135,False,1,1,1,55.44898487852561,54.54251249582749,0.638849694620658,0.3710503578186035,32.027201690302036,0
20,7.036752223968506,227.43504333496094,22305.568359375,10.333917617797852,321.6255284112613,554.820068359375,16.331693649291992,45.382816314697266,4.1334228515625,False,1,1,1,168.7703767308958,40.20324712682114,0.7071423831039875,0.03675222396850586,67.50579573470168,0
21,6.66021203994751,168.28375244140625,30944.36328125,5.858768939971924,310.93084716796875,523.6713256835938,17.884235382080078,77.04232025146484,3.7497012615203857,False,1,1,1,104.77960277167767,59.09119270902305,0.5412256565501576,0.33978796005249023,67.06053997351319,0
22,7.036752223968506,215.9778594970703,17107.224609375,5.607060432434082,326.9439697265625,436.2561950683594,14.189062118530273,59.85547637939453,5.4592509269714355,False,1,1,1,79.5589287781604,39.21371149235065,0.6605959394727667,0.03675222396850586,77.46165052344168,0
23,3.902475595474243,196.9032440185547,21167.5,6.996311664581299,317.44053116267577,444.4788818359375,16.609033584594727,90.18167877197266,4.528522491455078,False,0,1,1,116.20197540532263,47.62318485176084,0.6202838770370053,3.097524404525757,75.21438214916998,1
24,5.400301933288574,140.7390594482422,17266.59375,10.056852340698242,328.35824584960943,472.87408447265625,11.256381034851074,56.931907653808594,4.824786186218262,False,0,1,1,113.20376195813333,36.514146747418735,0.4286143588551371,1.5996980667114258,54.309631723758685,1
25,6.514415264129639,198.76734924316406,21218.703125,8.670936584472656,323.5963439941406,413.2904357910156,14.899999618530273,79.84783935546875,5.20088529586792,False,1,0,1,129.19695180094277,51.3409003357352,0.6142447290211611,0.48558473587036133,77.49318892445172,1
27,7.036752223968506,145.76817321777344,13224.935546875,7.906444549560547,304.0019836425781,298.99066162109375,12.729524612426758,49.53684997558594,4.004870891571045,False,1,1,1,100.64528049041837,44.231934973951866,0.4794974394300626,0.03675222396850586,50.98010258384511,0
28,7.036752223968506,266.4210205078125,26362.96484375,7.700063705444336,395.3894958496094,364.4801025390625,10.348950386047363,53.00838088989258,3.9915642738342285,False,1,1,1,79.68757725704745,72.33032636834893,0.6738191647239142,0.03675222396850586,41.3085006326296,0
29,7.036752223968506,148.15306091308594,15193.4130859375,9.046833038330078,307.01177978515625,563.8047485351562,16.568655014038086,52.676185607910156,6.038185119628906,False,1,0,1,149.89385558169306,26.94800478084676,0.48256474241541225,0.03675222396850586,100.04460615802964,1
30,7.181448459625244,209.62559509277344,15196.23046875,5.994678497314453,338.33642578125,342.1112976074219,7.922598361968994,71.53795623779297,5.088860034942627,False,1,1,1,47.49343004335424,44.418966957849335,0.6195773747658155,0.18144845962524414,40.316994177125935,0
31,9.82548999786377,190.75662231445312,19677.892578125,6.757540702819824,346.0932623942162,452.83624267578125,16.899038314819336,47.08197021484375,2.8574724197387695,False,0,1,1,114.1959392509034,43.454765056778115,0.5511711509309921,2.8254899978637695,48.288535904704986,1
33,7.414148330688477,235.04454040527344,32555.853515625,6.845952033996582,387.1753234863281,411.9833679199219,10.2448148727417,44.489295959472656,3.1606245040893555,False,1,1,1,70.13551121596447,79.02225179859859,0.6070752073808188,0.41414833068847656,32.38001292664649,0
34,7.036752223968506,232.28045654296875,14787.2060546875,5.474915027618408,305.88147381499783,383.9817199707031,12.166936874389648,86.08072662353516,5.0291666984558105,False,1,0,1,66.61294553368043,38.51018224853398,0.7593805956488728,0.03675222396850586,61.18955375089445,1
35,5.115817070007324,191.95274353027344,19620.544921875,6.060712814331055,323.83639526367193,441.7483825683594,10.966485977172852,49.23823165893555,3.9020888805389404,False,0,0,1,66.46472209003332,44.415657536500696,0.5927460462905564,1.8841829299926758,42.7922029901124,2
38,7.036752223968506,143.4537353515625,19942.2734375,5.890754699707031,345.76223812665603,427.13067626953125,22.469892501831055,53.12409591674805,2.9075639247894287,False,1,1,1,132.36462485707307,46.68892799969943,0.4148912724359528,0.03675222396850586,65.33264883222046,0
39,9.267187118530273,198.61439514160156,24683.72265625,6.110612392425537,328.0775451660156,396.876953125,16.471969604492188,30.38331413269043,4.324004650115967,False,0,0,1,100.65382159286673,62.19490045893579,0.6053885657907768,2.2671871185302734,71.22487316639308,2
40,7.036752223968506,233.85899353027344,11703.923828125,4.599388122558594,309.039306640625,349.3996276855469,18.338891983032227,42.67746353149414,3.5100040435791016,False,1,1,1,84.34768196764344,33.497241746236405,0.756728958900668,0.03675222396850586,64.36958501520348,0
41,5.331940650939941,194.8740692138672,16658.876953125,7.993829727172852,316.6751708984375,335.1203918457031,10.180513381958008,59.57271194458008,4.434820175170898,False,0,0,1,81.38129051057695,49.710125998793266,0.6153752693828686,1.6680593490600586,45.14874613990469,2
42,7.145771503448486,238.68992614746094,28780.33984375,6.814028739929199,385.97564697265625,332.03271484375,11.09316349029541,66.13804626464844,5.182590484619141,False,1,1,1,75.58913483960623,86.67922909528478,0.6184066984567133,0.14577150344848633,57.49132354912945,0
44,4.758439540863037,183.34945678710938,21568.4296875,4.731348991394043,341.15897183440524,403.9441833496094,18.668230056762695,66.91239929199219,4.542801380157471,False,0,1,1,88.32591145017614,53.394579061033724,0.5374311432110718,2.241560459136963,84.80606126695875,1
45,5.702926158905029,216.85047912597656,35606.44140625,7.184350967407227,331.65865240160633,504.6382751464844,16.140790939331055,77.53618621826172,4.137739181518555,False,0,1,1,115.96110699970086,70.5583446387533,0.6538363371553335,1.2970738410949707,66.78638309036978,1
46,6.953864097595215,209.63829040527344,10575.1865234375,4.462707042694092,315.6065979003906,391.184326171875,13.285333633422852,87.3908920288086,3.1957104206085205,False,1,1,1,59.28855197041685,27.03376845358907,0.6642392495457229,0.046135902404785156,42.456079133590265,0
48,7.036752223968506,129.8905792236328,34415.8515625,6.321928977966309,304.53521728515625,470.32916259765625,18.599409103393555,72.40363311767578,4.405585765838623,False,1,1,1,117.58414338379407,73.17396884183242,0.42652071558438853,0.03675222396850586,81.94129199891995,0
49,8.757257461547852,200.19140625,21536.224609375,4.915101051330566,317.8829040527344,404.7178039550781,13.768322944641113,47.930870056152344,3.6261353492736816,False,0,1,1,67.6726985802643,53.212940833590025,0.6297646179393942,1.7572574615478516,49.92580252977905,1
50,7.036752223968506,168.388427734375,27492.306640625,7.046224594116211,299.8204650878906,383.7950134277344,16.182065963745117,75.72943115234375,3.0480573177337646,False,1,1,1,114.02247117735169,71.63278731386853,0.5616308650691408,0.03675222396850586,49.32386457684379,0
52,6.6524882316589355,145.0101776123047,19871.7890625,4.961066246032715,288.05218505859375,545.9749755859375,10.942024230957031,71.7274169921875,3.7420904636383057,False,1,0,1,54.284107075473,36.39688614808181,0.5034163413111804,0.34751176834106445,40.94604452756357,1
53,9.147196769714355,211.71414184570312,11920.611328125,7.230794906616211,339.7519226074219,527.7089233398438,18.275312423706055,47.634883880615234,3.7945315837860107,False,0,1,1,132.1450359901537,22.589368453522958,0.6231433205668485,2.1471967697143555,69.3462501953095,1
55,7.484254837036133,260.0921630859375,30616.615234375,9.379133224487305,319.50582170768047,404.6707763671875,15.934483528137207,66.62102508544922,4.781188011169434,False,1,1,1,149.45164387379737,75.6580829324236,0.8140451428451706,0.4842548370361328,76.18576160890643,0
56,8.520806312561035,238.33511352539062,28779.650390625,8.282808303833008,381.6493225097656,481.3188171386719,6.016336441040039,39.09117126464844,3.9406044483184814,False,0,1,1,49.83216143249956,59.79332057267154,0.6244871897939893,1.5208063125610352,23.70800214214296,1
57,4.999413967132568,190.28704833984375,24323.865234375,7.230164051055908,324.8930358886719,405.3304748535156,8.236557960510254,99.42738342285156,4.460683822631836,False,0,1,1,59.55166527051961,60.009958992487704,0.5856913714191039,2.0005860328674316,36.74068084861756,1
58,7.036752223968506,157.8011932373047,16963.625,8.33561897277832,300.0442199707031,360.9960021972656,12.823861122131348,71.71700286865234,4.405385494232178,False,1,1,1,106.89482007391234,46.991171231140356,0.5259264541966056,0.03675222396850586,56.494051767485416,0
59,7.036752223968506,155.05572509765625,20557.240234375,8.187318801879883,351.5443597892111,290.18096923828125,16.622255325317383,59.6220588684082,4.089907646179199,False,1,1,1,136.09170355461902,70.84282686591916,0.4410701532789739,0.03675222396850586,67.98348915175848,0
60,3.906078338623047,233.40283203125,32144.80078125,6.994839668273926,348.35943603515625,269.4490661621094,9.654125213623047,63.743064880371094,3.9028797149658203,False,0,1,1,67.52905800673398,119.29824482157377,0.6700057676568558,3.093921661376953,37.678889461989456,1
62,7.036752223968506,229.48568725585938,35729.69140625,8.810843467712402,384.94378662109375,296.3975524902344,16.927091598510742,66.62102508544922,3.855602264404297,False,1,1,1,149.14195443810786,120.54651256568894,0.5961537622780024,0.03675222396850586,65.26413269699697,0
63,8.692091941833496,195.14373779296875,24656.240234375,8.231900215148926,341.6947147667811,398.3454284667969,12.380770683288574,48.44072341918945,4.477960109710693,False,0,1,1,101.91726885147273,61.896631442159325,0.5711055184305553,1.692091941833496,55.44059724724184,1
64,8.085760116577148,127.73967742919922,32653.91015625,6.534237384796143,317.9625094557726,416.2396240234375,11.119659423828125,78.2750473022461,4.068688869476318,False,1,1,1,72.65849431337847,78.44978755785525,0.4017444611507662,1.0857601165771484,45.24243453009694,0
65,6.203977584838867,212.30662536621094,21815.07421875,7.873991966247559,318.06178962467317,362.1080017089844,14.933012962341309,63.87382125854492,5.215689182281494,False,0,1,1,117.58242409734612,60.24466196700474,0.667501195127025,0.7960224151611328,77.88595416655289,1
68,7.036752223968506,211.20053100585938,12830.484375,4.502117156982422,326.9615173339844,333.329833984375,16.045148849487305,49.898406982421875,3.439739942550659,False,1,1,1,72.23713992161356,38.491857098844555,0.6459491994104408,0.03675222396850586,55.19113938175224,0
69,7.261550426483154,179.88978576660156,24964.77734375,5.8370866775512695,349.2692565917969,501.1827697753906,17.2877140045166,50.99300765991211,3.636364221572876,False,1,1,1,100.90988510108036,49.81172298705811,0.5150461480833937,0.2615504264831543,62.86442467880852,0
70,7.160467147827148,183.0893096923828,6743.34619140625,3.8030364513397217,277.5990905761719,428.0363464355469,9.7996244430542,90.03536987304688,3.8848910331726074,False,1,1,1,37.26832896637484,15.754143852051381,0.6595457811220682,0.16046714782714844,38.070473127280366,0
72,6.217273235321045,130.9444580078125,19460.3828125,7.09246301651001,300.13128662109375,556.6536865234375,14.083608627319336,57.89707565307617,5.325833320617676,False,0,1,1,99.8874733282637,34.9595866311056,0.4362905948450324,0.7827267646789551,75.00695210191589,1
73,8.67993450164795,242.22866821289062,22984.05078125,7.518764495849609,341.66718371675125,352.9425964355469,18.704408645629883,69.90790557861328,3.8734703063964844,False,0,1,1,140.63404364062444,65.1212150311419,0.7089608807872576,1.6799345016479492,72.45097148755303,1
74,7.036752223968506,219.30091857910156,14859.466796875,5.598326683044434,344.4423828125,425.21356201171875,15.771834373474121,49.35200119018555,4.655916690826416,False,1,1,1,88.29588121357756,34.945890934493725,0.636683895145958,0.03675222396850586,73.43234690440795,0
75,6.897322177886963,211.36016845703125,25650.77734375,6.76600980758667,293.75272666154797,383.0143127441406,13.93478775024414,90.52333068847656,5.0227837562561035,False,1,1,1,94.28291058479044,66.97080611166169,0.7195172965357222,0.10267782211303711,69.9914255588028,0
78,6.455004692077637,176.68397521972656,24468.048828125,5.756929874420166,314.7995910644531,477.58135986328125,16.24550437927246,57.7297248840332,2.293431520462036,False,0,1,1,93.52422948605727,51.23325747867607,0.5612585901431273,0.5449953079223633,37.25795180922751,1
79,7.316804885864258,217.52285766601562,31903.400390625,9.865047454833984,376.9379577636719,425.91339111328125,8.992753982543945,69.50921630859375,3.5083725452423096,False,1,1,1,88.71394478744332,74.90583996978327,0.577078674643101,0.3168048858642578,31.549931178475617,0
81,5.519125461578369,168.72857666015625,12531.6015625,7.730722904205322,346.5612639964298,443.57037353515625,18.099077224731445,66.62102508544922,3.758995771408081,False,0,1,1,139.91895084621228,28.25166485844013,0.4868650761125727,1.4808745384216309,68.03435475415381,1
82,7.408985614776611,204.9617462158203,9566.1220703125,6.505923271179199,311.4526672363281,504.14599609375,11.532143592834473,81.10694122314453,3.772420883178711,False,1,1,1,75.0272413672019,18.974904344095393,0.6580831282533651,0.40898561477661133,43.504099317424334,0
83,5.97676944732666,258.9527282714844,27267.982421875,7.648599147796631,383.65716552734375,514.118896484375,12.256790161132812,82.46979522705078,2.994671106338501,False,0,0,1,93.74727478116256,53.03828074653436,0.6749586632653934,1.0232305526733398,36.70505535199845,2
84,6.395359039306641,133.834228515625,23827.275390625,5.127747058868408,266.9084167480469,573.4002685546875,9.833874702453613,95.026611328125,4.191217422485352,False,0,0,1,50.42562208278696,41.55434982465159,0.501423782902045,0.6046409606933594,41.21590698346154,2
85,6.20964241027832,195.417724609375,13116.7080078125,7.879347801208496,340.0272824843343,417.2416687011719,7.507662296295166,70.5473861694336,3.6125195026397705,False,0,1,1,59.155482406529245,31.436716321278926,0.5747118954893461,0.7903575897216797,27.12157646459957,1
86,6.7628326416015625,232.07518005371094,27159.384765625,7.884990692138672,350.4452819824219,465.4137878417969,13.863965034484863,64.812255859375,4.916579246520996,False,1,1,1,109.31723525304915,58.35535047900568,0.662229430165712,0.2371673583984375,68.16328276304102,0
87,9.918717384338379,199.18124389648438,21470.27734375,6.799841403961182,329.1784362792969,430.5077209472656,15.966042518615723,59.292274475097656,3.3855085372924805,False,0,1,1,108.56655697548786,49.87199125403834,0.6050859392332729,2.918717384338379,54.053173253548266,1
89,8.721726417541504,206.36968994140625,28608.052734375,6.325442314147949,377.404541015625,506.9383544921875,13.553750991821289,42.38148498535156,2.5550270080566406,False,0,1,1,85.73347003909112,56.43300102356505,0.5468129472932053,1.721726417541504,34.630199844577874,1
90,7.036752223968506,197.9797821044922,17153.306640625,7.659204006195068,329.2803039550781,575.1146850585938,11.870981216430664,69.10983276367188,4.3839216232299805,False,1,1,1,90.92226689035215,29.82588874261053,0.6012499962046058,0.03675222396850586,52.041451243667325,0
91,7.036752223968506,199.10787963867188,29721.912109375,6.869690418243408,357.30322265625006,420.7095947265625,9.226618766784668,55.29428482055664,3.3551645278930664,False,1,0,1,63.384014534965445,70.64709816766948,0.5572518422901976,0.03675222396850586,30.956823998708387,1
92,6.09964656829834,237.919921875,20416.841796875,8.457830429077148,306.93738374684943,291.1048278808594,19.27005386352539,93.13800811767578,3.1727898120880127,False,0,1,1,162.98284793688072,70.13570291968949,0.7751415555691514,0.9003534317016602,61.13983057658061,1
93,9.026787757873535,253.21707153320312,27965.072265625,6.588374137878418,373.55322265625006,588.3196411132812,16.145732879638672,59.12445068359375,2.0190420150756836,False,0,1,1,106.37412894130466,47.53380690328934,0.6778607585146093,2.026787757873535,32.598913048179384,1
94,6.953371524810791,203.14654541015625,11609.109375,5.495737552642822,304.283203125,551.143310546875,9.387781143188477,55.958003997802734,3.6518657207489014,False,1,0,1,51.592781364613074,21.063685491196676,0.6676232623299949,0.046628475189208984,34.28291615070293,1
95,6.140877723693848,197.87608337402344,26687.875,7.587196350097656,329.2318420410156,548.07275390625,15.83633041381836,41.263648986816406,5.359460353851318,False,0,1,1,120.15334831466316,48.6940369888758,0.6010235266015022,0.8591222763061523,84.87418500334934,1
96,7.077874183654785,220.6705322265625,23873.37890625,6.181839466094971,341.9872436523438,333.05078125,10.661798477172852,90.29776763916016,4.764508247375488,False,1,1,1,65.90952660573839,71.68089726427898,0.6452595401646952,0.07787418365478516,50.79822677634547,0
97,5.488314151763916,135.8023681640625,21485.15234375,8.187416076660156,280.603271484375,441.3311462402344,14.860262870788574,88.28734588623047,5.066786289215088,False,0,1,1,121.66715513169038,48.68261050257294,0.48396573198063636,1.511685848236084,75.29377616784359,1
98,7.205559253692627,120.3276138305664,24627.8671875,6.202469348907471,289.7687072753906,418.43328857421875,13.643147468566895,63.733734130859375,3.7100532054901123,False,1,1,1,84.62120399641071,58.85733234217657,0.4152539953217079,0.20555925369262695,50.61680299873092,0
99,9.17786979675293,163.2748260498047,20868.33203125,7.726040363311768,320.4214172363282,426.994384765625,10.214274406433105,62.43092727661133,3.1087698936462402,False,0,0,1,78.91589634604452,48.87261455166888,0.5095627718911744,2.1778697967529297,31.75382876016056,2
100,4.270716190338135,166.83770751953125,24405.25,7.391510009765625,297.20672607421875,349.5189208984375,13.47852611541748,54.47483825683594,3.7639060020446777,False,0,1,1,99.62666069899569,69.82526115450662,0.5613523932043045,2.7292838096618652,50.73190534453579,1
101,7.348844528198242,223.2649383544922,11519.046875,8.889558792114258,295.53820950388115,494.158447265625,18.145374298095703,73.71552276611328,4.880875110626221,False,1,1,1,161.30437162784074,23.310431938235663,0.7554520208193525,0.3488445281982422,88.56530578457205,0
102,8.526169776916504,175.6128387451172,11837.123046875,7.48370885848999,308.3985290527344,474.240478515625,21.845916748046875,52.37220001220703,5.083014011383057,False,0,1,1,163.48848068919324,24.960170120789947,0.5694347463818599,1.526169776916504,111.04310092183005,1
103,7.036752223968506,169.0419158935547,36152.8203125,8.330389022827148,329.0397033691406,590.748779296875,17.695114135742188,103.15045928955078,3.995973825454712,False,1,1,1,147.40718455406022,61.19829869869855,0.5137432159369776,0.03675222396850586,70.70921292485946,0
105,8.490571975708008,204.12364196777344,22989.796875,8.270792961120605,358.84710693359375,435.0008850097656,17.084245681762695,62.42163848876953,3.875556707382202,False,1,1,1,141.300258930778,52.850000113525944,0.5688317878419336,1.4905719757080078,66.21096294252084,0
106,7.036752223968506,213.54193115234375,22539.7109375,6.957204341888428,334.04119873046875,463.3988342285156,11.623019218444824,69.61585235595703,3.398592472076416,False,1,1,1,80.86371977241697,48.6399818557701,0.6392682439311275,0.03675222396850586,39.50190561860609,0
107,8.85840129852295,254.61752319335938,9624.30078125,7.954015731811523,348.408203125,344.3033752441406,7.935467720031738,78.10855102539062,5.525726318359375,False,0,1,1,63.11883508441497,27.952966614029208,0.7308023180246613,1.8584012985229492,43.84922282907064,1
108,6.098156452178955,189.995849609375,27776.900390625,6.443098068237305,347.9303894042969,245.85963439941406,14.636881828308105,73.42462921142578,3.9773623943328857,False,0,0,1,94.30686503298966,112.97869349517143,0.5460743150047883,0.9018435478210449,58.21618335420703,2
109,8.419970512390137,185.718994140625,13237.9892578125,3.9982657432556152,308.14263916015625,463.64727783203125,17.209564208984375,48.783111572265625,3.9624783992767334,False,1,1,1,68.80841103314015,28.55185366591641,0.6027046242094184,1.4199705123901367,68.19252643906657,0
110,9.286154747009277,222.6615447998047,12311.2685546875,7.289865970611572,332.2393493652344,353.7401123046875,14.171762466430664,66.62102508544922,5.239981651306152,False,0,1,1,103.31024894762322,34.803145279945724,0.6701841445181926,2.2861547470092773,74.2597752907659,1
111,7.875895023345947,226.2847900390625,12710.2490234375,7.303126811981201,346.4032592773438,445.3741455078125,6.063461780548096,63.12804412841797,4.238589286804199,False,1,1,1,44.28223030294407,28.538362909250154,0.6532409361790942,0.8758950233459473,25.700524143977873,0
114,6.745306491851807,218.4246368408203,21871.837890625,7.165509223937988,333.5493141762813,373.05010986328125,16.82662010192871,74.0860824584961,3.9023525714874268,False,1,1,1,120.57130154807055,58.62975845258705,0.6548496036497109,0.25469350814819336,65.66340422420353,0
115,7.036752223968506,190.4239044189453,28062.642578125,9.61514663696289,357.2267150878906,263.77191162109375,13.44522476196289,67.05555725097656,5.6290154457092285,False,1,1,1,129.27780765319767,106.38980587154768,0.5330617667803272,0.03675222396850586,75.6833778561213,0
116,7.183825492858887,261.8507995605469,14100.96875,9.008495330810547,358.7247009277344,290.423828125,17.1499080657959,82.02511596679688,4.597165584564209,False,1,1,1,154.4948667345525,48.553070842995005,0.7299491731497685,0.18382549285888672,78.84096713851704,0
117,10.111976623535156,240.43209838867188,15331.302734375,5.392651081085205,361.9029235839844,403.04180908203125,16.13112449645996,61.11114501953125,3.4257631301879883,False,0,0,1,86.98952595495484,38.03898838995045,0.6643552236143271,3.1119766235351562,55.26141154844481,2
120,6.877457141876221,136.87921142578125,27433.587890625,7.091521739959717,307.39709472656244,342.19635009765625,18.403846740722656,81.19341278076172,3.8276500701904297,False,1,1,1,130.5112792607215,80.16914208064125,0.4452846605536534,0.1225428581237793,70.44348526890099,0
121,7.036752223968506,146.97024536132812,16367.4580078125,7.687036991119385,349.5852041179608,468.94500732421875,18.601381301879883,49.56196975708008,4.664350509643555,False,1,0,1,142.98950615346712,34.90272359716938,0.42041323033603734,0.03675222396850586,86.76336235549752,1
122,7.036752223968506,230.80947875976562,27418.78125,7.13649845123291,369.30999755859375,274.66058349609375,9.578584671020508,72.37690734863281,4.197595119476318,False,1,1,1,68.35755466974115,99.82787046166048,0.6249748982172385,0.03675222396850586,40.20702026656636,0
123,7.52105188369751,267.0596618652344,26865.373046875,10.449450492858887,351.7887174323437,505.7093811035156,16.23774528503418,57.03778076171875,2.8807854652404785,False,1,1,1,169.67551547161747,53.12413413238954,0.7591478858540927,0.5210518836975098,46.777460605403576,0
124,8.550875663757324,231.248779296875,28918.419921875,7.82252836227417,369.26422119140625,432.2852783203125,16.26629638671875,73.14946746826172,3.7728865146636963,False,0,1,1,127.24356483426527,66.89661042204303,0.6262420386262288,1.5508756637573242,61.37089028097398,1
127,7.371085166931152,207.71682739257812,24913.837890625,9.61633014678955,362.3001708984375,363.1685485839844,11.542661666870117,67.720703125,4.4125895500183105,False,1,1,1,110.99804536131523,68.60130900421916,0.5733279846491676,0.37108516693115234,50.93302825062801,0
129,6.506487846374512,202.2859344482422,17087.076171875,6.2019829750061035,326.662353515625,481.7719421386719,16.535186767578125,46.20574951171875,3.5487756729125977,False,1,0,1,102.55094682106574,35.46714667640308,0.6192508308715028,0.4935121536254883,58.67966854784754,1
131,5.033773899078369,155.32147216796875,34971.80859375,7.1214776039123535,320.1155090332031,500.6373291015625,18.312498092651367,63.19330596923828,3.244948387145996,False,0,1,1,130.4120450385044,69.85457633903448,0.4852044568282819,1.9662261009216309,59.423111150363184,1
132,6.912607669830322,155.74049377441406,17973.1796875,4.916302680969238,275.9082336425781,439.6480407714844,18.380712509155273,55.507469177246094,2.6122488975524902,False,1,1,1,90.36514618688489,40.88083644153227,0.56446482641653,0.08739233016967773,48.01499598827013,0
134,6.078335762023926,197.5019073486328,35957.79296875,8.130472183227539,379.5277099609375,360.06048583984375,20.098413467407227,41.86595916748047,4.201581001281738,False,0,1,1,163.4095916237602,99.86597886466826,0.5203886347285995,0.9216642379760742,84.44511218056323,1
135,6.242414474487305,191.90872192382812,28149.412109375,7.130436897277832,319.3067932128906,448.2425231933594,19.37009048461914,60.93947982788086,4.508705139160156,False,0,1,1,138.11720789513856,62.79951274152678,0.6010167193494709,0.7575855255126953,87.33402651399956,1
136,6.063354969024658,160.76731872558594,14775.1455078125,7.484103679656982,305.8285522460937,327.2702331542969,12.309016227722168,69.0384521484375,3.467336893081665,False,0,0,1,92.12195364285299,45.14662186126746,0.5256779231997345,0.9366450309753418,42.67950608392198,2
137,8.129585266113281,177.8989715576172,27834.216796875,9.00600814819336,334.43853759765625,397.02142333984375,15.936262130737305,81.39075469970703,3.362537145614624,False,1,1,1,143.52210660116543,70.10759392432529,0.5319332284597655,1.1295852661132812,53.58627337685584,0
138,9.562405586242676,202.01364135742188,13041.8291015625,5.820655345916748,327.11883544921875,433.38165283203125,14.139065742492676,63.54899215698242,3.7627198696136475,False,0,1,1,82.29862860030835,30.093173041000977,0.6175542917375901,2.562405586242676,53.20134360705083,1
139,8.167792320251465,200.91375732421875,27141.36328125,7.262416839599609,344.1611328125,525.5988159179688,16.142284393310547,66.23143768310547,4.289395332336426,False,1,0,1,117.23199800758448,51.638935263216176,0.5837781712843763,1.1677923202514648,69.24063932991339,1
141,7.036752223968506,167.38612365722656,20944.62109375,4.9631242752075195,353.1976319786389,566.3392944335938,11.318806648254395,66.62102508544922,3.679795026779175,False,1,1,1,56.176644042331645,36.98246133126722,0.47391632340681605,0.03675222396850586,41.65088841332158,0
143,7.861177921295166,204.2742462158203,25145.0234375,7.923315525054932,338.21380615234375,469.4869689941406,15.993410110473633,86.16729736328125,4.157656669616699,False,1,1,0,126.72083462688624,53.55851183221085,0.6039796185015232,0.861177921295166,66.49510821572585,1
144,4.965773582458496,220.8486328125,21802.744140625,6.250577926635742,311.59814453124994,386.413330078125,18.03523826599121,53.90817642211914,3.421766757965088,False,0,1,1,112.73066220702094,56.42337462787205,0.7087610628618175,2.034226417541504,61.71237877054864,1
145,6.207432746887207,192.93702697753906,13442.603515625,5.819023132324219,325.9065551757813,533.7958374023438,14.687539100646973,60.48503494262695,3.5492987632751465,False,0,1,1,85.46712978358119,25.183042932404355,0.5920010607993916,0.792567253112793,52.13046436548166,1
146,7.036752223968506,157.00128173828125,20067.10546875,8.071050643920898,332.32025005260004,490.9096984863281,17.322946548461914,71.9692611694336,4.417559623718262,False,1,0,1,139.81437889457084,40.877386390506366,0.47243970609973723,0.03675222396850586,76.52514923631497,1
147,9.769250869750977,264.2656555175781,8471.677734375,8.349709510803223,359.2685546875,353.19647216796875,15.047086715698242,52.64545822143555,4.636556148529053,False,0,1,1,125.63880305994644,23.985737055607988,0.735565780344669,2.7692508697509766,69.76666242912052,1
148,9.63066577911377,152.8624267578125,23641.703125,6.925705909729004,333.1483154296875,417.1670837402344,16.670183181762695,89.99757385253906,4.920091152191162,False,0,1,1,115.45278617819895,56.672024207570075,0.45884196083000417,2.6306657791137695,82.01882077799655,1
150,7.633570194244385,199.6529998779297,16312.1552734375,9.90054702758789,358.5662841796875,420.5341796875,10.539392471313477,100.24270629882812,2.9270668029785156,False,1,1,1,104.34575080444483,38.78913064039164,0.5568091818166285,0.6335701942443848,30.849505826343375,0
151,5.7711992263793945,155.05088806152344,24909.443359375,6.531261444091797,297.0093078613281,313.7019348144531,11.704789161682129,85.68830108642578,4.688959121704102,False,0,0,1,76.44703816291803,79.4048123888796,0.5220404998616248,1.2288007736206055,54.88327790729272,2
152,6.57996940612793,197.2269744873047,17657.083984375,4.506293296813965,290.2898864746094,254.39328002929688,9.847655296325684,73.74971771240234,4.575932025909424,False,1,1,1,44.37642305116697,69.40860982229144,0.6794138652334399,0.4200305938720703,45.06220125057325,0
153,4.801154136657715,180.7728729248047,13556.734375,8.977286338806152,322.0624389648438,587.39501953125,12.401368141174316,62.0281867980957,4.418638229370117,False,0,1,1,111.33063279627004,23.07941657853868,0.5612975947910529,2.198845863342285,54.79715936508546,1
154,7.948815822601318,238.2364044189453,19129.458984375,5.851964950561523,301.01251778687663,434.65545654296875,8.663293838500977,67.30403900146484,3.692250967025757,False,1,1,1,50.69729189932332,44.010626468399785,0.7914501542297044,0.9488158226013184,31.98705505283351,0
155,6.906991958618164,216.78529357910156,19991.23828125,7.302351474761963,340.10601806640625,356.4591369628906,9.614106178283691,61.122642517089844,2.1247594356536865,False,1,1,1,70.20558242950801,56.08283293141779,0.6374050485027549,0.09300804138183594,20.427662817684677,0
157,7.036752223968506,190.7794647216797,12224.310546875,4.64621114730835,308.56488037109375,399.2713623046875,11.87679672241211,61.886634826660156,3.463172435760498,False,1,1,1,55.18210532598641,30.61654721665205,0.6182799023465015,0.03675222396850586,41.131395034188245,0
158,8.46133041381836,212.58135986328125,34406.77734375,8.67915153503418,384.8553771972656,477.3433837890625,13.801712036132812,66.62102508544922,3.771944046020508,False,1,1,1,119.78715020450181,72.0797196319256,0.5523668679363453,1.4613304138183594,52.05928553958074,0
159,7.726134777069092,233.94786071777344,21667.869140625,6.3131818771362305,340.2731628417969,472.2590026855469,14.399860382080078,36.57803726196289,3.7206368446350098,False,1,0,0,90.90893759743994,45.88132565293033,0.687529566176846,0.7261347770690918,53.57665109516711,2
160,7.036752223968506,247.6615753173828,19549.5,8.769670486450195,316.7076838147795,438.86578369140625,16.624652862548828,64.94900512695312,3.7777373790740967,False,1,1,1,145.7927275561742,44.54550954284683,0.7819878935436094,0.03675222396850586,62.80357253298189,0
161,8.927078247070312,241.87510681152344,22821.25390625,8.549737930297852,367.9755554199219,380.19720458984375,10.85928726196289,75.85707092285156,4.601861000061035,False,0,1,1,92.84406019960443,60.024780747256564,0.657312972537511,1.9270782470703125,49.97293053928661,1
162,6.208015441894531,153.22109985351562,17358.796875,8.21493911743164,328.28204345703125,481.1956787109375,14.274092674255371,62.71820068359375,4.334615707397461,False,0,1,1,117.26080227558487,36.07429909891903,0.4667361570351457,0.7919845581054688,61.87270631467436,1
163,6.128425598144531,141.49241638183594,9615.8330078125,7.6279191970825195,277.9516906738281,415.00872802734375,16.435842514038086,50.69392776489258,4.633823871612549,False,0,1,1,125.37127863305614,23.170194589278,0.5090539853517965,0.8715744018554688,76.16079939161409,1
164,7.036752223968506,202.2548370361328,11981.740234375,9.189105987548828,339.98394775390625,416.5888977050781,14.079228401184082,62.76552963256836,2.678910732269287,False,1,1,1,129.37552200138816,28.761544706589525,0.5948952524889133,0.03675222396850586,37.716996066002594,0
165,7.308048725128174,274.7049560546875,14600.5390625,8.105802536010742,384.5648498535156,415.6072692871094,16.761625289916992,68.93722534179688,3.696119785308838,False,1,1,1,135.86642478267095,35.13061514158227,0.7143267395473052,0.30804872512817383,61.95297486799518,0
166,7.036752223968506,170.0992431640625,39906.19140625,6.554996013641357,354.54122968151506,515.38671875,13.516077995300293,40.5141716003418,4.353238582611084,False,1,1,1,88.59783737925909,77.42960747146803,0.4797728118591175,0.03675222396850586,58.83871221472191,0
167,8.640886306762695,201.5687255859375,26473.712890625,6.967094421386719,352.3065795898438,309.9832763671875,17.665082931518555,68.66492462158203,5.263101577758789,False,0,1,1,123.07430074551667,85.40368085490572,0.5721401094707462,1.6408863067626953,92.97312584811516,1
168,7.036752223968506,205.50946044921875,20406.927734375,6.8100690841674805,355.26593017578125,482.3300476074219,12.337776184082031,70.58060455322266,4.102529525756836,False,1,1,1,84.02110815859487,42.309053299278496,0.5784665581894346,0.03675222396850586,50.61609107737604,0
169,8.153209686279297,127.14488983154297,10280.9296875,5.828357696533203,267.6368713378906,487.9083251953125,11.943476676940918,90.61935424804688,2.9057881832122803,False,1,1,1,69.6108542134134,21.071437267058414,0.4750649218132507,1.1532096862792969,34.70521339432639,0
170,8.293720245361328,206.16041564941406,35216.38671875,6.440999984741211,347.062255859375,399.4836120605469,16.0656681060791,79.95451354980469,3.9547152519226074,False,1,1,1,103.47896802611285,88.15477172880307,0.5940156602305146,1.2937202453613281,63.53514269143761,0
171,7.036752223968506,233.850341796875,21136.287109375,6.689877510070801,334.471824750984,332.7375793457031,9.745282173156738,77.52994537353516,3.3108584880828857,False,1,1,1,65.19474403949516,63.52239229309509,0.6991630498975951,0.03675222396850586,32.26525020175882,0
172,7.036752223968506,237.67738342285156,26009.076171875,7.074531555175781,372.6003112792968,344.7679138183594,14.442237854003906,72.69624328613281,3.706601858139038,False,1,1,1,102.17206742550479,75.43937545806098,0.6378883097786869,0.03675222396850586,53.53162566533683,0
173,9.489973068237305,234.06996154785156,15513.740234375,4.735332012176514,306.1267468289028,277.9700622558594,16.69821548461914,81.42717742919922,4.219967365264893,False,0,1,1,79.07159433053857,55.81083103936727,0.7646178035990358,2.4899730682373047,70.46592440325367,1
174,7.830976486206055,190.79904174804688,7695.06396484375,4.845205307006836,292.5158386230469,507.44549560546875,15.526658058166504,85.00950622558594,4.588784694671631,False,1,1,1,75.2298460235088,15.164316200103253,0.6522690941930589,0.8309764862060547,71.2484908567144,0
175,4.430281162261963,139.68576049804688,28862.2578125,8.961372375488281,298.37945556640625,434.7812805175781,17.299293518066406,63.04249954223633,4.384565353393555,False,0,1,1,155.02541104826378,66.3833956047004,0.4681480491501563,2.569718837738037,75.84988299749966,1
176,7.240739822387695,201.18679809570312,23783.099609375,7.751285552978516,340.9836730957031,579.2203979492188,13.48637866973877,62.65023422241211,3.556297540664673,False,1,1,1,104.53677214474374,41.060535251383826,0.5900188583199925,0.2407398223876953,47.96157529566449,0
177,7.036752223968506,260.2053527832031,19517.724609375,8.764168739318848,368.82104492187506,251.02090454101562,12.804588317871094,48.65188980102539,3.6655218601226807,False,1,1,1,112.22157265533315,77.75338299935301,0.705505707064018,0.03675222396850586,46.935498389028,0
178,6.8673014640808105,174.1849822998047,24112.154296875,5.529942035675049,297.65557861328125,484.1229248046875,11.482686996459961,65.30441284179688,3.8235950469970703,False,1,1,1,63.49859350422321,49.805850976375176,0.5851897099530555,0.13269853591918945,43.90514512588197,0
179,6.129637241363525,200.27818298339844,30989.94921875,8.83010196685791,348.8681640625,341.3885803222656,9.300117492675781,79.5536117553711,4.615886211395264,False,0,1,1,82.12098576408607,90.77617387998095,0.5740798474619158,0.8703627586364746,42.92828409879803,1
181,6.511618137359619,181.87342834472656,29136.814453125,7.685775279998779,345.75164794921875,475.3413391113281,12.321231842041016,52.437618255615234,4.850433826446533,False,1,1,1,94.69821911069266,61.29661360045176,0.5260233144150201,0.48838186264038086,59.76331971012587,0
182,5.32381534576416,232.3685760498047,37625.75390625,8.879822731018066,380.57647705078125,580.897705078125,12.293803215026855,55.310020446777344,2.8807218074798584,False,0,1,1,109.16679323945846,64.77173779920162,0.6105699890858709,1.6761846542358398,35.41502701839386,1
183,6.769572734832764,168.93707275390625,11067.1806640625,7.12126350402832,305.7949523925781,289.5424499511719,18.545902252197266,62.00157165527344,5.2205400466918945,False,1,1,1,132.07025685784902,38.22299848504376,0.5524521280670895,0.23042726516723633,96.81962540962923,0
184,5.877974033355713,141.6152801513672,13652.29296875,5.701659202575684,279.78240966796875,538.4954223632812,12.034042358398438,67.90725708007812,4.032259464263916,False,0,1,1,68.61400835694803,25.3526629501916,0.5061621987360344,1.122025966644287,48.524381193004956,1
185,9.534021377563477,201.95521545410156,9472.615234375,6.105708599090576,319.576416015625,259.6368103027344,15.625617027282715,66.62102508544922,2.7682390213012695,False,0,1,1,95.4054642495762,36.48409941119639,0.6319465539418304,2.5340213775634766,43.255442786833555,1
188,5.653506278991699,146.59022521972656,16462.4609375,6.501595973968506,299.6446228027344,272.4405517578125,13.79526424407959,87.82258605957031,5.198985576629639,False,0,1,1,89.69123446913954,60.42588289759636,0.4892136002955007,1.3464937210083008,71.72137983076436,1
190,7.7938337326049805,176.86648559570312,18344.6796875,7.567677021026611,338.2295837402344,371.21697998046875,9.039042472839355,76.28807830810547,4.172935485839844,False,1,1,1,68.40455401378995,49.41767383336698,0.5229184363973937,0.7938337326049805,37.71934109292488,0
191,7.593127727508545,261.566162109375,18371.056640625,6.297542572021484,300.7997166687747,387.62957763671875,16.57598114013672,51.83094787597656,3.377337694168091,False,1,1,1,104.38794690303621,47.39333026451552,0.8695691742550049,0.5931277275085449,55.98268592240311,0
192,7.362736701965332,185.6921844482422,16268.4482421875,5.317019462585449,316.9186401367188,419.2584533691406,16.024246215820312,64.67891693115234,4.408513069152832,False,1,1,1,85.20122900277784,38.80291040681978,0.585930142140596,0.36273670196533203,70.64309886576666,0
193,9.320305824279785,129.8238525390625,16002.138671875,4.40503454208374,271.6705627441406,499.84417724609375,13.076858520507812,82.83758544921875,4.205809593200684,False,0,1,1,57.60401348477899,32.01425437828445,0.47787235668760425,2.320305824279785,54.998777014479856,1
195,6.655604839324951,216.44117736816406,20571.845703125,8.984236717224121,332.38026456973756,336.8314514160156,17.745996475219727,71.70430755615234,2.9516446590423584,False,1,1,1,159.4342331163989,61.074598454413376,0.6511854035532443,0.34439516067504883,52.379875715466824,0
196,9.868877410888672,214.16622924804688,15326.85546875,3.351597785949707,297.08416748046875,424.2928161621094,19.18844223022461,70.07051086425781,3.355489730834961,False,0,1,1,64.31194049464466,36.12329704580899,0.7208941167867275,2.868877410888672,64.38662085423857,1
197,5.590614318847656,229.192138671875,35370.734375,7.989640712738037,338.84745677984097,469.4130859375,13.281556129455566,76.99271392822266,4.726844787597656,False,0,1,1,106.11486158041362,75.35097627073495,0.676387363722787,1.4093856811523438,62.779854361702746,1
198,5.554436683654785,229.12283325195312,31344.4609375,7.7614312171936035,353.6828220961388,306.8725280761719,13.974800109863281,87.27337646484375,2.095914125442505,False,0,1,1,108.46444982673347,102.14163200551484,0.6478200757566123,1.4455633163452148,29.28998095049792,1
199,4.126528739929199,125.47488403320312,11215.9462890625,5.366011142730713,261.4447937011719,445.241455078125,18.57592010498047,86.43365478515625,4.460200786590576,False,0,1,1,99.67859426980067,25.190705258798893,0.47992879023129664,2.873471260070801,82.85233346387759,1
200,5.970035552978516,230.44932556152344,16324.115234375,5.293918609619141,315.1861267089844,327.7866516113281,13.325986862182617,39.55424880981445,5.428674221038818,False,0,1,1,70.54668984124874,49.80103705970988,0.7311531355666149,1.0299644470214844,72.34244134863275,1
201,7.036752223968506,229.77134704589844,16162.2626953125,4.933662414550781,322.9092937926269,448.8460388183594,8.816487312316895,66.62102508544922,4.600927352905273,False,1,1,1,43.4975720811417,36.008477877744234,0.7115662223147158,0.03675222396850586,40.5640176317811,0
202,8.36915397644043,183.50038146972656,12975.900390625,6.600852966308594,315.901123046875,493.4654541015625,12.987106323242188,87.02941131591797,3.629749298095703,False,1,1,1,85.72597929753829,26.295458489499264,0.580879165983904,1.3691539764404297,47.1399400610826,0
203,6.284248352050781,190.0176544189453,12206.681640625,7.910711288452148,370.8900448080157,395.2610778808594,13.246139526367188,58.92772674560547,3.3771321773529053,False,0,1,1,104.7863854796451,30.88257937054402,0.512328806250315,0.7157516479492188,44.7339640202008,1
205,9.298018455505371,163.03883361816406,13990.513671875,4.249701499938965,342.84693987118266,399.47735595703125,15.365883827209473,83.92316436767578,3.6813242435455322,False,0,1,1,65.30041954837998,35.02204424913088,0.4755440815772727,2.298018455505371,56.56680065661044,1
206,7.8954691886901855,154.26577758789062,7769.6162109375,7.205262184143066,258.3128662109375,407.7322082519531,16.420040130615234,63.01601791381836,4.236947536468506,False,1,0,1,118.31069421523353,19.05568418347926,0.5972051615296332,0.8954691886901855,69.57084858012422,1
207,7.94748592376709,269.8094177246094,34440.7734375,6.958283424377441,390.1042175292969,425.6278076171875,13.749260902404785,56.63581085205078,3.7008538246154785,False,1,1,1,95.67125423464404,80.9175827805844,0.6916341964765158,0.9474859237670898,50.884004796300815,0
208,10.026159286499023,224.266357421875,14962.177734375,7.428313255310059,336.97296142578125,517.5128173828125,18.858518600463867,65.36344909667969,4.182277679443359,False,0,1,1,140.08698369533704,28.91170460498089,0.6655322011814819,3.0261592864990234,78.87156141008745,1
209,6.488193035125732,225.48190307617188,34864.4296875,8.951692581176758,385.5056457519532,324.50982666015625,12.696544647216797,97.11286163330078,4.592073440551758,False,0,1,1,113.65556452507008,107.43720749194648,0.5848990928562305,0.5118069648742676,58.30346546126384,1
210,5.869736671447754,207.72544860839844,22244.21875,6.597764492034912,352.5639953613281,465.6164855957031,14.83810043334961,77.82273864746094,4.689314842224121,False,0,1,1,97.8982921684019,47.77369227759917,0.589185086260224,1.130263328552246,69.58052459251849,1
211,7.036752223968506,220.81370544433594,21410.3203125,6.3248796463012695,335.8458557128906,382.1978454589844,9.500295639038086,86.9901351928711,3.6599748134613037,False,1,1,1,60.0882265211967,56.01894545158734,0.6574852749578689,0.03675222396850586,34.770842759315656,0
212,5.304142475128174,160.96835327148438,25299.51171875,6.286043167114258,300.5007019042969,497.7904052734375,15.013030052185059,61.11551284790039,4.16572380065918,False,0,1,1,94.3725549772189,50.82362255260684,0.5356671439226197,1.6958575248718262,62.540136608398825,1
213,7.533614635467529,186.91824340820312,11642.7275390625,5.890684127807617,340.5597316036408,363.50634765625,10.740145683288574,49.57430648803711,3.462764024734497,False,1,1,1,63.2668057068895,32.028952402348416,0.5488559730158916,0.5336146354675293,37.19059009249918,0
214,4.07760763168335,207.83804321289062,18194.955078125,7.92397403717041,322.3051470710755,288.3652038574219,13.306692123413086,35.82455825805664,2.7586586475372314,False,0,1,1,105.44188290654529,63.09691589566515,0.6448486611422591,2.9223923683166504,36.708621296369074,1
216,7.08616828918457,189.14537048339844,4304.49267578125,3.6158905029296875,259.3733215332031,400.90435791015625,12.993012428283691,63.902286529541016,3.4165396690368652,False,1,1,1,46.9813102438784,10.73695653368014,0.7292398795530924,0.08616828918457031,44.39114238152024,0
217,6.271012306213379,213.44468688964844,24846.142578125,8.372997283935547,333.5394017197826,543.3917236328125,17.916526794433594,84.57886505126953,5.303581237792969,False,0,1,1,150.01503018735093,45.724182853381414,0.6399384455004566,0.7289876937866211,95.02175535337301,1
219,8.875641822814941,228.9215850830078,28487.708984375,5.318731784820557,351.9607238769531,474.77252197265625,14.68397045135498,52.578861236572266,4.006991386413574,False,0,1,1,78.10010036698759,60.00285948733327,0.6504179838902188,1.8756418228149414,58.83854311693085,1
220,7.036752223968506,192.44717407226562,18257.568359375,7.4722490310668945,313.77655029296875,462.4024353027344,13.932145118713379,53.185916900634766,4.358298301696777,False,1,1,1,104.10445786398941,39.484152603862555,0.6133255441786675,0.03675222396850586,60.720444409881566,0
221,6.613708972930908,141.12892150878906,25648.5703125,7.222971439361572,295.23687744140625,374.77032470703125,14.038263320922852,74.29924774169922,3.53977108001709,False,1,1,0,101.3979750252629,68.43810342804522,0.47801928490040585,0.3862910270690918,49.69223851706738,1
222,7.7357048988342285,137.3181610107422,16723.9765625,7.675826072692871,282.5398864746094,595.3292846679688,18.756139755249023,63.04277801513672,2.148611545562744,False,1,1,1,143.96886655641174,28.091976936319263,0.4860133634161031,0.7357048988342285,40.299658428316434,0
223,9.925041198730469,238.71339416503906,10704.603515625,6.110019207000732,351.597412109375,405.9001770019531,13.550366401672363,59.462669372558594,4.703803539276123,False,0,1,1,82.79299897611554,26.372502639241244,0.6789395634454798,2.9250411987304688,63.738261438674726,1
224,9.002583503723145,202.9907684326172,19523.125,7.244753360748291,330.36151123046875,366.4917297363281,15.689404487609863,55.6973991394043,4.904837608337402,False,0,0,1,113.66586588975088,53.270301517514675,0.6144504154315821,2.0025835037231445,76.95398118324647,2
225,5.095766544342041,273.408447265625,26307.298828125,10.219803810119629,380.2015075683594,513.8775634765625,18.272418975830078,61.42518615722656,4.352193355560303,False,0,1,1,186.74053706929044,51.19370964350566,0.7191145776752402,1.904233455657959,79.52510045662166,1
226,8.594676971435547,263.76458740234375,23220.12109375,6.394463062286377,383.96258544921875,588.8527221679688,13.579996109008789,86.19163513183594,4.754072666168213,False,0,1,1,86.83678350504943,39.43281601692877,0.6869538770471537,1.5946769714355469,64.56028830850937,1
228,7.682872295379639,180.7013702392578,12105.7216796875,5.396716117858887,296.2388916015625,469.83563232421875,15.83176326751709,61.802093505859375,3.77860689163208,False,1,1,1,85.43953199993575,25.765865381550835,0.609985301566391,0.6828722953796387,59.822009789327694,0
229,7.036752223968506,133.8131103515625,18272.505859375,5.91187047958374,311.86789283960945,415.21173095703125,11.50450611114502,92.97576141357422,3.313199043273926,False,1,1,1,68.01315006066898,44.007681992150346,0.42906984974984713,0.03675222396850586,38.11671864078471,0
230,6.419772624969482,208.76025390625,30759.681640625,7.7678632736206055,311.4295792690169,523.6001586914062,20.23252296447754,66.62102508544922,3.095233201980591,False,0,0,1,157.16347206845057,58.74650928058121,0.6703289190638866,0.5802273750305176,62.62437683948565,2
231,4.443238735198975,178.95620727539062,25008.533203125,4.948814392089844,298.5766906738281,429.5447692871094,17.729724884033203,56.347686767578125,3.268324851989746,False,0,1,1,87.74111767389695,58.221016604181216,0.5993642915398313,2.5567612648010254,57.94650045742674,1
232,6.978664398193359,183.2427978515625,23114.4453125,6.50082540512085,323.15576171875,470.0787048339844,16.082847595214844,65.99571990966797,4.766943454742432,False,1,1,1,104.55178423365942,49.171436667167875,0.5670417148371976,0.021335601806640625,76.66602507762946,0
233,6.623613357543945,203.03013610839844,17167.30078125,6.049601078033447,311.7262878417969,410.2432556152344,15.91450023651123,65.02123260498047,2.915165901184082,False,1,1,1,96.27637778716189,41.84663734119864,0.6513089956665078,0.3763866424560547,46.39340842386355,0
235,4.814135551452637,205.2140350341797,17650.404296875,8.12108039855957,350.4879455566406,414.03070068359375,10.99941635131836,47.40266418457031,5.19085168838501,False,0,1,1,89.32714452628716,42.63066537119658,0.5855095362060221,2.1858644485473633,57.09633893849059,1
236,5.7796735763549805,199.58607482910156,24160.353515625,9.458127975463867,319.7252072739138,428.5532531738281,16.022502899169922,64.8727035522461,4.65637731552124,False,0,1,1,151.54288290758996,56.37654895936264,0.6242425359783109,1.2203264236450195,74.60681903756813,1
237,6.937819004058838,177.57814025878906,12626.1982421875,7.38088321685791,337.18292413464246,439.625,9.348252296447754,83.16323852539062,3.7240896224975586,False,1,1,1,68.99835848180464,28.720382629438994,0.5266522324280783,0.06218099594116211,34.81372936569005,0
238,7.4367828369140625,208.09400939941406,28544.6171875,6.500052452087402,339.0238952636719,522.793701171875,17.115276336669922,65.311279296875,3.72766375541687,False,1,1,1,111.25019392032482,54.60015503039782,0.6138033681188402,0.4367828369140625,63.79999526414849,0
239,4.7233123779296875,252.27490234375,22833.19140625,5.922450542449951,378.560302734375,411.2950134277344,16.584571838378906,66.72840118408203,3.9175868034362793,False,0,1,1,98.22130648050734,55.51536149306243,0.6664061177443584,2.2766876220703125,64.97149977467416,1
240,9.380658149719238,265.06121826171875,15156.7900390625,4.271544456481934,333.33447265625,503.1706237792969,11.286410331726074,99.01600646972656,4.034348964691162,False,0,1,1,48.21040348606493,30.12256537374503,0.7951809344960288,2.3806581497192383,45.53331783687872,1
241,7.810144901275635,187.31504821777344,20418.890625,7.214895725250244,325.2288818359375,351.1860656738281,16.800399780273438,68.48548126220703,4.033773899078369,False,1,1,1,121.21313255718997,58.142655881517356,0.575948380059052,0.8101449012756348,67.76901412774896,0
242,9.436636924743652,143.7884063720703,20724.9296875,7.700100421905518,327.90132207874126,469.7613220214844,14.215764999389648,66.0779800415039,4.4111175537109375,False,0,1,1,109.46281806950992,44.117999230328614,0.43851121130591286,2.4366369247436523,62.70741052823723,1
243,9.406325340270996,216.7621612548828,27948.58984375,6.156110763549805,355.4730224609375,347.98309326171875,16.340715408325195,32.10829162597656,3.097277879714966,False,0,0,1,100.59525400929488,80.31594150585319,0.6097851227765602,2.406325340270996,50.61173637292313,2
244,6.321259498596191,207.25770568847656,8532.1396484375,5.9878764152526855,286.4892883300781,491.76531982421875,10.546886444091797,74.5028076171875,4.501457214355469,False,0,1,1,63.15345259292553,17.35002304379106,0.7234396307559162,0.6787405014038086,47.476358072744915,1
247,8.896418571472168,222.25628662109375,8870.9033203125,6.011342525482178,332.00262451171875,425.22686767578125,10.847737312316895,66.62102508544922,3.7009456157684326,False,0,1,1,65.20946461079029,20.86157760429813,0.6694413523945121,1.896418571472168,40.14688584702685,1
248,6.581878185272217,272.9827575683594,37169.4453125,8.114730834960938,416.08346557617193,351.4768371582031,15.129334449768066,79.26102447509766,4.201663017272949,False,1,1,1,122.7704767719697,105.75218983781137,0.6560769160444031,0.4181218147277832,63.56836503354407,0
249,6.755146026611328,231.2601318359375,18536.69921875,8.757133483886719,342.5480041503906,385.1146545410156,13.888833999633789,79.30243682861328,5.162729740142822,False,1,1,1,121.62637327033735,48.1329363919151,0.6751174386036963,0.24485397338867188,71.70429634581615,0
250,9.44512939453125,145.80540466308594,13168.529296875,9.44447135925293,310.5833740234375,592.6589965820312,8.606396675109863,77.57746124267578,3.8751652240753174,True,0,1,1,81.28286690444475,22.21940331725465,0.46945656589662293,2.44512939453125,33.35120909998318,1
251,9.024845123291016,128.09669494628906,19859.67578125,8.016422271728516,300.150390625,451.14349365234375,14.770862579345703,73.77802276611328,3.985250473022461,True,0,1,1,118.4094717537082,44.02075174896202,0.4267750385157908,2.0248451232910156,58.86558708128723,1
252,7.036752223968506,169.974853515625,23403.63671875,8.519729614257812,337.39533827770657,475.57354736328125,12.92410659790039,50.86191177368164,2.7473130226135254,True,1,1,1,110.10989371995674,49.211392852473,0.5037854224053774,0.03675222396850586,35.50656636205713,0
254,7.174135208129883,203.408935546875,20401.1015625,7.6818060874938965,287.085693359375,315.5498962402344,14.533510208129883,74.4056167602539,3.9398956298828125,True,1,1,1,111.64360718946682,64.65253749383488,0.7085303780140535,0.1741352081298828,57.26051335586817,0
255,7.657991409301758,236.9608917236328,14245.7890625,6.289064884185791,373.1653747558593,416.6241760253906,10.464238166809082,85.85276794433594,2.4372963905334473,True,1,1,1,65.8102727946357,34.19338062474422,0.6350023531622149,0.6579914093017578,25.504449913646113,0
256,8.322986602783203,207.25245666503906,28049.646484375,8.827061653137207,297.8130798339844,358.7258605957031,18.709274291992188,60.91141891479492,4.052135944366455,True,1,1,1,165.14791766087,78.19242905878906,0.6959145517875078,1.3229866027832031,75.8125228515928,0
257,5.934278964996338,223.85812377929688,23249.654296875,4.602849960327148,359.75018586263604,277.3845520019531,11.366863250732422,66.62394714355469,5.217895030975342,True,0,1,1,52.31996606267785,83.81740816227533,0.6222599235640507,1.065721035003662,59.311099273772925,1
259,6.101955413818359,215.26809692382812,15976.92578125,8.857159614562988,308.4826965332031,417.84356689453125,13.147279739379883,62.50564193725586,3.5355963706970215,True,0,1,1,116.44755514899771,38.2366201345542,0.6978287555354965,0.8980445861816406,46.483474531089996,1
261,4.81576681137085,217.6870880126953,16392.134765625,7.461170673370361,278.7423095703125,481.4808349609375,15.517295837402344,77.69337463378906,4.375223636627197,True,0,1,1,115.77719263203835,34.04524861910577,0.7809617691957244,2.1842331886291504,67.89163952433955,1
265,7.788054943084717,212.6914520263672,29879.060546875,6.998961448669434,360.66827392578125,359.569091796875,14.828742980957031,83.85633850097656,3.3687572479248047,True,1,1,1,103.78580045594572,83.09685438885607,0.5897148898669701,0.7880549430847168,49.95443539471307,0
266,5.191834449768066,211.09417724609375,14866.103515625,7.238691329956055,323.1092834472656,388.7165832519531,17.780000686645508,83.50540924072266,3.8598010540008545,True,0,1,1,128.70393681703354,38.24406808943682,0.6533212984182949,1.8081655502319336,68.62726539045025,1
267,5.626339435577393,230.8579864501953,14442.4189453125,5.210368633270264,324.4453875360287,346.5531921386719,11.36870288848877,43.19518280029297,1.9433187246322632,True,0,1,1,59.23513293115093,41.674465078535356,0.7115465178650835,1.3736605644226074,22.093013197981122,1
268,6.869638919830322,251.29344177246094,21728.822265625,8.80317497253418,279.77685546875,539.4668579101562,12.994139671325684,56.409706115722656,4.726702690124512,True,1,0,1,114.38968514422777,40.27832647499808,0.898192384260095,0.13036108016967773,61.41943494030875,1
269,9.05862808227539,155.35755920410156,15737.46875,7.251978874206543,343.2339782714844,463.3892517089844,17.854469299316406,83.17518615722656,3.652134418487549,True,0,1,1,129.48023416881188,33.961661082984534,0.45262872730097603,2.0586280822753906,65.20692185186272,1
271,7.275908946990967,175.2203826904297,22644.765625,7.886854648590088,293.3098449707031,373.345703125,17.41168212890625,56.799285888671875,5.062297821044922,True,1,1,1,137.32340613813722,60.65361238874279,0.5973900470696485,0.2759089469909668,88.14312050188892,0
273,7.207886695861816,175.87030029296875,35804.29296875,8.066059112548828,320.1021728515625,468.5628356933594,16.164091110229492,71.14665985107422,3.7627410888671875,True,1,1,1,130.3805143957361,76.41300198159192,0.5494192625337283,0.2078866958618164,60.821289784653345,0
274,7.036752223968506,156.5206298828125,16146.1572265625,6.629599094390869,352.3534240722656,629.28125,13.507688522338867,42.340171813964844,3.772919178009033,True,1,1,1,89.55055959501169,25.658093580421166,0.444214867077597,0.03675222396850586,50.96341707650481,0
276,7.082300662994385,169.46893310546875,29846.71875,5.443387031555176,350.40185546875,353.0303955078125,18.95953369140625,30.389095306396484,3.485577344894409,True,1,1,1,103.20407982013421,84.54433115461065,0.483641653081774,0.08230066299438477,66.0849211045279,0
277,5.334183692932129,224.78793334960938,28897.4921875,6.048524379730225,322.801327408511,360.1791687011719,12.247344017028809,67.15475463867188,5.091357231140137,True,0,1,1,74.07835887394185,80.23088123467896,0.6963661966878157,1.665816307067871,62.355603523360514,1
279,6.286807060241699,258.300048828125,13777.3759765625,7.48325777053833,328.6806640625,563.4347534179688,16.46083641052246,73.51665496826172,4.104863166809082,True,0,1,1,123.18068197860248,24.45247807049923,0.7858693141533232,0.7131929397583008,67.56948107642347,1
280,9.79455852508545,129.87095642089844,20682.732421875,9.39084243774414,291.9800720214844,427.12396240234375,11.853227615356445,78.71147155761719,2.9454188346862793,True,0,1,1,111.31179291453009,48.423254591295795,0.4447939034912918,2.794558525085449,34.912719870094406,1
282,6.9417195320129395,173.3343963623047,20111.8203125,6.6971940994262695,333.70513872742265,374.4853210449219,19.93748664855957,66.62102508544922,4.563183307647705,True,1,1,1,133.52521794012318,53.70522989439746,0.5194238138012733,0.05828046798706055,90.97840627115602,0
286,5.671773910522461,216.04281616210938,15949.1533203125,7.50057315826416,316.8728962252896,372.5352478027344,17.895723342895508,77.4578857421875,3.8331596851348877,True,0,1,1,134.2281821534434,42.81246773713466,0.6817964491564191,1.328226089477539,68.5971652543144,1
288,6.552847385406494,198.80694580078125,34006.421875,8.691205978393555,274.90435791015625,477.1639099121094,14.369629859924316,78.17306518554688,4.687986373901367,True,1,1,1,124.88941294587676,71.26779938154998,0.7231858621265259,0.44715261459350586,67.3646289813314,0
289,7.6285529136657715,156.793701171875,26244.037109375,8.337610244750977,255.04319763183594,495.96697998046875,13.633974075317383,65.60484313964844,4.1820573806762695,True,1,1,1,113.67476192703543,52.91488771589916,0.6147731129980548,0.6285529136657715,57.01806190962998,0
290,4.7908406257629395,268.72088623046875,17862.369140625,4.5545735359191895,377.2411499023437,608.8468627929688,10.806313514709473,83.70223236083984,3.2588589191436768,True,0,1,1,49.21814955494165,29.338032603710495,0.7123318481764267,2.2091593742370605,35.21625118047382,1
291,7.7109599113464355,181.93812561035156,6552.62646484375,5.389248847961426,390.5964050292969,516.2840576171875,17.010784149169922,58.24173355102539,4.288946628570557,True,1,1,1,91.67534887883448,12.691901590752716,0.46579569807077337,0.7109599113464355,72.9583453259238,0
292,8.291298866271973,211.217041015625,20008.134765625,8.767874717712402,275.767333984375,475.90911865234375,12.614668846130371,66.61298370361328,3.4247019290924072,True,1,1,1,110.60383604830076,42.04192342487813,0.765924800439445,1.2912988662719727,43.20148073220457,0
293,6.193170070648193,225.6834259033203,12883.7265625,4.739360332489014,333.5248971008088,389.4059753417969,14.560135841369629,76.45781707763672,3.4666452407836914,True,0,1,1,69.00573024223877,33.0855902200932,0.676661404256263,0.8068299293518066,50.47482561964807,1
294,9.032660484313965,121.44144439697266,15618.169921875,6.1574907302856445,372.92745971679693,390.6572265625,15.030315399169922,63.12561798095703,4.927218437194824,True,0,1,1,92.54902774365837,39.97921661228269,0.32564360952007215,2.032660484313965,74.05764715164332,1
295,6.139493942260742,236.6740264892578,8081.46630859375,6.250808238983154,318.43745411797573,416.23883056640625,12.777013778686523,106.03722381591797,3.260906934738159,True,0,0,1,79.866662997415,19.415455012165154,0.7432355166937697,0.8605060577392578,41.664652836163896,2
296,7.129424571990967,178.37234497070312,25840.578125,7.487823486328125,312.98272705078125,323.2989196777344,16.406156539916992,69.15760803222656,3.4186108112335205,True,1,1,1,122.84640425996622,79.92782057802782,0.5699111451982818,0.1294245719909668,56.08626411814976,0
297,7.036752223968506,191.28521728515625,21948.326171875,5.626787185668945,355.48876953125,509.4068298339844,16.691471099853516,84.10773468017578,4.10959005355835,True,1,1,1,93.9193556946193,43.08604605074084,0.538090744749252,0.03675222396850586,68.59510361121465,0
298,5.418503761291504,187.7768096923828,35902.71484375,4.357088088989258,348.8843550104501,454.5202941894531,6.374070167541504,103.37300872802734,4.506539821624756,True,0,1,1,27.77238520537685,78.9903448179031,0.5382207784827083,1.581496238708496,28.725001035856167,1
299,8.075494766235352,195.80499267578125,29483.6015625,10.493841171264648,298.7372131347656,321.74835205078125,9.751086235046387,72.73442077636719,3.68291974067688,True,1,1,1,102.32635019788177,91.63559434862633,0.6554422529609926,1.0754947662353516,35.91246798809493,0
300,7.036752223968506,225.28770446777344,22511.693359375,7.057578086853027,377.12896728515625,291.35369873046875,11.590024948120117,72.5085220336914,4.081701278686523,True,1,1,1,81.79750609993243,77.26585720449256,0.5973757611147708,0.03675222396850586,47.30701965075059,0
301,10.049674034118652,132.8328399658203,11557.0322265625,8.550572395324707,323.5080871582031,442.7680358886719,13.376148223876953,92.1761703491211,5.133477687835693,True,0,1,1,114.37372375885388,26.10177624332075,0.41060129507754967,3.0496740341186523,68.66615845645538,1
302,5.6676506996154785,229.92835998535156,16953.8984375,8.774306297302246,293.5742492675781,554.1205444335938,14.254640579223633,54.436702728271484,3.633213758468628,True,0,1,1,125.07458260006206,30.596047335212493,0.7832034307361203,1.3323493003845215,51.790156274460514,1
303,7.036752223968506,181.6891632080078,27776.1796875,7.589868545532227,298.2267150878906,417.6311950683594,8.630090713500977,72.92328643798828,3.807919979095459,True,1,1,1,65.50125405149083,66.50887182037401,0.6092316798152385,0.03675222396850586,32.86269484934655,0
305,6.428866386413574,225.61309814453125,15596.4736328125,6.153472423553467,357.6794591404268,466.0444030761719,18.015384674072266,87.16362762451172,4.184783458709717,True,0,1,1,110.85717279161145,33.46563867391348,0.6307689517758565,0.5711336135864258,75.39048378635016,1
306,6.960603713989258,201.7154541015625,11348.67578125,4.297889709472656,349.80411929302477,468.5914001464844,10.490588188171387,89.68619537353516,4.978820323944092,True,1,1,1,45.0873910202572,24.218702591391214,0.5766525961231932,0.03939628601074219,52.23075368139553,0
307,5.87367582321167,203.32992553710938,19216.68359375,9.21277904510498,314.33204768730656,420.2912292480469,11.119274139404297,65.22955322265625,5.41209077835083,True,0,1,1,102.43941578828162,45.72230446590267,0.6468634884232862,1.12632417678833,60.17852103182486,1
308,6.795468807220459,187.78302001953125,15300.8388671875,7.486598491668701,316.9569396972657,498.6659240722656,19.60042953491211,55.4011116027832,5.163088321685791,True,1,1,1,146.74054619213166,30.683546033288987,0.5924559329933967,0.20453119277954102,101.19874883172997,0
311,7.296037673950195,235.73519897460938,36043.70703125,5.1962127685546875,377.190673828125,385.61431884765625,17.05271339416504,89.62355041503906,4.1685261726379395,True,1,1,0,88.60952707726392,93.47087277643035,0.6249762115196171,0.2960376739501953,71.08468209807052,1
312,7.036752223968506,161.82647705078125,29299.123046875,7.028796672821045,350.4309387207031,375.7807312011719,19.762577056884766,86.69845581054688,3.497577428817749,True,1,0,1,138.90713586380116,77.96866772612998,0.46179277771465765,0.03675222396850586,69.12114344943166,1
313,5.862641334533691,185.06521606445312,44069.2734375,4.382721424102783,412.69012451171875,331.57012939453125,15.306078910827637,59.605812072753906,5.507421016693115,True,0,1,1,67.08227996149208,132.91086680534977,0.44843625913021273,1.1373586654663086,84.29702067665539,1
314,7.292141914367676,174.4804229736328,33991.65234375,9.511792182922363,259.16497802734375,435.1080322265625,16.29361343383789,81.69010162353516,4.466912746429443,True,1,1,1,154.98146489153805,78.12232767040274,0.6732407427441186,0.2921419143676758,72.78214953300449,0
315,8.06280517578125,200.4931182861328,11567.8876953125,9.889949798583984,335.65325973702784,510.4143981933594,10.650935173034668,40.9928092956543,4.471841812133789,True,1,1,1,105.33721416928529,22.66371739040665,0.5973221229726468,1.06280517578125,47.62929724510286,0
316,7.8219709396362305,157.18154907226562,23318.1875,9.084039688110352,324.8516540527344,294.63653564453125,17.186765670776367,72.56837463378906,3.5329582691192627,True,1,1,1,156.12526146358505,79.14221286185082,0.48385638991665214,0.8219709396362305,60.72012589598444,0
318,6.593764305114746,233.51412963867188,25589.611328125,9.785696029663086,380.3185732861645,489.70343017578125,14.389609336853027,46.46398162841797,2.3465781211853027,True,1,1,1,140.81234295604554,52.25532373069997,0.6139961217433676,0.4062356948852539,33.76634244226307,0
319,9.161088943481445,119.84190368652344,26618.060546875,6.1055731773376465,343.28924560546875,379.7251892089844,10.89992618560791,54.58073425292969,4.888061046600342,True,0,1,1,66.5502969538079,70.0982216434616,0.3490989154817712,2.1610889434814453,53.27950459868907,1
320,7.036752223968506,144.8152618408203,14507.017578125,5.819091796875,353.6072692871094,290.88946533203125,8.942071914672852,67.58734893798828,5.922581672668457,True,1,1,1,52.034737325739115,49.87123721271568,0.4095370033631899,0.03675222396850586,52.96015123752477,0
322,7.7984538078308105,188.3949432373047,32704.568359375,11.078872680664062,258.1911926269531,507.1786804199219,18.27243995666504,85.17766571044922,4.107267379760742,True,1,0,1,202.43803584497073,64.48332620727219,0.7296722269679989,0.7984538078308105,75.0497965826471,1
323,5.564342498779297,256.2088317871094,11245.7353515625,7.212254047393799,329.33837890625,369.5555114746094,15.640053749084473,51.15034484863281,2.2859878540039062,True,0,1,1,112.80004095329105,30.430435947928522,0.7779501188414244,1.4356575012207031,35.75297290637536,1
325,7.4431891441345215,193.1248016357422,13551.953125,4.313264846801758,330.5345293873677,430.4873046875,19.396329879760742,72.0755844116211,2.664832830429077,True,1,1,1,83.66150782734258,31.48049418868963,0.5842802608532637,0.4431891441345215,51.6879766534189,0
327,9.59719181060791,167.08897399902344,21153.322265625,7.944469451904297,346.07501220703125,335.1976013183594,14.347676277160645,50.64244842529297,5.145153045654297,True,0,1,1,113.98467588971471,63.10702140862657,0.4828114357365245,2.59719181060791,73.820990295495,1
328,6.964225769042969,212.76449584960938,29957.19140625,7.675187587738037,321.2508850097656,378.0855407714844,13.127694129943848,72.08900451660156,3.9904375076293945,True,1,1,1,100.75751504176651,79.23389840798563,0.6623001059774247,0.03577423095703125,52.38524304481416,0
329,7.672909736633301,152.87831115722656,22989.3515625,6.231913089752197,343.43902587890625,401.140869140625,14.252683639526367,64.29129028320312,4.268227577209473,True,1,1,1,88.82148573726136,57.30992096228139,0.4451396003143527,0.6729097366333008,60.833697359468715,0
331,7.036752223968506,163.22447204589844,18570.28515625,8.109345436096191,296.19024658203125,463.7417297363281,16.900148391723633,61.349830627441406,4.135745525360107,True,1,1,1,137.04914122977243,40.044455621373864,0.551079832568399,0.03675222396850586,69.89471308899283,0
332,5.382489204406738,240.01821899414062,18189.39453125,5.551990509033203,397.7000732421875,551.4761962890625,12.818729400634766,79.77991485595703,4.173330307006836,True,0,1,0,71.1694639701891,32.983099942781074,0.6035156504596896,1.6175107955932617,53.49679190498864,2
334,7.036752223968506,250.7053985595703,27355.93359375,6.4820380210876465,377.3580627441406,559.81787109375,13.653960227966309,77.91771697998047,2.9691359996795654,True,1,1,1,88.50548933609616,48.865773955085224,0.6643700576372356,0.03675222396850586,40.54046485104777,0
336,5.58383321762085,261.23382568359375,35278.68359375,6.594616889953613,332.5552839790105,278.6390380859375,13.565387725830078,83.27489471435547,3.87015700340271,True,0,1,1,89.45853501552847,126.61069931004677,0.7855350297622897,1.4161667823791504,52.50018031099444,1
337,7.9529290199279785,221.36985778808594,18621.42578125,6.87941837310791,314.95073898958606,309.2546081542969,19.05698585510254,72.6893539428711,5.260014533996582,True,1,1,1,131.10097862764997,60.2138989364559,0.7028713690128354,0.9529290199279785,100.24002257200664,0
338,5.500186443328857,254.67269897460938,21082.8515625,8.369354248046875,347.8165283203125,469.7953796386719,13.496404647827148,60.045867919921875,4.178478717803955,True,0,1,1,112.95619157265173,44.876668505847235,0.7322041292065083,1.4998135566711426,56.39443958781612,1
339,7.543700695037842,161.62313842773438,19116.01171875,8.493406295776367,289.9599609375,440.283447265625,13.336770057678223,80.24324035644531,3.6305365562438965,True,1,1,1,113.27460677320596,43.41751159179898,0.557398122650367,0.5437006950378418,48.41963123661981,0
340,6.848331451416016,159.18804931640625,12837.505859375,5.164448261260986,373.99169921875,558.8155517578125,12.254080772399902,69.77220916748047,4.396604537963867,True,1,0,1,63.28556613837236,22.972706818950513,0.4256459414027001,0.15166854858398438,53.87634713250918,1
341,7.036752223968506,181.21051025390625,30280.7890625,10.382546424865723,256.63006591796875,487.99725341796875,11.346302032470703,68.84386444091797,3.779554605484009,True,1,0,1,117.80350760267538,62.05114637092724,0.706115664583565,0.03675222396850586,42.883968102037215,1
343,8.71682071685791,153.98004150390625,11734.44921875,7.1236114501953125,340.0499161493626,447.028076171875,12.736043930053711,39.927520751953125,3.2051286697387695,True,0,1,1,90.72662837032112,26.249915425867748,0.4528159947654758,1.7168207168579102,40.82065953926758,1
344,6.0168890953063965,221.14730834960938,16656.0625,5.201687812805176,318.1533067365415,383.207763671875,22.51786994934082,81.62623596191406,4.422269344329834,True,0,1,1,117.13092968581805,43.46483562059839,0.695096681291582,0.9831109046936035,99.5800859765759,1
348,8.529669761657715,157.7004852294922,18203.73046875,8.926826477050781,309.5419921875,498.65081787109375,12.287824630737305,52.02873992919922,3.77604079246521,True,0,1,1,109.69127825902251,36.505967261744026,0.5094639457657291,1.5296697616577148,46.39932705632282,1
349,8.065339088439941,174.12059020996094,21366.283203125,7.490943908691406,315.180419921875,497.01922607421875,11.41701889038086,46.213199615478516,3.756391763687134,True,1,1,1,85.52424811231322,42.988846385080436,0.552447356027616,1.0653390884399414,42.88679572568708,0
352,9.49545669555664,185.87860107421875,18088.35546875,7.527375221252441,388.7686462402344,409.45098876953125,12.397703170776367,63.3591423034668,4.168541431427002,True,0,1,1,93.32216364814485,44.17709547834147,0.4781213773119867,2.4954566955566406,51.6803393219152,1
353,8.05289363861084,198.99447631835938,9025.0791015625,7.217787742614746,338.39691162109375,328.43310546875,9.142523765563965,42.75321578979492,3.6348445415496826,True,1,0,1,65.9887959716516,27.47920025054242,0.5880505078401096,1.0528936386108398,33.23165260524843,1
355,6.425873756408691,188.98028564453125,11965.396484375,7.571122646331787,365.45364379882807,502.9910888671875,13.866487503051758,96.818115234375,3.731936454772949,True,0,1,1,104.98487755943188,23.788485970068393,0.5171115087621019,0.5741262435913086,51.74885021229238,1
358,5.117390155792236,225.65740966796875,30914.111328125,6.207729339599609,371.6493835449219,356.8622741699219,8.073420524597168,77.38813781738281,3.9371883869171143,True,0,1,1,50.11760946146751,86.6275688944848,0.6071782143384478,1.8826098442077637,31.786577532142246,1
359,7.4815354347229,218.26116943359375,12088.416015625,4.870660305023193,407.2965393066406,518.3755493164062,17.120962142944336,56.71102523803711,4.262065410614014,True,1,1,1,83.3903906934438,23.31980358303255,0.5358777888691906,0.4815354347229004,72.97066054587503,0
360,5.374222755432129,201.33143615722656,19410.234375,3.2395803928375244,384.5628356933594,350.17803955078125,13.451088905334473,66.62102508544922,3.6427783966064453,True,0,1,1,43.57588388003592,55.42961615888423,0.5235332615298007,1.625777244567871,48.999336075185056,1
361,7.0636467933654785,140.6128692626953,17941.810546875,6.275304794311523,376.046142578125,402.5935974121094,12.439739227294922,29.468427658081055,3.3958661556243896,True,1,1,1,78.06315521302895,44.565563430815196,0.37392450810623046,0.06364679336547852,42.24368942676392,0
362,6.876451015472412,190.84451293945312,21979.03125,5.630557537078857,363.8316955566406,349.18609619140625,9.551732063293457,68.41085052490234,4.5453410148620605,True,1,1,1,53.78157696113476,62.943603501923505,0.524540645429288,0.12354898452758789,43.415879510260766,0
363,4.81243371963501,250.1839599609375,11465.5751953125,4.362641334533691,398.1618957519531,607.0265502929688,18.210031509399414,62.51146697998047,3.020995855331421,True,0,1,1,79.44383616606683,18.88809504442727,0.6283473180177185,2.1875662803649902,55.01242971535021,1
364,4.993530750274658,242.62049865722656,13900.779296875,6.46774435043335,278.09570378646106,429.82781982421875,17.274662017822266,61.24578857421875,3.1538093090057373,True,0,1,1,111.72809767141553,32.34034332682208,0.872435260528477,2.006469249725342,54.480989881735695,1
367,6.50587272644043,240.2879180908203,29534.689453125,6.775277137756348,341.72824096679693,265.2511901855469,13.570222854614258,93.16646575927734,4.497528553009033,True,1,1,1,91.94202066112666,111.34611430440317,0.7031549886186089,0.4941272735595703,61.032464759323375,0
368,6.779774188995361,153.8863067626953,24415.0703125,7.322671890258789,327.9289300472911,459.8765563964844,14.7822904586792,93.91470336914062,2.729104518890381,True,1,1,1,108.24586281541087,53.09048682699095,0.46926724723932073,0.22022581100463867,40.34241569033156,0
369,6.952511787414551,211.69729614257812,33737.2890625,6.300870895385742,298.5732721103592,395.4070129394531,14.182395935058594,39.80290603637695,4.105495452880859,True,1,1,1,89.36144577404775,85.32294034537799,0.7090296259180914,0.04748821258544922,58.22576202233904,0
370,5.628407001495361,226.83004760742188,28334.4921875,8.012496948242188,293.9242858886719,351.1612243652344,15.019240379333496,35.17866134643555,5.05068302154541,True,0,1,1,120.34161770432547,80.68798643138909,0.7717295158168984,1.3715929985046387,75.85742238040893,1
371,5.966000556945801,194.7962188720703,17350.05859375,4.466577053070068,404.6099853515625,406.8063049316406,11.539986610412598,48.17335891723633,4.1771392822265625,True,0,1,1,51.54423938680475,42.6494337495975,0.48144194518919603,1.0339994430541992,48.20413138672302,1
372,6.319431781768799,180.9656219482422,36278.71875,9.960552215576172,275.59173583984375,307.6913757324219,18.196931838989258,93.59424591064453,2.6531267166137695,True,0,1,1,181.25148974553304,117.90619267679094,0.6566438603106878,0.6805682182312012,48.27876602242213,1
373,8.027247428894043,193.3524169921875,7714.7470703125,6.08723783493042,334.48143747064,440.93896484375,22.50467872619629,62.007041931152344,3.4806408882141113,True,1,1,1,136.99133180505578,17.496178990555073,0.578066208625085,1.027247428894043,78.33070495052107,0
375,5.991283416748047,224.6085662841797,29983.115234375,7.383818626403809,329.7315368652344,604.6312866210938,17.741228103637695,65.11697387695312,4.840562343597412,True,0,1,1,130.99801052691873,49.58908982752579,0.6811861787269502,1.0087165832519531,85.87752068764075,1
380,6.887414455413818,223.60305786132812,29189.13671875,10.514466285705566,253.83055114746094,386.62286376953125,11.312294006347656,67.91618347167969,4.564188480377197,True,1,1,1,118.94273394373158,75.49769912379564,0.8809146730746094,0.11258554458618164,51.631441990411986,0
381,6.5129008293151855,169.2174835205078,25151.412109375,4.613310813903809,375.6123046875,296.0743713378906,15.088699340820312,74.075927734375,4.404040336608887,True,1,1,1,69.60885983674962,84.94964258734056,0.4505110214927104,0.48709917068481445,66.45124052393658,0
384,9.739562034606934,166.94886779785156,13623.16015625,7.235921859741211,385.05914306640625,369.5912780761719,12.322604179382324,68.50585174560547,2.568079948425293,True,0,1,1,89.16540095053097,36.860069291413936,0.4335668179043685,2.7395620346069336,31.64543270545346,1
386,7.036752223968506,193.50341796875,42268.3359375,9.005942344665527,258.3926696777344,384.68487548828125,9.085278511047363,75.43963623046875,3.6017355918884277,True,1,1,1,81.82149445572122,109.87782083704461,0.7488734779559061,0.03675222396850586,32.72277097545839,0
387,7.036752223968506,143.30020141601562,16263.1669921875,6.229736328125,351.3473507639403,503.6640930175781,19.58549690246582,66.62102508544922,3.451740026473999,True,1,1,1,122.01248155767098,32.28970892576652,0.4078590622544231,0.03675222396850586,67.6040435966238,0
388,6.4489312171936035,240.24476623535156,13979.166015625,9.077984809875488,314.5904846191406,473.7513122558594,17.416902542114258,84.02478790283203,3.6221954822540283,True,0,1,1,158.110376712395,29.507392643522355,0.7636746094292381,0.5510687828063965,63.087425702904966,1
389,5.477912425994873,211.3988494873047,27361.658203125,5.8104567527771,340.62380981445307,358.04412841796875,16.629384994506836,66.62102508544922,3.7742562294006348,True,0,1,1,96.62432233586242,76.41979285515366,0.6206226422687148,1.522087574005127,62.763559906618866,1
390,8.544708251953125,181.4134063720703,31429.37890625,7.55502986907959,350.3970947265625,393.8896179199219,10.247232437133789,82.72190856933594,2.31815242767334,True,0,0,1,77.41814713794702,79.79235145224689,0.5177366153560785,1.544708251953125,23.754646751074688,2
391,7.378596782684326,175.98245239257812,9460.322265625,5.941011905670166,316.3410041334945,402.01995849609375,15.63945484161377,37.38945007324219,3.215219497680664,True,1,1,1,92.91418741221833,23.531971590373043,0.5563061681438178,0.37859678268432617,50.284280139852854,0
392,6.664002895355225,199.58871459960938,15902.9453125,5.257789134979248,346.5845642089843,347.35333251953125,15.989418983459473,61.15657424926758,2.2277278900146484,True,1,1,1,84.06899340586415,45.78319474111452,0.5758730613963173,0.3359971046447754,35.620074614582336,0
393,6.775582790374756,218.41493225097656,17968.8828125,8.254115104675293,328.69303724240456,358.7176818847656,10.520161628723145,57.244110107421875,4.333636283874512,True,1,1,1,86.83462500326914,50.09199063730661,0.6644951576062889,0.22441720962524414,45.590554146459,0
394,8.736371040344238,194.6776885986328,24283.658203125,8.855544090270996,329.00421142578125,333.623779296875,16.516231536865234,67.25047302246094,3.8021161556243896,True,0,1,1,146.26021657983438,72.78755183912908,0.5917179210662823,1.7363710403442383,62.79663075634835,1
395,7.146976470947266,196.56268310546875,16911.203125,6.890505313873291,320.1008605957032,520.111328125,12.854238510131836,66.81417846679688,4.02576208114624,True,1,1,1,88.57219875985811,32.514583278642014,0.6140648360819885,0.14697647094726562,51.748105976098486,0
396,7.036752223968506,242.90943908691406,9654.7333984375,6.2539801597595215,359.66583251953125,588.5667114257812,15.197014808654785,62.82284927368164,5.652222156524658,True,1,0,1,95.04182910089867,16.403804691307563,0.6753753524762399,0.03675222396850586,85.89690381451192,1
397,5.040331840515137,232.23448181152344,25653.689453125,5.929307460784912,328.32958984375,529.0525512695312,13.539409637451172,38.346736907958984,3.603325605392456,True,0,0,1,80.27932257796238,48.48986994406458,0.7073212049353248,1.9596681594848633,48.7869014285252,2
399,7.745499134063721,168.35562133789062,14336.6279296875,5.264309883117676,311.7989602059196,421.4853210449219,7.496410369873047,67.62476348876953,4.0433349609375,True,1,1,1,39.46342719802851,34.01453663945029,0.5399492695124936,0.7454991340637207,30.310498130042106,0
400,6.2596516609191895,208.37942504882812,37356.74609375,8.565486907958984,256.4738464355469,380.2402038574219,5.567692756652832,68.44186401367188,4.213405132293701,True,0,1,1,47.6899994146479,98.24512404667362,0.812478259020912,0.7403483390808105,23.458945235915508,1
402,5.767349720001221,272.47216796875,15417.9326171875,7.728859901428223,315.4049072265625,424.4611511230469,15.28426742553711,60.82213592529297,3.896090507507324,True,0,1,1,118.12996162793934,36.323542307867086,0.8638805575372565,1.2326502799987793,59.54888923083854,1
403,7.088940620422363,206.36412048339844,13839.7138671875,8.088241577148438,321.296142578125,369.9693298339844,14.896092414855957,66.6746597290039,5.661104202270508,True,1,1,1,120.48319400688342,37.407732786904354,0.6422863286973123,0.08894062042236328,84.3283313671509,0
404,8.029181480407715,158.0404052734375,19663.46875,8.433448791503906,283.2705078125,431.3047180175781,20.696197509765625,59.97292709350586,4.388551235198975,True,1,0,0,174.54032187745906,45.590664518554924,0.5579133738134606,1.0291814804077148,90.82632314540388,2
406,4.725785732269287,249.67100524902344,20834.294921875,5.036010265350342,378.99868774414057,411.1144714355469,17.769641876220703,78.81743621826172,3.1563315391540527,True,0,1,1,89.48809890024677,50.67760032491031,0.6587648260112442,2.274214267730713,56.086881093388,1
407,8.195765495300293,214.51760864257812,10389.54296875,6.29540491104126,327.1939086914062,403.1899108886719,15.067041397094727,72.7568130493164,3.2187092304229736,True,1,1,1,94.8531264061321,25.768360423707087,0.6556283668143487,1.195765495300293,48.49642521999385,0
409,7.0390944480896,179.6452178955078,28827.359375,4.945555210113525,389.8892822265625,593.396240234375,12.079207420349121,58.36350631713867,4.366031169891357,True,1,1,1,59.73838719174955,48.58028644575454,0.4607595684827197,0.03909444808959961,52.73819610482724,0
410,7.036752223968506,185.75572204589844,27345.173828125,8.932764053344727,339.72123609730875,313.8787841796875,13.420125961303711,56.974849700927734,4.407566070556641,False,1,1,1,119.87881877849213,87.12017224251264,0.5467886660046841,0.03675222396850586,59.15009184963856,0
411,7.036752223968506,185.8468017578125,14971.94921875,6.666342735290527,346.4861755371094,418.4535827636719,18.684215545654297,67.71246337890625,5.110414028167725,False,1,1,1,124.55538456737486,35.77923525971196,0.5363758047008491,0.03675222396850586,95.4840772298212,0
412,6.945224285125732,220.9600372314453,36438.3125,5.551660537719727,337.9638977050781,367.99798583984375,20.160734176635742,53.00772476196289,4.823081970214844,False,1,1,1,111.92555233988605,99.01769521325753,0.6537977520026912,0.05477571487426758,97.23687351362605,0
413,5.742110252380371,188.2165985107422,26831.611328125,6.202721118927002,318.3766784667968,498.14239501953125,9.657360076904297,53.508522033691406,3.3230695724487305,False,0,0,1,59.90191130209678,53.86333615152279,0.5911758324320708,1.257889747619629,32.0920794217418,2
414,5.596627712249756,177.2137908935547,17925.3515625,8.435470581054688,303.7341613769531,552.3087158203125,10.339985847473145,57.82061004638672,5.235111236572266,False,0,1,1,87.22264642488153,32.45531170628222,0.5834503090028486,1.4033722877502441,54.13097609610486,1
415,7.35037899017334,193.63336181640625,26736.0859375,10.41658878326416,309.4168701171875,557.4956665039062,16.51972198486328,61.0773811340332,3.663922071456909,False,1,1,1,172.0791507301692,47.95747751225827,0.6258009174395348,0.35037899017333984,60.52697399467252,0
416,6.26279878616333,206.88975524902344,31414.525390625,4.528076171875,349.7346496582031,567.0272827148438,15.963540077209473,73.0226058959961,4.01251745223999,False,0,1,1,72.28412544238381,55.40214076616332,0.5915620738741656,0.7372012138366699,64.05398315933553,1
417,9.927023887634277,208.49073791503906,19666.9921875,8.008618354797363,340.2378234863281,482.8424377441406,11.360426902770996,85.82910919189453,4.051733493804932,False,0,1,1,90.98132341186556,40.73169756712621,0.6127794234218568,2.9270238876342773,46.029422185879866,1
418,5.381407737731934,175.57431030273438,15372.0,7.457245349884033,312.35494995117193,308.72979736328125,12.178940773010254,66.62102508544922,4.364067077636719,False,0,1,1,90.82134944604377,49.791112103509434,0.5620986949881277,1.6185922622680664,53.14971446798154,1
419,4.961352825164795,166.2599639892578,22229.23046875,9.922078132629395,295.1318359375,449.1471862792969,12.001547813415527,63.427978515625,3.9028377532958984,False,0,1,1,119.08029511719633,49.49208432853219,0.563341338279498,2.038647174835205,46.84009390418396,1
421,6.539369583129883,214.6385955810547,21230.431640625,6.485594272613525,336.974853515625,532.5728149414062,18.263687133789062,90.9080810546875,4.527364253997803,False,1,0,1,118.45086467170768,39.863904061826496,0.6369573061752067,0.4606304168701172,82.68636427571619,1
422,6.252409934997559,225.7841033935547,23920.25390625,7.018165111541748,303.79168701171875,484.5857849121094,13.43350601196289,67.40138244628906,2.7229082584381104,False,0,1,1,94.27856321884428,49.36226897622721,0.7432201482248754,0.7475900650024414,36.57820445975176,1
423,7.967344760894775,180.53170776367188,19384.037109375,9.868237495422363,325.4968566894531,386.0553283691406,11.265127182006836,67.27220916748047,4.069358825683594,False,1,1,1,111.16695044818152,50.21051552649403,0.5546342568256429,0.9673447608947754,45.84184472054767,0
424,7.036752223968506,212.731689453125,37030.70703125,5.040319442749023,351.064453125,535.3023681640625,15.895048141479492,33.37071228027344,4.82579231262207,False,1,1,1,80.11612019093081,69.1771775437456,0.6059619165470389,0.03675222396850586,76.70620112990946,0
425,7.609521389007568,223.28839111328125,40879.7890625,7.030699253082275,310.6324462890625,370.2708740234375,14.375368118286133,73.7569580078125,3.1458427906036377,False,1,1,1,101.06888989201707,110.40508940896953,0.7188186329598006,0.6095213890075684,45.22264815718381,0
426,6.887864112854004,173.3250274658203,19947.923828125,7.48870325088501,334.0980224609375,441.00262451171875,10.780501365661621,89.0054931640625,5.4544878005981445,False,1,1,1,80.73197562320047,45.233118068125705,0.5187849532012732,0.1121358871459961,58.80211318333295,0
427,9.879071235656738,208.9056396484375,14673.6708984375,6.24024772644043,366.81762695312506,442.3374938964844,19.626022338867188,66.81658172607422,4.2188310623168945,False,0,1,1,122.47124127918505,33.173020753918735,0.569508179893506,2.8790712356567383,82.79887267293816,1
428,7.6387619972229,178.27163696289062,18308.501953125,6.548097610473633,362.3328857421875,394.1809997558594,11.291788101196289,81.9891586303711,4.496626377105713,False,1,1,1,73.93973068341802,46.446941679121124,0.492010644039985,0.6387619972229004,50.774952220527666,0
429,6.9618916511535645,223.59584045410156,31101.68359375,3.6920652389526367,343.8272705078125,530.221435546875,13.675479888916016,70.4349594116211,3.446728467941284,False,1,1,1,50.49076392386269,58.65791431652238,0.6503144426954538,0.03810834884643555,47.13566584588534,0
430,8.060609817504883,208.04270935058594,15489.3251953125,5.620298862457275,361.9704284667969,423.42083740234375,15.371549606323242,75.44558715820312,3.600905656814575,False,1,1,1,86.3927027666241,36.581395601021896,0.5747505663847866,1.0606098175048828,55.35149993141522,0
431,7.24027156829834,213.4231414794922,23432.962890625,5.927867889404297,328.35919189453125,325.3876953125,14.033553123474121,60.571083068847656,3.832597255706787,False,1,0,1,83.18904893489162,72.01551612486341,0.6499685286656298,0.24027156829833984,53.78495718884233,1
432,7.486779689788818,199.6777801513672,25396.01171875,4.9605584144592285,342.4535522460937,444.6785888671875,16.115432739257812,43.14201736450195,5.048833847045898,False,1,1,1,79.94154547737708,57.110938771158395,0.5830798899840146,0.48677968978881836,81.36414227375644,0
433,8.410460472106934,234.87652587890625,27554.345703125,5.681715965270996,362.48956298828125,519.0316162109375,14.482213020324707,55.62849807739258,2.9773600101470947,False,1,1,1,82.28382093003438,53.087990768637034,0.6479538977472451,1.4104604721069336,43.11876190514636,0
435,6.096179962158203,174.8716278076172,16314.2333984375,8.063020706176758,308.5639225579546,435.7837829589844,10.658878326416016,62.083587646484375,5.1424713134765625,False,0,1,1,85.942756650511,37.43653159882834,0.5667273924677482,0.9038200378417969,54.81297602743143,1
436,6.384823799133301,243.68807983398438,39960.30078125,6.697657108306885,297.185546875,437.7279052734375,15.967490196228027,54.93031692504883,4.144998550415039,False,0,1,1,106.94477421458714,91.29027463989883,0.8199863067920202,0.6151762008666992,66.18522371713152,1
438,7.868146896362305,199.03598022460938,20434.10546875,6.210993766784668,337.91607666015625,549.4149780273438,16.50157928466797,66.62102508544922,4.315898418426514,False,1,1,1,102.49120607917575,37.19247972620895,0.5890100926916557,0.8681468963623047,71.21913993623821,0
439,5.873157024383545,153.6733856201172,21910.763671875,9.752878189086914,319.35675048828125,352.4560546875,14.154109954833984,65.23462677001953,5.120887756347656,False,0,1,1,138.04331026443833,62.16594471369179,0.4811966081943197,1.126842975616455,72.48160836970783,1
440,7.036752223968506,186.87301635742188,26004.529296875,8.493528366088867,320.6934814453125,534.1302490234375,19.890026092529297,54.37395477294922,5.144114017486572,False,1,1,1,168.9365008191453,48.68574527605191,0.5827153546511165,0.03675222396850586,102.31656203075363,0
441,6.529304504394531,210.0040283203125,28970.087890625,4.25015115737915,311.091827895983,422.81756591796875,7.0912981033325195,83.69015502929688,3.361088514328003,False,1,1,0,30.139088841199282,68.51675558751208,0.6750547870883798,0.47069549560546875,23.834480606786883,1
442,5.152203559875488,207.29925537109375,27000.107421875,6.691805839538574,304.61172437147405,350.0049743652344,12.490509033203125,49.85296630859375,4.689842700958252,False,0,1,0,83.58406128719798,77.14206746261269,0.680536033595858,1.8477964401245117,58.57852262062079,2
443,7.8586626052856445,210.9547576904297,26703.853515625,6.509065628051758,341.3418884277344,374.0728454589844,8.811985969543457,72.79979705810547,3.4224705696105957,False,1,1,1,57.35779498922966,71.38677337424163,0.6180160250595056,0.8586626052856445,30.158762640583973,0
444,7.704410076141357,234.63595581054688,22057.37890625,8.12440299987793,343.55171625777444,397.399658203125,14.897562980651855,50.92043685913086,3.0313644409179688,False,1,1,1,121.03380537087833,55.50427232494353,0.6829712792106183,0.7044100761413574,45.15994267588394,0
445,6.728004455566406,201.12689208984375,22888.787109375,7.66398811340332,319.4635009765625,325.53753662109375,16.788305282592773,58.961219787597656,4.4106974601745605,False,1,1,1,128.6653721299772,70.31074596385312,0.6295770591802987,0.27199554443359375,74.0481354705671,0
447,9.112786293029785,205.94107055664062,20868.62890625,6.962790012359619,330.9342956542969,422.03948974609375,16.12897491455078,77.7965316772461,4.567087650299072,False,0,1,1,112.30266544463302,49.447100008005954,0.6223019875506357,2.112786293029785,73.66244214422841,1
448,8.079808235168457,174.1610870361328,12677.841796875,7.2952117919921875,333.5825500488281,589.5521850585938,14.852225303649902,39.52938461303711,3.6110575199127197,False,1,1,1,108.35012917251152,21.504189275646226,0.5220929166964731,1.079808235168457,53.63223987018296,0
449,7.078659534454346,232.58184814453125,26177.7890625,3.914353132247925,334.1611328125,380.4599304199219,9.633630752563477,41.95193862915039,3.6966402530670166,False,1,1,1,37.70943271121678,68.80563996529507,0.6960170546794783,0.0786595344543457,35.612067223110444,0
450,7.036752223968506,139.33114624023438,2912.211181640625,10.338233947753906,343.3180236816406,532.8851928710938,11.078341484069824,42.17282485961914,4.093097686767578,False,1,1,1,114.53048601542105,5.464987984532173,0.4058369681272528,0.03675222396850586,45.344733901667496,0
451,8.043889045715332,169.688232421875,8896.1953125,7.837861061096191,328.9398193359375,430.8368225097656,12.2634916305542,76.33424377441406,3.15994930267334,False,1,1,1,96.1195435241998,20.648641961539187,0.5158640636715157,1.043889045715332,38.75201182631008,0
452,7.040245056152344,192.9559783935547,20988.4296875,6.422358989715576,320.9488525390625,381.35736083984375,15.396454811096191,88.2984619140625,3.9934098720550537,False,1,1,1,98.88155996579326,55.03612041535566,0.6012047597798013,0.04024505615234375,61.48435463728106,0
453,5.483973979949951,166.16183471679688,21144.974609375,7.607610702514648,322.73309326171875,306.35589599609375,14.171009063720703,64.13652801513672,4.063613414764404,False,0,1,1,107.80752021859371,69.02094856572849,0.514858369566676,1.5160260200500488,57.58550253208341,1
455,7.266594409942627,176.85369873046875,14859.0595703125,8.261777877807617,327.1722412109375,445.0374450683594,19.923704147338867,87.06613159179688,3.3574395179748535,False,1,1,1,164.60521816846813,33.38833552453493,0.54055227159658,0.26659440994262695,66.892631648715,0
457,7.24035120010376,201.9971923828125,14462.673828125,6.737175941467285,314.04315185546875,534.8009643554688,14.213794708251953,82.94581604003906,3.7829718589782715,False,1,1,1,95.76083574539007,27.043095964705344,0.6432147637868645,0.24035120010375977,53.77038539061141,0
458,8.692115783691406,144.23635864257812,2552.962890625,9.20263385772705,347.9751281738281,517.427490234375,13.963420867919922,42.3886604309082,2.283475160598755,False,0,1,0,128.50024964881231,4.933952938091194,0.4145019185279935,1.6921157836914062,31.88512470888145,2
459,8.639540672302246,168.6139678955078,7013.2119140625,8.451601028442383,355.21389770507807,419.7889099121094,17.929393768310547,33.64154052734375,4.19293212890625,False,0,1,1,151.53208281160187,16.706520186120034,0.47468291221200837,1.639540672302246,75.1767311829608,1
460,7.179863929748535,180.85421752929688,10859.5537109375,8.263503074645996,341.302490234375,358.0562744140625,12.065317153930664,83.32991790771484,3.8784472942352295,False,1,1,1,99.70178539808512,30.329181351113938,0.5298942204471133,0.17986392974853516,46.794696669752284,0
461,7.163999080657959,203.78160095214844,34226.0703125,9.41203498840332,320.2589111328125,415.5775146484375,16.221044540405273,90.18421173095703,3.3543221950531006,False,1,1,1,152.6730387627431,82.35784907442859,0.6363026702208977,0.16399908065795898,54.41060972882633,0
462,8.92611312866211,189.98794555664062,15249.6201171875,7.076221466064453,341.5268859863281,361.9016418457031,21.278095245361328,66.62102508544922,2.752134084701538,False,0,1,1,150.5685143321898,42.137471378346795,0.5562898641249471,1.9261131286621094,58.56017118228465,1
463,6.353110313415527,206.26980590820312,18409.037109375,3.72377610206604,348.2098693847656,389.6832275390625,13.205425262451172,60.291343688964844,2.856175422668457,False,0,1,1,49.17404700993484,47.24103004994901,0.5923720820443106,0.6468896865844727,37.717011080498196,1
464,6.681553363800049,238.51243591308594,26132.2109375,6.304459095001221,309.2369995117188,326.0262145996094,8.138227462768555,46.08726119995117,2.9567480087280273,False,1,1,1,51.30712214483992,80.1537106132373,0.7712933300943957,0.31844663619995117,24.06268784511667,0
465,5.44532585144043,201.37945556640625,28001.119140625,7.2089457511901855,331.5874938964843,365.0915832519531,11.788776397705078,65.94456481933594,3.9469895362854004,False,0,1,1,84.98464952396716,76.69615063299067,0.6073192103618784,1.5546741485595703,46.53017708735024,1
466,7.539881706237793,185.8259735107422,21575.24609375,7.442998886108398,333.0796203613281,444.11663818359375,15.830564498901367,49.06797790527344,4.5315937995910645,False,1,1,1,117.82687393179003,48.580134564224224,0.5579025602084383,0.539881706237793,71.73768792724786,0
467,7.036752223968506,199.9180145263672,15335.51171875,8.092376708984375,303.3271789550781,399.6054382324219,11.821736335754395,58.222293853759766,4.482459545135498,False,1,1,1,95.66594378321315,38.37663408237652,0.6590837476416537,0.03675222396850586,52.99045487827743,0
468,4.370476722717285,188.65403747558594,29542.337890625,8.117114067077637,301.0221862792969,456.3084411621094,16.346837997436523,46.69694137573242,4.6493821144104,False,0,1,1,132.68914866123123,64.74203665977696,0.6267114035037803,2.629523277282715,76.0026962124457,1
470,6.599593639373779,198.32325744628906,21078.88671875,6.234231472015381,331.4956359863281,447.98779296875,12.936304092407227,59.8336181640625,4.702310562133789,False,1,0,1,80.6479141044465,47.05236839604694,0.5982680775206357,0.4004063606262207,60.83051936870106,1
471,4.1975836753845215,189.4736785888672,31292.126953125,7.105204105377197,302.76348916932017,370.77142333984375,11.986401557922363,50.32283020019531,5.206480026245117,False,0,1,0,85.16582955804961,84.39735346066769,0.6258141577206163,2.8024163246154785,62.40696029787614,2
472,7.920794486999512,173.35714721679688,13454.634765625,6.947895050048828,356.76812744140625,471.3686828613281,16.477840423583984,68.0005111694336,3.374326467514038,False,1,1,1,114.48630591451365,28.54376038604893,0.485909848433303,0.9207944869995117,55.60161306877217,0
473,6.330732822418213,166.73800659179688,18397.19921875,8.07642650604248,335.9642954205081,436.99176025390625,12.90518856048584,67.6485595703125,3.940000534057617,False,0,1,1,104.22780695538404,42.09964775070585,0.49629680406009585,0.6692671775817871,50.84644982042846,1
474,7.036752223968506,181.29612731933594,23433.90234375,7.729588508605957,285.10080002173714,329.7408752441406,12.275712966918945,38.756797790527344,5.1283464431762695,False,1,1,1,94.88620988404182,71.06762925685776,0.6359018517998245,0.03675222396850586,62.954108931351584,0
475,7.7641425132751465,186.13243103027344,25926.076171875,8.01120662689209,342.8811151935585,399.1317138671875,22.846529006958008,35.24367904663086,4.105178356170654,False,1,1,1,183.02826458202435,64.95619166846211,0.5428483000072846,0.7641425132751465,93.78907639298905,0
476,8.237142562866211,190.0596923828125,20015.3984375,8.38521671295166,356.0917663574219,377.6820983886719,17.740943908691406,37.7138786315918,4.9391093254089355,False,1,1,1,148.76165936669713,52.99535898020466,0.5337379569127834,1.237142562866211,87.62446150097458,0
477,5.679234027862549,188.18869018554688,35643.1796875,8.88265323638916,322.1693725585938,256.30255126953125,15.000259399414062,66.62102508544922,2.3395726680755615,False,0,1,1,133.24210270088224,139.06681526143035,0.584129671007727,1.3207659721374512,35.09419690491268,1
478,7.4175705909729,193.77188110351562,23207.09375,7.472115516662598,320.7081313351222,496.1051940917969,15.744353294372559,73.1874771118164,4.671557903289795,False,1,1,1,117.64362655069908,46.77857434189109,0.6042000858931597,0.4175705909729004,73.55065806451285,0
479,4.7759833335876465,196.27395629882812,19185.791015625,4.942929744720459,329.1439208984375,459.08355712890625,13.370949745178223,84.5842514038086,4.382161617279053,False,0,1,1,66.09166521060388,41.79150108058938,0.596316514571372,2.2240166664123535,58.59366275988714,1
480,7.865095138549805,210.03929138183594,14310.623046875,6.6128997802734375,322.15967343904754,403.360595703125,12.879341125488281,74.1347885131836,4.79502534866333,False,1,1,1,85.1697920988081,35.47848541439876,0.651972633594076,0.8650951385498047,61.75676717079841,0
481,5.903465747833252,201.86402893066406,25394.10546875,7.692154407501221,313.64807128906256,434.7197570800781,18.006702423095703,59.97216033935547,4.5870866775512695,False,0,1,1,138.51033540837852,58.41488682479494,0.643600413219257,1.096534252166748,82.59830479161246,1
482,7.7057108879089355,178.9228515625,18476.619140625,8.226227760314941,334.8899230957031,518.0433959960938,10.638798713684082,63.15748977661133,3.8619561195373535,False,1,0,1,87.51718131491089,35.66616088104357,0.5342736185498622,0.7057108879089355,41.086573796838366,1
483,7.815121650695801,190.31390380859375,20229.107421875,9.186893463134766,335.63873291015625,379.2228698730469,14.979347229003906,73.42543029785156,3.096163272857666,False,1,1,1,137.61366714016185,53.343584935432695,0.5670200861249136,0.8151216506958008,46.378504741824145,0
484,6.139742851257324,168.4442138671875,23894.13671875,9.49458122253418,318.0260925292969,494.1291198730469,19.11602210998535,60.264766693115234,3.841221570968628,False,0,1,1,181.49862457501513,48.3560585875467,0.5296553248127429,0.8602571487426758,73.42887647998896,1
485,5.041405200958252,193.1678466796875,17342.314453125,7.842974662780762,322.1069946289062,444.4534912109375,17.472787857055664,66.54219818115234,4.5436859130859375,False,0,1,1,137.03863245103094,39.019413182818106,0.5997008736259575,1.958594799041748,79.39086004844285,1
486,8.675192832946777,200.73594665527344,15049.583984375,8.630380630493164,356.8054504394532,441.298095703125,17.85305404663086,74.58650970458984,4.978575229644775,False,0,1,1,154.07865183919057,34.1029886528138,0.5625921516766305,1.6751928329467773,88.88277265006582,1
487,7.689358234405518,221.3568878173828,30253.8515625,6.269309043884277,320.4781188964844,529.7465209960938,17.973278045654297,84.69636535644531,4.978556156158447,False,1,1,1,112.68003459986721,57.110052272741655,0.6907082701586053,0.6893582344055176,89.48097406053967,0
488,8.57012939453125,200.07186889648438,9782.3447265625,5.661696910858154,332.6204483250582,511.1614990234375,11.856088638305664,66.04841613769531,4.604404449462891,False,0,1,1,67.12558041835564,19.137483410065048,0.6015020101814643,1.57012939453125,54.590227279441024,1
489,5.671762466430664,184.78184509277344,17527.716796875,5.314759254455566,339.0564880371094,409.4793701171875,15.196044921875,31.941831588745117,3.268693447113037,False,0,1,1,80.76332037965767,42.80488355018696,0.5449883752926765,1.328237533569336,49.671212458168156,1
490,6.6248064041137695,204.34292602539062,21443.265625,5.980401992797852,312.3152160644531,412.99676513671875,11.965106964111328,62.52033233642578,2.8409106731414795,False,1,1,1,71.55614953221084,51.92114656389683,0.6542842450844141,0.37519359588623047,33.99180007962332,0
491,6.5410075187683105,195.56689453125,29616.4921875,7.108628273010254,328.99853515625,530.7996826171875,11.899397850036621,68.14144897460938,2.3559341430664062,False,1,1,1,84.58839598856775,55.79598688845376,0.5944308956997005,0.45899248123168945,28.034197676832264,0
493,9.24119758605957,223.69134521484375,21610.58203125,4.116183280944824,322.2030056892317,480.0130615234375,12.725427627563477,65.55070495605469,5.265728950500488,False,0,1,1,52.38019244345014,45.020820720258676,0.6942559211764169,2.2411975860595703,67.00865266595974,1
494,7.036752223968506,162.62628173828125,21318.9609375,7.5752787590026855,289.2084045410156,457.8115539550781,7.4773149490356445,60.23847961425781,4.514981746673584,False,1,1,1,56.642745107802966,46.56710977858975,0.5623151976999422,0.03675222396850586,33.759940509025455,0
495,6.340808868408203,158.34274291992188,15288.2138671875,7.5997514724731445,342.44769287109375,334.93731689453125,9.237117767333984,38.10391616821289,5.458609580993652,False,0,1,1,70.1997993537043,45.64499997579136,0.46238519269902345,0.6591911315917969,50.42181954553598,1
496,5.9803571701049805,181.25869750976562,11826.2939453125,3.688504457473755,356.1666259765625,543.3479614257812,8.828688621520996,60.206382751464844,4.24724006652832,False,0,1,1,32.564657334128015,21.765599142976296,0.5089154451343172,1.0196428298950195,37.49756004822666,1
497,7.605978965759277,172.19813537597656,10930.0556640625,8.432638168334961,370.3101166837967,400.7061462402344,12.560445785522461,51.64377975463867,3.242849826812744,False,1,0,1,105.9176945422987,27.27698524053246,0.4650106144899191,0.6059789657592773,40.731639440272374,1
498,6.4275126457214355,178.32655334472656,25993.7109375,7.294554233551025,329.6952209472656,566.7546997070312,11.97426986694336,60.736724853515625,6.032994747161865,False,0,1,1,87.34696095159416,45.86412941096497,0.54088303825419,0.5724873542785645,72.2407072083679,1
499,7.036752223968506,196.2488555908203,17909.365234375,3.6722705364227295,340.90644263985104,417.2873229980469,14.557068824768066,57.73465347290039,3.888235330581665,False,1,1,1,53.45749494187362,42.91854605786881,0.5756677799793848,0.03675222396850586,56.60130931417211,0
500,6.109073162078857,191.7555694580078,26853.94921875,9.06461238861084,312.2019958496094,375.54736328125,15.514033317565918,73.78968048095703,4.881101131439209,False,0,1,1,140.62869860772935,71.50615813838836,0.6142035329465823,0.8909268379211426,75.72556557955659,1
501,5.842933177947998,168.2952880859375,19156.123046875,6.878347873687744,331.4776611328125,506.7568054199219,14.526150703430176,80.42371368408203,4.143224716186523,False,0,1,1,99.91591780380668,37.8014124412201,0.5077123055685935,1.157066822052002,60.18510662550216,1
502,5.367546558380127,175.4328155517578,29009.01171875,6.481443881988525,324.06260821716427,463.4784240722656,19.3702335357666,67.28620910644531,4.2671895027160645,False,0,1,0,125.5470816430834,62.58977796911886,0.5413546967839011,1.632453441619873,82.65645720898192,2
503,5.345887184143066,184.78457641601562,22274.369140625,9.727103233337402,319.0304870605469,492.135498046875,11.894673347473145,87.29768371582031,2.9503610134124756,False,0,1,1,115.70071557769825,45.26064302161508,0.5792066380218385,1.6541128158569336,35.09358051166123,1
504,5.386307239532471,212.59298706054688,40149.31640625,8.124232292175293,318.7916564941406,355.5464172363281,17.34880256652832,64.21090698242188,3.6625635623931885,False,0,0,1,140.94570204156298,112.92285436430174,0.6668712372576887,1.6136927604675293,63.541092131320056,2
505,9.919478416442871,207.06558227539062,16544.275390625,7.039310932159424,363.036865234375,278.7532043457031,17.052539825439453,44.29953384399414,4.117487907409668,False,0,1,1,120.0381300142999,59.350978117389474,0.5703706745355994,2.919478416442871,70.21362652186872,1
506,7.036752223968506,218.3021697998047,42061.32421875,6.331177234649658,324.5415954589844,503.1392517089844,15.712139129638672,48.497825622558594,4.328026294708252,False,1,1,1,99.47633756521645,83.59777932706487,0.6726477350874613,0.03675222396850586,68.0025512991906,0
507,7.121458530426025,204.1641387939453,20574.365234375,7.089146137237549,300.0620317498742,353.9275817871094,16.488157272338867,57.02278137207031,3.7746005058288574,False,1,1,1,116.88695643736628,58.131567684993534,0.6804064377052744,0.12145853042602539,62.23620678035604,0
508,9.418295860290527,173.6402130126953,8777.6865234375,8.456177711486816,358.29205322265625,596.8258666992188,16.785215377807617,105.27245330810547,4.604633331298828,False,0,1,1,141.93876416032253,14.70728230543314,0.4846331671781611,2.4182958602905273,77.2897622016826,1
510,5.272227764129639,206.3131866455078,42210.88671875,8.849717140197754,330.4065351556856,410.6485290527344,11.927998542785645,46.540367126464844,5.068556308746338,False,0,1,0,105.55941315234395,102.79078976206098,0.6244222316119504,1.7277722358703613,60.457732264753304,2
511,7.291956901550293,202.32904052734375,21891.677734375,7.62874698638916,339.82901000976557,379.2701110839844,7.654955863952637,64.02152252197266,4.237643718719482,False,1,1,1,58.39772147807071,57.72054542891947,0.5953848375868341,0.29195690155029297,32.43897563395376,0
512,7.8038330078125,223.6881103515625,37376.79296875,6.664969444274902,298.50219009549306,343.7640075683594,16.69740867614746,74.78243255615234,2.9073872566223145,False,1,1,1,111.28771862509348,108.72805772893301,0.7493684033964193,0.8038330078125,48.545833203646,0
513,6.844350814819336,197.46046447753906,23608.861328125,8.396404266357422,356.06975833460757,526.4259033203125,10.878096580505371,62.03714370727539,2.8770627975463867,False,1,0,1,91.33689653840338,44.84745361953123,0.5545555591312672,0.15564918518066406,31.296966979888566,1
514,5.608745098114014,152.9540557861328,19835.98046875,9.34598159790039,323.3933410644531,596.0763549804688,14.380724906921387,49.428253173828125,4.644211769104004,False,0,1,1,134.4019903445551,33.277583097759965,0.47296600112332765,1.3912549018859863,66.78713186097139,1
515,5.701154708862305,233.51504516601562,41411.6015625,5.895463943481445,310.1605529785156,509.76788330078125,22.68683624267578,73.75188446044922,3.4031364917755127,False,0,1,1,133.74942506036314,81.2361916822239,0.7528844083190246,1.2988452911376953,77.20640030038521,1
517,7.036752223968506,208.17745971679688,17264.841796875,3.2961573600769043,387.0708312988281,631.30419921875,8.404569625854492,68.30059051513672,3.9121482372283936,False,1,0,1,27.70278403053908,27.34789629293239,0.5378278143057775,0.03675222396850586,32.87992224644995,1
519,4.552238464355469,197.07693481445312,25969.21484375,8.865422248840332,346.37307406548166,461.8362731933594,12.853404998779297,69.3350601196289,3.9328043460845947,False,0,1,1,113.95086264953352,56.23034892421061,0.5689730207152962,2.4477615356445312,50.549927041184674,1
520,7.036752223968506,203.50592041015625,21417.59375,6.072637557983398,319.52267456054693,348.5273132324219,12.612966537475586,68.64254760742188,4.613578796386719,False,1,1,1,76.59397431306206,61.45169367046304,0.6369060350823006,0.03675222396850586,58.19091497683257,0
521,7.02530574798584,202.80908203125,23502.857421875,5.239013195037842,335.5487060546875,471.1317138671875,13.891519546508789,63.751853942871094,5.9895429611206055,False,1,1,1,72.77785420328564,49.88595902209742,0.6044102622579807,0.025305747985839844,83.20385311906102,0
522,5.770620822906494,194.50013732910156,16173.7275390625,6.341797351837158,318.7889404296875,387.1304931640625,12.042914390563965,52.51226043701172,4.240821361541748,False,0,1,1,76.37372259048016,41.77849015481642,0.610121971160034,1.2293791770935059,51.071848602722184,1
523,8.437875747680664,183.10662841796875,12856.9287109375,7.400019645690918,361.7796936035156,587.0225830078125,15.926920890808105,77.95126342773438,3.8154690265655518,False,1,1,1,117.85952748734508,21.901931988985268,0.5061274337650165,1.437875747680664,60.76867334743815,0
524,5.907078266143799,213.47108459472656,41839.45703125,7.92476224899292,312.3299560546875,357.25897216796875,15.59896469116211,54.421878814697266,4.29647970199585,False,0,1,1,123.61808650789499,117.11240353248951,0.6834793774115904,1.0929217338562012,67.02063516772796,1
525,6.898341178894043,187.41531372070312,19024.486328125,6.915070056915283,345.56235151394304,428.7869873046875,12.580161094665527,44.380210876464844,5.371284008026123,False,1,1,1,86.99269529689218,44.36815212920262,0.5423487609609937,0.10165882110595703,67.57161810616935,0
527,8.206500053405762,182.90536499023438,18949.974609375,6.662949085235596,347.132568359375,332.8553161621094,18.328401565551758,66.68838500976562,4.225121021270752,False,1,1,1,122.12120644502374,56.93156645638279,0.5269034977840942,1.2065000534057617,77.43971474090449,0
528,7.286167621612549,208.444091796875,30879.02734375,6.856966972351074,336.048828125,352.6021423339844,10.566452026367188,64.02532958984375,4.6860198974609375,False,1,1,1,72.45381255973189,87.5747011965875,0.6202791788908156,0.28616762161254883,49.51460444112308,0
529,8.809296607971191,226.10589599609375,18140.59375,4.930380821228027,320.7993774414062,350.11669921875,14.338839530944824,64.33464050292969,3.879053831100464,False,0,1,1,70.69593942203664,51.81299189289145,0.7048202434014125,1.8092966079711914,55.6211304160463,1
530,6.641500473022461,198.88441467285156,27867.486328125,7.327729225158691,318.40838623046875,573.7237548828125,13.191720008850098,81.55111694335938,4.694311141967773,False,1,1,1,96.66535223896153,48.573004067513544,0.624620527124796,0.35849952697753906,61.92603821926423,0
532,5.906441688537598,177.89137268066406,27296.294921875,8.869268417358398,312.01580810546875,385.81280517578125,13.938685417175293,60.61379623413086,4.807496070861816,False,0,0,1,123.6259423500469,70.75010078706008,0.5701357671288142,1.0935583114624023,67.01017537604912,2
533,5.389845848083496,163.34434509277344,19646.234375,9.092720985412598,314.2375793457031,491.7504577636719,15.496325492858887,48.68658447265625,3.5776748657226562,False,0,1,1,140.90376400570221,39.95163405519403,0.5198116180536807,1.610154151916504,55.44081422685849,1
535,6.50363826751709,163.2566375732422,15000.1875,7.641833782196045,334.1031188964844,517.4284057617188,17.530658721923828,37.76551818847656,4.963184356689453,False,1,1,1,133.96638004534725,28.989880153425254,0.48864146382058393,0.49636173248291016,87.00789113111387,0
536,9.60685920715332,200.84214782714844,18907.642578125,7.515087604522705,323.6293797168103,370.90380859375,11.358735084533691,64.37118530273438,4.4053521156311035,False,0,1,1,85.3618892368363,50.97721319938583,0.6205930604393857,2.6068592071533203,50.03922763554374,1
537,8.742229461669922,179.40980529785156,9694.3544921875,6.577127933502197,368.5043334960938,323.7440185546875,13.925009727478027,85.77932739257812,2.842393159866333,False,0,1,1,91.58657045288555,29.944505246837185,0.4868594165742529,1.7422294616699219,39.580352400455695,1
538,8.394397735595703,187.64341735839844,10603.09765625,7.8402605056762695,352.83563232421875,376.24114990234375,13.374831199645996,58.95000076293945,2.8339014053344727,False,1,1,1,104.86216082467126,28.181653258343648,0.5318153826769926,1.3943977355957031,37.90295293278814,0
539,7.036752223968506,204.923828125,12556.75390625,5.789007663726807,359.9517517089844,610.767578125,16.01264190673828,52.442325592041016,3.257744073867798,False,1,0,1,92.69730671462094,20.55897257061205,0.5693091548596455,0.03675222396850586,52.16508927864379,1
541,4.301373481750488,148.73770141601562,26640.072265625,9.242652893066406,316.764404296875,365.83538818359375,12.51573371887207,54.08229064941406,3.067626714706421,False,0,1,1,115.67858246558171,72.81983387412455,0.4695530777096532,2.6986265182495117,38.393599110163905,1
542,9.895889282226562,210.65403747558594,13189.51953125,4.945127964019775,353.1852775025927,481.13677978515625,11.763452529907227,49.8519287109375,3.8134286403656006,False,0,1,1,58.1717780590634,27.413243090096586,0.5964405944910853,2.8958892822265625,44.8590867871294,1
543,4.319440841674805,186.05618286132812,30565.578125,9.811168670654297,276.83392333984375,282.6874084472656,13.448689460754395,66.62102508544922,3.2419722080230713,False,0,0,1,131.94736069871215,108.12500699894774,0.6720859204846727,2.6805591583251953,43.60027746609853,2
544,8.313773155212402,196.54769897460938,11310.9580078125,5.310815334320068,364.4050598144531,607.9158325195312,8.457141876220703,76.694580078125,4.290071487426758,False,1,1,1,44.914318760753304,18.606125032683657,0.5393659971003725,1.3137731552124023,36.28174322829727,0
545,7.036752223968506,179.1492919921875,4784.9677734375,5.702186584472656,378.3982238769531,517.4961547851562,14.387223243713379,68.68702697753906,2.380084276199341,False,1,1,1,82.0386313681156,9.246383224195442,0.47344115329939235,0.03675222396850586,34.24280382053189,0
547,7.510943412780762,182.19284057617188,17100.88671875,5.948784828186035,357.26574707031244,499.0950622558594,20.725805282592773,60.67094039916992,3.342409133911133,False,1,1,1,123.29335601702587,34.263786556396546,0.5099644775919437,0.5109434127807617,69.2741208842017,0
548,6.978291034698486,191.85848999023438,26189.646484375,7.279433250427246,317.1841735839844,564.6475830078125,19.42689323425293,50.50653839111328,4.931878089904785,False,1,0,1,141.41677256192088,46.38228733484254,0.6048803987206299,0.021708965301513672,95.81106909693153,1
550,7.460727214813232,237.57960510253906,25222.955078125,7.277442932128906,316.56231689453125,377.6822204589844,5.91461706161499,62.04418182373047,3.949014663696289,False,1,0,1,43.04328813129905,66.78353823669238,0.7504986906928487,0.4607272148132324,23.356909506465854,1
551,7.036752223968506,190.04666137695312,18327.4375,7.8987650871276855,354.41925048828125,445.928466796875,12.902213096618652,63.45661926269531,4.543581008911133,False,1,1,1,101.911550354253,41.0995009817322,0.5362199163248246,0.03675222396850586,58.62225039872101,0
552,7.220165729522705,204.7683868408203,15658.0859375,3.8427319526672363,323.6322688741418,407.37506103515625,15.150581359863281,64.9891128540039,4.398684978485107,False,1,1,1,58.21962309303126,38.43653526378283,0.6327193110886415,0.22016572952270508,66.64263464294709,0
553,8.790851593017578,187.4398193359375,7850.64208984375,6.3599419593811035,312.5538547437536,384.9207763671875,16.722375869750977,77.90267181396484,3.480271816253662,False,0,1,1,106.35333995457131,20.39547499498783,0.5997040698471162,1.7908515930175781,58.198413440294644,1
554,7.036752223968506,198.23440551757812,26486.181640625,6.472958564758301,333.8174157210628,472.6937255859375,11.03223991394043,63.729793548583984,4.148611545562744,False,1,1,1,71.41123183940908,56.03243739222698,0.5938408111378515,0.03675222396850586,45.7684778803914,0
555,7.036752223968506,219.01332092285156,29433.423828125,9.384055137634277,302.767333984375,426.43072509765625,17.307476043701172,70.060302734375,5.776610851287842,False,1,1,1,162.41430948737616,69.02275569463654,0.7233716970628759,0.03675222396850586,99.97855392244855,0
556,9.049165725708008,169.50924682617188,4343.3564453125,5.78082275390625,386.7004699707031,471.9253845214844,16.17062759399414,62.722084045410156,2.8140006065368652,False,0,1,1,93.4795319403056,9.203481267516533,0.4383476606601136,2.049165725708008,45.50415585758128,1
557,9.515140533447266,199.08131408691406,9082.81640625,5.9765496253967285,367.2308044433594,501.44683837890625,12.87712287902832,55.77069091796875,3.812887668609619,False,0,1,1,76.96076391884435,18.113218975514947,0.5421149618604635,2.5151405334472656,49.09902303261788,1
559,7.4942121505737305,210.34727478027344,29252.501953125,5.922704219818115,339.8465881347656,445.06121826171875,16.917112350463867,84.86854553222656,5.49270486831665,False,1,1,1,100.1950527052295,65.72691730285993,0.618947729667696,0.49421215057373047,92.92070536525262,0
560,7.091886043548584,221.1914825439453,29091.20703125,5.134960174560547,328.8071313876741,515.0599975585938,19.578271865844727,62.6273307800293,5.116406440734863,False,1,1,1,100.53364631783188,56.48120046725111,0.6727088945356378,0.09188604354858398,100.17039627286613,0
561,6.62457275390625,172.0554656982422,14877.2900390625,7.079934120178223,338.4412841796875,405.8180847167969,15.656148910522461,58.56053161621094,4.333720684051514,False,1,1,1,110.84450286219908,36.65999757695552,0.5083761149497271,0.37542724609375,67.84937636612176,0
562,6.032188892364502,200.42076110839844,32882.15625,6.516519069671631,352.0186462402344,349.982177734375,14.10482120513916,43.376808166503906,3.4238317012786865,False,0,1,1,91.91433635759813,93.95380178759467,0.5693470010173118,0.967811107635498,48.292533983023304,1
563,6.344095230102539,164.8172149658203,14973.296875,10.707015991210938,316.1444396972656,337.2194519042969,19.411699295043945,64.38497161865234,3.8434839248657227,False,0,1,1,207.8413747686136,44.40223345967361,0.5213351675655318,0.6559047698974609,74.60855419482868,1
564,7.036752223968506,209.76602172851562,27382.76953125,7.43231201171875,323.9556274414062,301.202880859375,13.970732688903809,62.73859405517578,4.103438854217529,False,1,1,1,103.83484437625157,90.91137960636915,0.6475146696408023,0.03675222396850586,57.32804733753483,0
565,7.4591450691223145,217.70013427734375,19436.50390625,4.639115810394287,352.42443847656244,494.0943298339844,14.460294723510742,57.196189880371094,3.8410520553588867,False,1,1,1,67.08298187479977,39.33763796367189,0.6177214457677292,0.45914506912231445,55.5427447688362,0
566,6.361666679382324,175.04400634765625,25833.8515625,8.243781089782715,333.9471130371094,302.1907043457031,10.558575630187988,70.10769653320312,3.681765079498291,False,0,1,1,87.04258611518435,85.48857097688142,0.524166848551369,0.6383333206176758,38.8741950444678,1
567,9.011589050292969,228.91952514648438,25208.15234375,6.76701021194458,312.9204065578991,380.14520263671875,15.518322944641113,66.62102508544922,2.8972926139831543,False,0,1,1,105.0126498386403,66.31190424761974,0.7315583120098289,2.0115890502929688,44.96112244891401,1
568,7.466213226318359,223.18417358398438,18261.6953125,5.206596851348877,325.81451552250655,456.26214599609375,14.023547172546387,99.13033294677734,2.081845760345459,False,1,1,1,73.01495655332246,40.02456796543402,0.6850037744360826,0.4662132263183594,29.194862226170244,0
569,5.739816188812256,189.82778930664062,15825.4404296875,8.110140800476074,313.0573425292969,425.0167541503906,14.89918041229248,81.37390899658203,2.7225711345672607,False,0,1,1,120.83445095538718,37.23486247992206,0.6063674698270605,1.2601838111877441,40.564078519217446,1
570,7.785106658935547,174.8893585205078,13404.25390625,7.517805576324463,317.615622608019,491.4317321777344,13.82554817199707,75.0594253540039,4.904613018035889,False,1,1,1,103.93778314318206,27.275922577433825,0.5506321022052276,0.7851066589355469,67.80896354585911,0
571,7.13858699798584,180.90377807617188,9727.6533203125,5.706428527832031,351.44212174294455,399.954833984375,15.952392578125,67.70285034179688,3.2724297046661377,False,1,1,1,91.03118809498847,24.321879545955557,0.5147469992050168,0.13858699798583984,52.20308333315188,0
572,8.805177688598633,157.2319793701172,4728.65087890625,8.848261833190918,356.7736511230469,299.27978515625,9.439925193786621,61.64059829711914,5.176205158233643,False,0,1,1,83.52692980035954,15.800101101507352,0.44070513176766146,1.8051776885986328,48.862989481418026,1
573,8.003031730651855,186.4630889892578,15007.2724609375,7.697323799133301,355.72601318359375,561.6131591796875,10.15323257446289,67.00035095214844,3.1375513076782227,False,1,1,1,78.15271873354868,26.721725068080563,0.5241761399351085,1.0030317306518555,31.85628814116717,0
574,7.157337665557861,214.01010131835938,23718.552734375,3.9243669509887695,343.7643737792969,506.899658203125,15.446048736572266,66.62102508544922,5.183621883392334,False,1,1,1,60.61596318516604,46.79141582312742,0.6225488067393774,0.15733766555786133,80.06647624284051,0
575,6.427365303039551,202.94497680664062,20920.251953125,5.527620792388916,338.5823669433593,332.6127624511719,12.8090238571167,75.10133361816406,3.5688230991363525,False,0,1,1,70.80342660280394,62.89672030639356,0.5993961765917794,0.5726346969604492,45.713140218666695,1
576,6.1246724128723145,179.5797576904297,27951.61328125,8.075627326965332,303.6469421386719,467.17181396484375,13.835116386413574,69.01748657226562,3.6310067176818848,False,0,1,1,111.72724396186732,59.831548877479804,0.5914097334035001,0.8753275871276855,50.23540053897841,1
577,8.457901000976562,228.73214721679688,16061.58984375,4.142485618591309,356.3048400878906,370.71209716796875,14.061710357666016,82.36469268798828,4.914276123046875,False,1,1,1,58.250432929427916,43.326316899624175,0.6419563273920685,1.4579010009765625,69.10312745987903,0
578,5.772197246551514,200.1449737548828,27840.693359375,7.132239818572998,318.64349365234375,414.0150451660156,15.550101280212402,62.52127456665039,3.0789859294891357,False,0,1,1,110.90705153357385,67.2456076589332,0.6281156750846307,1.2278027534484863,47.87854304390498,1
579,7.036752223968506,220.97604370117188,11562.435546875,6.033392429351807,359.1868896484375,406.4664001464844,14.149317741394043,59.37321853637695,4.5891618728637695,False,1,1,1,85.36838654142002,28.446227078700343,0.615211883992329,0.03675222396850586,64.93350950584045,0
580,6.7607903480529785,192.1426239013672,19089.94921875,4.364521503448486,345.0188903808594,457.5548400878906,13.272525787353516,66.62102508544922,4.905490398406982,False,1,1,1,57.92822420397897,41.721663731852104,0.5569046469668956,0.23920965194702148,65.10824781247175,0
581,7.895045757293701,174.69268798828125,10465.26171875,7.668315410614014,350.5354309082031,472.04290771484375,14.633909225463867,60.86223220825195,3.0844311714172363,False,1,1,1,112.21743163115116,22.17014920792287,0.49835957248974794,0.8950457572937012,45.13728577471102,0
582,8.576740264892578,221.15025329589844,24897.287109375,6.222626209259033,341.80920410156256,389.29278564453125,15.952131271362305,36.082584381103516,3.9161148071289062,False,0,0,1,99.2641501427197,63.95517195161663,0.6469991152818355,1.5767402648925781,62.470377477045986,2
583,5.596729755401611,229.29510498046875,44652.36328125,6.500953197479248,323.9990539550781,424.25701904296875,12.36182689666748,40.4120979309082,3.826158285140991,False,0,1,1,80.36365809057543,105.24837815701343,0.7077030055296306,1.4032702445983887,47.29830640016303,1
584,8.14563274383545,218.44081115722656,31350.275390625,5.507649898529053,334.6448974609375,376.6698913574219,14.88630485534668,52.415775299072266,4.307547569274902,False,1,1,1,81.98855542602269,83.23010685674006,0.6527540451441388,1.1456327438354492,64.12346629513377,0
585,6.665494918823242,222.48777770996094,25319.9140625,4.970958709716797,339.05975341796875,318.5643310546875,19.368698120117188,72.7167739868164,3.928495407104492,False,1,0,1,96.28099861607188,79.4813213996392,0.6561904643972987,0.3345050811767578,76.08984160647378,1
586,6.499067783355713,173.7688751220703,23734.845703125,9.009056091308594,330.1646728515625,593.561767578125,13.98629379272461,63.69387435913086,4.355880260467529,False,0,1,1,126.00330528817722,39.98715375483454,0.5263097141646184,0.5009322166442871,60.92262104882866,1
587,9.735889434814453,209.7615203857422,10897.150390625,6.106566905975342,358.193115234375,449.3677978515625,13.911645889282227,47.10018539428711,5.5732102394104,False,0,1,1,84.95239639513875,24.249958315826284,0.5856101384385338,2.735889434814453,77.53252731719931,1
588,9.268281936645508,204.36048889160156,14333.5380859375,9.0701265335083,328.2979431152344,431.47540283203125,11.934802055358887,90.90180206298828,5.255703449249268,False,0,1,1,108.25016479448004,33.219826573283406,0.6224848268311723,2.268281936645508,62.72578032845695,1
589,7.036752223968506,180.89303588867188,17705.609375,6.2233123779296875,350.19525146484375,447.9371337890625,10.461024284362793,32.07486343383789,3.9991254806518555,False,1,1,1,65.10222191469802,39.52699608916712,0.516549081163891,0.03675222396850586,41.83494876931309,0
590,10.05964183807373,175.87582397460938,5232.9130859375,9.674175262451172,356.41728679877673,477.9837646484375,16.47052764892578,62.604549407958984,3.818788766860962,False,0,1,1,159.33877114075585,10.947888740192836,0.4934548070347922,3.0596418380737305,62.89746596999066,1
591,6.475885391235352,177.29495239257812,16532.828125,10.096588134765625,305.2489318847656,466.6494140625,6.776145935058594,65.14649200439453,4.306112766265869,False,0,1,1,68.41595464735292,35.428798561304745,0.5808208753329489,0.5241146087646484,29.178848517036386,1
592,6.096128463745117,200.64622497558594,16932.576171875,6.542206287384033,345.89762033895704,404.4600524902344,9.063963890075684,84.05709838867188,2.9564473628997803,False,0,1,1,59.29832155027498,41.864644050154226,0.5800740236341948,0.9038715362548828,26.79713214023309,1
594,5.284096717834473,185.7054901123047,26532.736328125,6.132545471191406,328.13958740234375,543.1817626953125,17.39846420288086,47.06639099121094,4.800962924957275,False,0,1,1,106.69687285306281,48.84688349553656,0.5659344275296784,1.7159032821655273,83.52938158922734,1
595,8.26994514465332,192.00376892089844,11889.2177734375,8.377233505249023,345.98736572265625,405.3406066894531,17.395662307739258,85.44498443603516,3.076479911804199,False,1,1,1,145.72752513039086,29.3314253442534,0.5549444499654487,1.2699451446533203,53.517405642289305,0
596,6.039567947387695,246.69285583496094,39489.0078125,3.1949687004089355,315.5511888913666,357.9862976074219,13.239355087280273,78.40453338623047,4.2068352699279785,False,0,1,1,42.299325117460285,110.30871283653453,0.7817839505529635,0.9604320526123047,55.695785932271065,1
597,6.243278980255127,171.1038818359375,19605.029296875,8.268229484558105,319.6433818819101,512.8947143554688,17.21841812133789,53.60972595214844,3.472839117050171,False,0,1,1,142.36583238829553,38.22427626942396,0.5352961800531018,0.756721019744873,59.79679598550774,1
598,8.214099884033203,192.1771240234375,12819.875,7.536023139953613,343.4772644042969,418.67877197265625,13.352603912353516,86.97810363769531,3.381863832473755,False,1,1,1,100.62553206213124,30.6198351279616,0.5595046408595094,1.2140998840332031,45.156688240535914,0
599,7.036752223968506,205.6387939453125,39742.96875,4.660528659820557,323.95648193359375,509.5464172363281,11.674849510192871,55.04267883300781,3.91674542427063,False,1,1,1,54.410970741345864,77.99675815122141,0.6347728932082072,0.03675222396850586,45.72741339809613,0
600,7.036752223968506,233.02012634277344,27071.119140625,6.220936298370361,298.1126403808594,357.11962890625,16.768945693969727,51.284400939941406,4.284878730773926,False,1,1,1,104.31854295301764,75.8040636067293,0.7816512753817582,0.03675222396850586,71.85289874159389,0
601,7.036752223968506,220.55252075195312,28135.076171875,7.978097915649414,307.6524658203125,421.4642639160156,17.532297134399414,86.84809875488281,3.569570302963257,False,1,1,1,139.87438322449816,66.75554374101307,0.7168885172007057,0.03675222396850586,62.582767193679956,0
602,9.836030960083008,230.471923828125,16103.3603515625,5.599314212799072,303.6898301951343,300.0625,14.383718490600586,61.93929672241211,4.219118118286133,False,0,1,1,80.53895937732068,53.666687099840246,0.7589056338209642,2.836030960083008,60.6866072920202,1
603,8.719764709472656,219.77890014648438,30681.12109375,7.268764972686768,340.9184875488281,481.8534240722656,9.151208877563477,50.17859649658203,2.887725353240967,False,0,1,1,66.51798654697359,63.673141036921386,0.6446670026081807,1.7197647094726562,26.42617788854386,1
604,7.009601593017578,220.56199645996094,18628.697265625,6.781680583953857,331.32598392806597,397.99609375,14.808674812316895,77.76353454589844,3.1219449043273926,False,1,0,1,100.42770244877602,46.806231295627555,0.6656948337687641,0.009601593017578125,46.231866870154136,1
605,6.492639064788818,172.8639678955078,14625.5615234375,7.736569404602051,349.404052734375,652.53759765625,10.212058067321777,56.94972229003906,4.6677703857421875,False,0,0,1,79.00629600166121,22.413362162663816,0.49473944577335377,0.5073609352111816,47.66754222412419,2
606,7.814524173736572,180.34730529785156,17516.69921875,7.489006519317627,352.2770385742188,370.0113830566406,14.28931999206543,80.8824234008789,2.9016995429992676,False,1,1,1,107.0128105771937,47.34097374709038,0.511947373907278,0.8145241737365723,41.463313290746555,0
607,9.652563095092773,205.2060546875,8508.1533203125,4.945416450500488,386.54119873046875,392.7674560546875,12.446538925170898,53.89803695678711,3.1925697326660156,False,0,0,1,61.55331835233483,21.66206279948457,0.5308775748370111,2.6525630950927734,39.73644344895001,2
609,7.036752223968506,170.5500946044922,17561.2734375,8.320209503173828,349.2919616699219,374.4638366699219,10.989145278930664,73.70144653320312,3.7166593074798584,False,1,1,1,91.43199098151672,46.89711440969558,0.48827374469437956,0.03675222396850586,40.842909082186,0
610,7.036752223968506,204.73500061035156,33798.109375,6.578160762786865,320.26816869324045,426.0805358886719,13.940220832824707,69.0516586303711,3.8451271057128906,False,1,1,1,91.70101370707152,79.32328855432068,0.6392611566939388,0.03675222396850586,53.60192098391781,0
611,7.386837482452393,189.59580993652344,29122.697265625,8.42076301574707,321.5677795410156,458.0441589355469,17.196943283081055,56.76991653442383,4.816705226898193,False,1,0,1,144.81138398206895,63.58054487524296,0.5895982788373312,0.3868374824523926,82.8326065982883,1
612,5.497580528259277,204.68287658691406,29493.423828125,7.604130268096924,323.6087951660156,476.8444519042969,16.672414779663086,83.4138412475586,5.060114860534668,False,0,1,1,126.77921386830258,61.85124656162113,0.6325009672540206,1.5024194717407227,84.36433378757101,1
614,7.036752223968506,222.8212127685547,23879.2265625,5.0823564529418945,341.0335748689759,382.7579650878906,15.856061935424805,66.27047729492188,4.235174179077148,False,1,1,1,80.5861586957526,62.38727519263895,0.6533703087761715,0.03675222396850586,67.15318409075917,0
615,6.268953323364258,185.70664978027344,24769.51171875,6.717666149139404,318.2279357910156,534.5408325195312,13.628865242004395,69.13922119140625,4.674496173858643,False,0,1,1,91.55416668739554,46.33792250380992,0.5835648863922006,0.7310466766357422,63.708078427784585,1
616,7.036752223968506,190.92926025390625,20661.41015625,10.175483703613281,299.3455810546875,471.0626525878906,9.225985527038574,60.023521423339844,4.969149589538574,False,1,1,1,93.878865380153,43.86127832227949,0.6378222085102474,0.03675222396850586,45.84530219477256,0
617,6.284984588623047,196.77505493164062,29213.62109375,8.528792381286621,334.477783203125,574.5406494140625,11.095892906188965,66.62102508544922,5.703287601470947,False,0,1,1,94.63456688187671,50.84691757266644,0.5883053052400667,0.7150154113769531,63.28306843911696,1
618,9.043095588684082,181.56666564941406,8273.591796875,6.7010416984558105,338.68944465309664,372.55120849609375,9.762360572814941,65.21633911132812,4.0084991455078125,False,0,1,1,65.41798527379387,22.207931650700356,0.5360859866751918,2.043095588684082,39.13241401426785,1
619,8.523061752319336,201.60848999023438,24207.298828125,7.2207159996032715,344.9601561569362,436.6259765625,15.740638732910156,63.31050109863281,5.1123762130737305,False,0,1,1,113.65868194269933,55.44172832607032,0.5844399296771963,1.523061752319336,80.47206703671691,1
620,7.036752223968506,183.46485900878906,19998.859375,7.151888847351074,337.53952026367193,294.8468017578125,10.088667869567871,66.29916381835938,4.183320045471191,False,1,1,1,72.15303122099158,67.82796756804952,0.5435359341683544,0.03675222396850586,42.204126530864414,0
621,7.036752223968506,193.4002685546875,30630.759765625,6.873568058013916,342.1932373046875,430.3955993652344,17.44681739807129,49.88365173339844,2.913048505783081,False,1,1,1,119.92188678138427,71.16884963422416,0.5651785216821984,0.03675222396850586,50.82342535212183,0
622,4.029052734375,203.38685607910156,42327.16796875,8.550482749938965,279.6752624511719,503.732421875,13.758835792541504,46.384063720703125,4.179656028747559,False,0,1,1,117.64468810336894,84.02708669648884,0.7272250451088271,2.970947265625,57.50720096884379,1
623,6.4127068519592285,204.35809326171875,32333.841796875,5.204084396362305,345.7174987792969,389.2153015136719,11.145039558410645,91.20486450195312,5.0141448974609375,False,0,1,1,57.999726462765466,83.07443614897237,0.5911129560759268,0.5872931480407715,55.88284323380503,1
624,6.276295185089111,184.95205688476562,28653.47265625,6.519434928894043,335.2577819824219,470.4296875,11.19848346710205,66.62102508544922,4.342759132385254,False,0,0,1,73.00778426606757,60.90915041440885,0.5516711804255502,0.7237048149108887,48.63231634562271,2
625,7.64887809753418,188.50697326660156,22510.974609375,8.617208480834961,338.06951690616256,393.2935485839844,12.85451889038086,73.3134994506836,4.95353364944458,False,1,1,1,110.77006919924315,57.23708063146858,0.5575982550397376,0.6488780975341797,63.67529187092259,0
626,5.548182010650635,204.25990295410156,39997.78515625,7.027225971221924,319.2029418945313,431.9724426269531,15.400396347045898,41.952293395996094,3.945460557937622,False,0,1,1,108.22206517707218,92.59337197627279,0.6399060769987689,1.4518179893493652,60.76165636387623,1
627,7.036752223968506,216.6756134033203,17870.314453125,6.613386631011963,338.4159240722656,438.1321105957031,15.441490173339844,83.27273559570312,2.6049599647521973,False,1,1,1,102.12054467526832,40.78750217152597,0.6402642350741952,0.03675222396850586,40.22446369766476,0
628,7.468616962432861,240.34530639648438,36701.97265625,4.536412715911865,339.2213439941406,453.21136474609375,16.106515884399414,67.95249938964844,3.384178876876831,False,1,1,1,73.06580346702594,80.98202170157366,0.7085205867591731,0.46861696243286133,54.50733083606565,0
629,7.036752223968506,179.14944458007812,21051.365234375,8.887845993041992,296.9490661621094,418.2698059082031,18.80051612854004,92.09600067138672,3.7647035121917725,False,1,1,1,167.09609194016593,50.32963146439854,0.6033002436821178,0.03675222396850586,70.77836910013275,0
631,7.036752223968506,191.76425170898438,10830.80078125,6.362889289855957,328.176019474527,492.2003173828125,17.291645050048828,43.272544860839844,4.266775608062744,False,1,1,1,110.02482309294646,22.004863419909988,0.5843335275737159,0.03675222396850586,73.77956932282723,0
632,7.036752223968506,181.37464904785156,14579.822265625,5.435058116912842,315.20489003709196,308.7925109863281,9.54509162902832,60.21464538574219,4.161749362945557,False,1,1,1,51.87812773502719,47.21559526116529,0.5754182571567653,0.03675222396850586,39.72427900636558,0
633,5.433242321014404,201.78125,31157.109375,7.2863922119140625,304.4252624511719,451.55718994140625,10.842095375061035,87.6340103149414,3.67571759223938,False,0,1,1,78.9997593016742,68.9992541366547,0.6628268879936917,1.5667576789855957,39.852480706849065,1
634,8.33951187133789,202.20162963867188,21295.75,5.6181159019470215,343.64892310695825,428.9503173828125,15.491387367248535,81.31532287597656,4.827704429626465,False,1,1,1,87.0324097111602,49.64619231496832,0.5883959339146311,1.3395118713378906,74.78783941392521,0
635,6.715719223022461,195.1905975341797,19966.744140625,7.744695663452148,354.20892333984375,411.7955017089844,17.32308006286621,67.98174285888672,2.4430079460144043,False,1,1,1,134.16198304051431,48.48703788476166,0.5510606428055583,0.28428077697753906,42.32042224302586,0
636,6.0980119705200195,211.45401000976562,39352.77734375,6.212191104888916,334.19040098950757,488.1413269042969,11.791840553283691,46.92803955078125,4.590616703033447,False,0,0,1,73.25316699537734,80.61758981297596,0.6327351376668339,0.9019880294799805,54.13182020341128,2
637,6.576845169067383,156.22177124023438,12772.095703125,9.759897232055664,341.7493896484375,418.97247314453125,10.38225269317627,78.30518341064453,3.771313428878784,False,1,1,1,101.32971932263354,30.48433128979032,0.4571237740726273,0.4231548309326172,39.15472900378859,0
638,4.681098937988281,220.4761199951172,38748.41015625,4.6525139808654785,306.4512023925781,442.530517578125,10.941269874572754,66.62102508544922,4.125750541687012,False,0,1,1,50.90441105987202,87.56098964824118,0.7194493529616757,2.3189010620117188,45.14095011176232,1
639,8.151215553283691,219.56004333496094,13699.6806640625,3.8044283390045166,332.46305282430495,460.52874755859375,14.951294898986816,79.63426208496094,3.5239806175231934,False,1,1,1,56.881130018519116,29.747720868547404,0.660404339096851,1.1512155532836914,52.68807343090293,0
640,7.036752223968506,226.54835510253906,13584.490234375,4.1906962394714355,374.1576232910156,335.3782043457031,9.147436141967773,82.86492919921875,2.3645589351654053,False,1,0,1,38.334126240949445,40.50498815321735,0.6054890783846015,0.03675222396850586,21.62965186334486,1
641,7.036752223968506,220.83602905273438,27319.568359375,4.507101535797119,329.9971923828125,463.9651794433594,13.986735343933105,66.62102508544922,5.6665472984313965,False,1,1,1,63.03963634942875,58.88279877655638,0.6692057795672038,0.03675222396850586,79.25649737703907,0
642,5.669689655303955,194.13006591796875,20081.537109375,6.778103828430176,335.826029433562,403.98992919921875,18.284807205200195,66.62102508544922,3.5921335220336914,False,0,1,1,123.9363217196751,49.70801400785468,0.5780673572782333,1.330310344696045,65.6814689057228,1
643,6.624943733215332,185.4109344482422,16360.56640625,9.472845077514648,320.84649658203125,458.9239807128906,12.488006591796875,40.9599723815918,3.546696424484253,False,1,1,1,118.29695177107351,35.64983975164193,0.5778805000071348,0.37505626678466797,44.29116832806176,0
644,8.273643493652344,188.16075134277344,11120.701171875,7.410891056060791,346.31976318359375,344.15496826171875,15.314879417419434,89.44685363769531,3.3315837383270264,False,1,1,1,113.49690289920318,32.31306290805892,0.5433150827713783,1.2736434936523438,51.02280322151387,0
645,7.036752223968506,241.8955078125,25717.935546875,4.239996910095215,369.5411376953125,474.9374694824219,15.306062698364258,48.374210357666016,4.306218147277832,False,1,1,1,64.89765854678808,54.15015058877495,0.6545834346523011,0.03675222396850586,65.91124495506847,0
646,7.036752223968506,221.62005615234375,11954.701171875,6.657052993774414,330.03837249017135,391.23870849609375,12.961432456970215,66.62102508544922,3.2820613384246826,False,1,1,1,86.28494274127843,30.556028536318337,0.6714978437467777,0.03675222396850586,42.540216357624786,0
648,5.171433925628662,207.28053283691406,44612.75,7.2879252433776855,300.2542724609375,552.9075927734375,12.723724365234375,52.237735748291016,2.9494314193725586,False,0,1,1,92.72955199117132,80.68753350904558,0.6903499838575349,1.828566074371338,37.52775241425843,1
649,6.964198112487793,193.75328063964844,27408.5,10.18460464477539,307.69451904296875,302.9404296875,15.889649391174316,78.07673645019531,2.3956832885742188,False,1,1,1,161.8297969932064,90.47488292598818,0.6296936344936896,0.03580188751220703,38.06656750773982,0
650,6.548796653747559,205.1681671142578,13584.900390625,3.7776479721069336,341.58747625074284,327.96734619140625,15.627514839172363,51.850364685058594,4.197305202484131,False,1,1,1,59.03524974127049,41.42150280191359,0.6006314071158229,0.4512033462524414,65.59344933635612,0
652,9.042582511901855,221.3201904296875,14149.5,5.325852870941162,366.66839599609375,377.85797119140625,13.008442878723145,87.89616394042969,4.348440170288086,False,0,1,1,69.28105285212177,37.44660968230805,0.6035976709278419,2.0425825119018555,56.56643556673771,1
653,5.970578670501709,202.74551391601562,19952.30859375,7.872037887573242,311.1881713867188,412.0389099121094,18.63214111328125,73.16633605957031,5.013281345367432,False,0,1,1,146.6729207703611,48.42336018601399,0.6515206293382524,1.029421329498291,93.40816546746646,1
654,6.273805618286133,191.85040283203125,15130.154296875,5.11275053024292,349.94952392578125,538.2037353515625,12.383597373962402,52.097686767578125,4.510405540466309,False,0,1,1,63.3142440400411,28.112317464462496,0.5482230698061947,0.7261943817138672,55.85504620642405,1
655,6.604008197784424,212.9784698486328,23564.580078125,6.608205318450928,325.3538513183594,430.332763671875,14.352904319763184,33.40304946899414,4.4589667320251465,False,1,1,1,94.84693866107636,54.75897261992772,0.6546056496058728,0.39599180221557617,63.99912286976405,0
656,7.143941879272461,153.23635864257812,11553.0390625,8.444686889648438,329.4044494628906,278.4832763671875,11.266885757446289,81.71841430664062,3.7928402423858643,False,1,1,1,95.14532244307338,41.48557562135774,0.46519213212585636,0.14394187927246094,42.733497707206425,0
657,8.116446495056152,208.68914794921875,23985.865234375,7.5138702392578125,346.4237976074219,436.2905578613281,9.612293243408203,67.38115692138672,2.934697389602661,False,1,1,1,72.22552413266385,54.9768147561468,0.6024099637153154,1.1164464950561523,28.20917188952535,0
658,7.665187835693359,209.99725341796875,22993.728515625,5.543901443481445,343.4942321777343,417.7389831542969,7.750606536865234,63.551822662353516,2.7071292400360107,False,1,1,1,42.9685987675839,55.04329111676106,0.6113559796193428,0.6651878356933594,20.98189358396212,0
659,5.555353164672852,154.30068969726562,20503.4296875,9.644996643066406,313.4703063964844,355.20697021484375,18.468690872192383,75.1403579711914,4.5361456871032715,False,0,1,1,178.1304614641267,57.72248674449209,0.4922338290309028,1.4446468353271484,83.77667244633903,1
660,7.543931484222412,192.2345428466797,24227.9609375,7.2413434982299805,336.15106201171875,369.4277038574219,18.188873291015625,70.58850860595703,3.7031912803649902,True,1,1,1,131.71187934602494,65.58241468882422,0.5718695074897862,0.5439314842224121,67.35687697095273,0
661,7.036752223968506,218.57354736328125,11724.623046875,7.565406799316406,296.4305419921875,452.7276916503906,14.665703773498535,51.26182556152344,3.5613977909088135,True,1,1,1,110.9520150447861,25.897737728911345,0.7373516411533942,0.03675222396850586,52.23040502106073,0
662,7.340170860290527,210.1188201904297,12810.4228515625,8.867293357849121,309.6615905761719,412.7065734863281,12.389228820800781,73.51332092285156,3.9191396236419678,True,1,1,1,109.85892643155967,31.040026119057803,0.6785433709131594,0.34017086029052734,48.555117577967394,0
663,10.015189170837402,210.12672424316406,9064.0361328125,7.198432445526123,363.5618286132813,324.6479187011719,10.213058471679688,92.64389038085938,3.8465476036071777,True,0,1,1,73.5180114705945,27.919587906664113,0.5779669567255581,3.0151891708374023,39.28501558973949,1
664,7.036752223968506,188.74356079101562,19037.462890625,6.034235954284668,328.2803227938746,388.06585693359375,15.149067878723145,78.49942016601562,2.7236504554748535,True,1,1,1,91.41305006769016,49.057299170809074,0.5749463099394488,0.03675222396850586,41.260765627903766,0
665,7.846463203430176,233.97657775878906,6670.6591796875,6.844526290893555,335.02512758007833,545.3106689453125,16.536216735839844,67.48409271240234,3.8856239318847656,True,1,1,1,113.18257020036981,12.232768488385675,0.698385159198181,0.8464632034301758,64.25351949161268,0
667,6.334162712097168,197.48233032226562,23460.822265625,6.121463775634766,303.5503234863281,399.56378173828125,18.822216033935547,62.22287368774414,4.038829803466797,True,0,1,1,115.21951362890832,58.7160880919783,0.650575256858802,0.665837287902832,76.0197270851495,1
668,9.616095542907715,221.7598114013672,12538.9736328125,9.089530944824219,299.25082281781783,441.8810119628906,13.808375358581543,66.62102508544922,2.946643590927124,True,0,1,1,125.51165511957515,28.37635758263623,0.7410499612738686,2.616095542907715,40.68836075148033,1
669,7.036752223968506,186.5952606201172,29496.91015625,8.11774730682373,378.4305114746094,616.1752319335938,14.962779998779297,65.44456481933594,2.4752845764160156,True,1,1,1,121.46406703768662,47.870976598354986,0.49307667978447356,0.03675222396850586,37.03713855128444,0
670,8.892998695373535,224.07818603515625,22960.1796875,8.982036590576172,274.689453125,466.2454833984375,9.693049430847168,59.577213287353516,3.6191327571868896,True,0,1,1,87.0633246621328,49.24483015020262,0.8157509604762161,1.8929986953735352,35.08043271221072,1
671,7.036752223968506,195.83657836914062,14563.6826171875,9.315977096557617,355.0976822906754,289.66058349609375,9.18440055847168,49.54011917114258,3.9570116996765137,True,1,1,1,85.56166524833316,50.278441033056396,0.5515005802187478,0.03675222396850586,36.34278046438794,0
672,8.141429901123047,211.7942657470703,15494.359375,9.450413703918457,329.8979737731813,363.1293640136719,15.403389930725098,54.4907341003418,4.350922107696533,True,1,1,1,145.56840728812404,42.66897934408757,0.6419992905160686,1.1414299011230469,67.018949783062,0
673,8.165715217590332,203.41932678222656,16925.01171875,5.574341773986816,337.25231933593744,527.9125366210938,18.361434936523438,60.39354705810547,3.920116424560547,True,1,0,1,102.35291379700357,32.06025716876956,0.6031665744496593,1.165715217590332,71.97896267316537,1
674,4.9319586753845215,164.66676330566406,31155.541015625,7.411483287811279,383.7826232910156,506.5314025878906,14.980033874511719,69.24922943115234,5.045982837677002,True,0,1,1,111.02427071179045,61.50761985326554,0.42906258095937183,2.0680413246154785,75.58899383860626,1
675,8.977822303771973,198.9962921142578,20225.642578125,7.569518089294434,352.68585205078125,492.09783935546875,19.621923446655273,64.17723083496094,3.1999995708465576,True,0,1,1,148.52850447620767,41.100856210860286,0.5642310015922455,1.9778223037719727,62.79014660848088,1
676,7.372611999511719,220.3871612548828,17606.884765625,9.426339149475098,274.2068176269531,551.1452026367188,14.826441764831543,67.305419921875,3.182521104812622,True,1,1,1,139.75906845524423,31.94600016374339,0.8037260428403508,0.37261199951171875,47.185463825851684,0
677,9.107330322265625,202.51470947265625,24678.330078125,5.575906276702881,334.71734619140625,467.1107482910156,12.937328338623047,46.93525314331055,4.49213981628418,True,0,0,1,72.1373302870943,52.831860785867086,0.6050320103572324,2.107330322265625,58.116287746270245,2
678,4.168248653411865,164.35128784179688,23863.716796875,8.593819618225098,313.996491965878,547.4668579101562,13.843493461608887,71.04673767089844,2.804525136947632,True,0,0,1,118.96848569514532,43.589335881226795,0.5234175907170304,2.8317513465881348,38.82442539625231,2
679,7.806909084320068,216.47317504882812,21299.318359375,6.217597007751465,310.79343114006826,524.0797119140625,13.895630836486816,83.1469955444336,5.12791109085083,True,1,1,1,86.39743270975941,40.641371597735585,0.6965178561150163,0.8069090843200684,71.25555948078954,0
682,7.966856956481934,186.35336303710938,21440.73828125,7.8324737548828125,393.7670593261719,461.3562316894531,13.913869857788086,86.12181091308594,5.11543083190918,True,1,1,1,108.98002048998023,46.47328195018042,0.4732578770879056,0.9668569564819336,71.17543886170097,0
683,4.595607757568359,204.8596649169922,13891.0380859375,6.371344566345215,331.9816927601288,631.8220825195312,11.420910835266113,70.44900512695312,3.978919744491577,True,0,1,1,72.76655819298594,21.985679906213807,0.6170812088964526,2.4043922424316406,45.44288762251813,1
684,7.036752223968506,204.66905212402344,12874.4443359375,5.071164608001709,324.7012939453125,402.6192932128906,16.642478942871094,64.84674835205078,4.0589423179626465,True,1,1,1,84.39675020450159,31.97671974738984,0.6303302614130154,0.03675222396850586,67.55086205702173,0
685,3.994497537612915,179.45419311523438,18682.27734375,6.464792728424072,331.1456298828125,538.1749877929688,13.916820526123047,66.62102508544922,3.3791472911834717,True,0,1,1,89.96936014006315,34.71413152374666,0.541919253582846,3.005502462387085,47.02698638273523,1
686,8.907987594604492,202.46121215820312,33653.76171875,5.431878566741943,330.8271179199219,426.1865539550781,18.759902954101562,79.37062072753906,4.641258716583252,True,0,1,1,101.90151477054314,78.96486017091095,0.6119849328531308,1.9079875946044922,87.06956310797977,1
687,5.898726463317871,198.3100128173828,21148.2421875,9.124899864196777,326.2542724609375,312.3885803222656,13.042947769165039,74.31161499023438,4.899815082550049,True,0,1,1,119.01559232757972,67.69851221188874,0.6078388206649086,1.101273536682129,63.90803220026737,1
688,9.514626502990723,215.72552490234375,16553.5625,7.5478596687316895,321.7762145996094,453.9184875488281,9.640240669250488,57.865421295166016,2.645036458969116,True,0,1,1,72.76318374430275,36.468138922742575,0.6704209772010434,2.5146265029907227,25.498788043404375,1
689,8.842463493347168,229.96441650390625,7839.31884765625,10.508810043334961,278.4282531738281,370.08514404296875,15.790977478027344,77.16661834716797,4.576728820800781,True,0,1,1,165.94438271516992,21.1824736892535,0.825937788484408,1.842463493347168,72.27102173230378,1
690,7.721078395843506,208.4385986328125,17248.619140625,7.685369968414307,286.4035339355469,269.0136413574219,11.75734806060791,56.88452911376953,3.2239511013031006,True,1,1,1,90.35956969319022,64.11800899564722,0.7277794203193761,0.7210783958435059,37.905115228400746,0
691,9.089421272277832,208.9147186279297,32238.078125,6.895013809204102,321.0804748535156,449.2599792480469,12.514640808105469,89.21307373046875,4.430116176605225,True,0,1,1,86.28862118911638,71.75817909977339,0.6506615454352367,2.089421272277832,55.44131268839192,1
693,7.725192070007324,213.95132446289062,20461.759765625,5.34031867980957,359.1391919819121,338.2142639160156,17.032466888427734,58.587459564208984,4.163325309753418,True,1,0,1,90.95880108750862,60.499399014722236,0.5957337117301653,0.7251920700073242,70.91170048412823,1
694,6.729191303253174,178.49363708496094,31991.958984375,5.632940292358398,345.91839411274395,341.7747802734375,14.805198669433594,64.12915802001953,5.1122541427612305,True,1,1,1,83.39680012142344,93.60538207405004,0.5159992634297033,0.27080869674682617,75.68793823221495,0
695,5.0854291915893555,173.5659637451172,33455.2421875,6.033246994018555,351.2712707519531,507.47625732421875,17.795957565307617,62.46613693237305,3.961730718612671,True,0,0,1,107.36740748657394,65.92474354953166,0.4941080518183655,1.9145708084106445,70.50279175360674,2
696,9.545270919799805,212.04638671875,25189.830078125,6.203868865966797,316.56732177734375,498.2669677734375,20.0515193939209,52.901126861572266,4.983903408050537,True,0,1,1,124.39699688327528,50.55488655034414,0.6698303061048784,2.5452709197998047,99.9348358439538,1
697,7.036752223968506,182.5339813232422,20049.2421875,8.480467796325684,330.12786865234375,328.7009582519531,12.332287788391113,79.78478240966797,3.6935110092163086,True,1,1,1,104.58356944447132,60.99538691072703,0.5529190295732013,0.03675222396850586,45.54944071524642,0
699,7.376449108123779,168.75,37191.11328125,4.184943199157715,331.45718736734926,439.3128662109375,15.900984764099121,63.334896087646484,5.767354488372803,True,1,1,1,66.54471804842706,84.65746409242452,0.5091155235800069,0.3764491081237793,91.70661584877462,0
700,7.802425861358643,232.67027282714844,14382.90234375,7.626923084259033,330.13834992253874,413.29217529296875,15.495603561401367,42.00208282470703,4.363529682159424,True,1,1,1,118.18377650697857,34.800809617926205,0.7047659630484449,0.8024258613586426,67.61552608315014,0
701,8.59676742553711,202.3431854248047,15173.470703125,7.248624801635742,373.65332031249994,315.47906494140625,15.008674621582031,76.87966918945312,3.2386929988861084,True,0,1,1,108.79225110168045,48.09660082467456,0.5415265270867957,1.5967674255371094,48.60848941947734,1
702,6.436444282531738,192.99566650390625,19579.388671875,7.64087438583374,314.9227294921875,379.67535400390625,12.897048950195312,75.8391342163086,3.415851354598999,True,0,1,1,98.54473097639129,51.56876371834448,0.612834984004732,0.5635557174682617,44.05440212685426,1
704,6.144759178161621,210.97975158691406,19981.314453125,9.203614234924316,271.09710693359375,332.5981140136719,17.187963485717773,79.63423919677734,3.082080602645874,True,0,1,1,158.19138540651147,60.076451282063466,0.7782441988964129,0.8552408218383789,52.97468885831631,1
705,4.7259979248046875,175.99148559570312,34265.83203125,5.92339563369751,324.8707275390625,441.9451904296875,12.636086463928223,66.62102508544922,3.644606590270996,True,0,1,1,74.84853938745664,77.53412118910138,0.5417277400987571,2.2740020751953125,46.05356400166693,1
706,5.393345832824707,172.55026245117188,28099.0390625,5.789668560028076,372.62194824218756,505.5423583984375,17.530704498291016,67.27387237548828,4.633854866027832,True,0,1,1,101.49696866889826,55.581967643494856,0.4630705807913155,1.606654167175293,81.23474034430183,1
707,5.624820232391357,215.8228759765625,9028.7607421875,9.256097793579102,274.29229736328125,340.6484069824219,10.680672645568848,72.4874496459961,4.355489253997803,True,0,1,1,98.86135050859048,26.504632138640147,0.786835347781876,1.3751797676086426,46.5195549332434,1
708,5.7688679695129395,184.39500427246094,31155.98828125,8.392833709716797,356.5527038574218,380.0968017578125,10.430339813232422,100.2316665649414,3.0926263332366943,True,0,1,1,87.54010758829827,81.96856183792148,0.5171605817608276,1.2311320304870605,32.25714357100969,1
709,7.036752223968506,195.8746337890625,17749.298828125,7.556750297546387,338.1843830273553,512.4544677734375,15.485275268554688,54.13265609741211,2.7756354808807373,True,1,1,1,117.01835849323834,34.635855299706996,0.5791947914816151,0.03675222396850586,42.98147946660538,0
710,5.251353740692139,167.92433166503906,34768.93359375,4.023081302642822,377.14349365234375,315.5361022949219,10.429159164428711,70.5933837890625,4.07225227355957,True,0,0,1,41.957355236699186,110.19003287003437,0.44525315707708046,1.7486462593078613,42.47016711865945,2
711,7.688786029815674,209.1856231689453,29568.53515625,9.817336082458496,294.34771728515625,355.6986083984375,13.918768882751465,71.6815414428711,3.918673038482666,True,1,0,1,136.64523197603648,83.12805947219395,0.7106751986651781,0.6887860298156738,54.543104349709665,1
713,4.89769172668457,169.2357635498047,14676.7158203125,8.318607330322266,339.0045890352159,437.5386962890625,16.219141006469727,81.94780731201172,3.8944642543792725,True,0,1,1,134.92066526794952,33.543812035935744,0.4992137821267389,2.1023082733154297,63.164864886433406,1
714,5.842754364013672,202.04476928710938,13969.26171875,6.643918037414551,290.79595947265625,475.1429443359375,18.189838409423828,77.93110656738281,4.490392684936523,True,0,1,1,120.85179550602697,29.400124438074936,0.6947990919774409,1.1572456359863281,81.67951733385416,1
715,7.036752223968506,193.41014099121094,14472.3916015625,5.640672206878662,322.6744689941406,431.45733642578125,12.721921920776367,92.75885009765625,4.41481876373291,True,1,1,1,71.76019139660366,33.54304202568353,0.5993970982418381,0.03675222396850586,56.16497960658853,0
716,5.03831672668457,170.36045837402344,25866.103515625,7.403749942779541,319.0667883743399,350.3910217285156,13.270278930664062,65.33163452148438,3.913695812225342,True,0,1,1,98.2498268735726,73.82067986275482,0.5339335338161779,1.9616832733154297,51.93583507800213,1
717,9.961247444152832,220.03819274902344,11939.76953125,8.428753852844238,337.4836120605469,398.6809387207031,14.792585372924805,60.991844177246094,3.2465829849243164,True,0,1,1,124.68306095556727,29.948182472968067,0.6519966725304291,2.961247444152832,48.025355974777995,1
718,7.417502403259277,198.70565795898438,24389.36328125,4.7906813621521,289.33135986328125,366.3707275390625,18.415180206298828,87.99622344970703,3.3912405967712402,True,1,1,1,88.22126059498805,66.5701743654709,0.6867753891804333,0.41750240325927734,62.45030671245877,0
720,5.0999321937561035,189.6659393310547,21807.400390625,4.368152141571045,314.581324386542,334.5122985839844,14.732291221618652,49.985679626464844,5.159301280975342,True,0,1,1,64.35288944996182,65.19162499479312,0.6029154435597934,1.9000678062438965,76.0083289713989,1
722,8.860450744628906,193.74310302734375,24085.111328125,6.183109283447266,324.4339138498707,526.7048950195312,9.901328086853027,81.33934020996094,4.677713394165039,True,0,1,1,61.22099361227811,45.72790477199566,0.5971727805244926,1.8604507446289062,46.31557501189491,1
723,10.137931823730469,242.00572204589844,15088.828125,8.677789688110352,341.79819972844365,596.3463745117188,14.971199035644531,62.36582565307617,3.8720180988311768,True,0,1,1,129.91691661016375,25.30212095621849,0.7080368519498742,3.1379318237304688,57.968753627219485,1
724,9.9008150100708,199.08375549316406,16233.134765625,8.14664363861084,380.113037109375,345.0198669433594,20.38671875,73.38148498535156,2.3950021266937256,True,0,1,1,166.08333261683583,47.04985501962436,0.5237488208333413,2.900815010070801,48.82623476255685,1
727,6.017261028289795,206.014404296875,15157.2685546875,7.582123756408691,307.7044677734375,431.781982421875,14.221756935119629,53.319976806640625,4.427712440490723,True,0,1,1,107.8311211156406,35.10398566092557,0.6695203521680513,0.9827389717102051,62.96985010726439,1
729,6.350290298461914,190.3837432861328,14905.3935546875,5.537830352783203,359.42641501642555,446.8406066894531,13.983566284179688,67.81709289550781,4.265233039855957,True,0,1,1,77.4386178086861,33.357294073520066,0.5296876768162538,0.6497097015380859,59.643168930299,1
730,8.129342079162598,211.12330627441406,22982.927734375,6.779005527496338,326.39794921875,367.98876953125,13.910933494567871,55.79535675048828,4.822043418884277,True,1,1,1,94.30229505230955,62.45551379515062,0.6468279170654119,1.1293420791625977,67.07912530801786,0
732,5.462356090545654,187.70953369140625,11642.1494140625,8.439640998840332,343.98746583021483,534.6639404296875,8.129792213439941,74.60371398925781,4.486180305480957,True,0,1,1,68.61252767660062,21.77470465453772,0.5456871304676221,1.5376439094543457,36.4717137155867,1
733,9.239439964294434,212.56907653808594,14829.6240234375,7.172920227050781,324.12890625,575.4219970703125,16.581119537353516,66.88526916503906,3.471971035003662,True,0,1,1,118.93504771662992,25.771736348573565,0.6558164723460836,2.2394399642944336,57.56916676162473,1
734,7.071314334869385,213.61962890625,20038.796875,7.602252006530762,290.0572204589844,605.3050537109375,8.713963508605957,58.41345977783203,4.293726444244385,True,1,1,1,66.24574656813547,33.10528587039389,0.7364740923592449,0.07131433486938477,37.41537555108198,0
735,7.1158952713012695,193.7067413330078,18463.8828125,4.924388885498047,319.05694580078125,369.5340270996094,14.84157943725586,54.43749237060547,3.736020565032959,True,1,1,1,73.08570882405911,49.96531146929448,0.6071227825481513,0.11589527130126953,55.44844599515818,0
736,8.238996505737305,199.59454345703125,25046.798828125,9.288020133972168,350.83599853515625,328.3634033203125,18.74323081970215,54.41696548461914,3.089923858642578,True,1,1,1,174.08750522908122,76.27768045580471,0.5689112397857862,1.2389965057373047,57.915156097842555,0
737,6.44625186920166,204.25357055664062,11104.2509765625,7.648612976074219,336.0677504555812,418.0412292480469,16.625627517700195,66.62102508544922,4.97695779800415,True,0,1,1,127.16299036725832,26.56257367239527,0.6077749789200981,0.5537481307983398,82.74504652093037,1
739,6.772156715393066,196.9001007080078,13790.2958984375,9.575053215026855,326.2649767364212,347.58837890625,17.705726623535156,68.37981414794922,3.827255964279175,True,1,0,1,169.5332746310669,39.6742143743613,0.6034975070694746,0.2278432846069336,67.7643478218215,1
740,7.061845302581787,211.09169006347656,11300.23828125,8.86635971069336,299.9380798339844,353.51043701171875,16.895753860473633,67.57711029052734,3.9582486152648926,True,1,1,1,149.8038313102952,31.9657839378293,0.7037842259860152,0.06184530258178711,66.87759432207622,0
741,4.638250350952148,182.41961669921875,34261.984375,6.197715759277344,307.4584655761719,439.1177062988281,7.760852336883545,66.62102508544922,4.124537944793701,True,0,1,1,48.09955683372755,78.02460207254647,0.593314663702796,2.3617496490478516,32.00992994741705,1
742,7.678966999053955,205.47991943359375,7472.50634765625,7.181868553161621,347.9448378939273,395.23577880859375,7.918150424957275,76.37831115722656,3.7189815044403076,True,1,1,1,56.86711553620398,18.90645212150343,0.5905531465469885,0.6789669990539551,29.44745497979227,0
743,8.137713432312012,178.7166290283203,33786.71484375,9.101884841918945,349.7904934339689,481.07354736328125,12.273180961608887,95.90528869628906,2.7438666820526123,True,1,0,1,111.70907975659611,70.23191143786617,0.5109247731774976,1.1377134323120117,33.675972323361066,1
744,7.48139762878418,186.07476806640625,13781.7802734375,4.649253845214844,377.3443603515625,323.7728576660156,11.687124252319336,66.2916488647461,4.039976119995117,True,1,1,1,54.33640736959933,42.566200052160475,0.4931165988539708,0.4813976287841797,47.215702890785906,0
745,8.082148551940918,185.9324188232422,28407.66015625,7.6054205894470215,381.7618713378906,402.65802001953125,12.830646514892578,86.97972106933594,3.3734846115112305,True,1,1,1,97.58246318028068,70.55033967613939,0.48703768578198064,1.082148551940918,43.28398857373031,0
746,7.036752223968506,210.6273651123047,27983.1796875,5.9472126960754395,385.18885551837343,436.84405517578125,16.127527236938477,64.56404113769531,4.290393352508545,True,1,1,1,95.91383473982296,64.05759513468091,0.5468158321507876,0.03675222396850586,69.19343564976134,0
747,7.702183246612549,192.1375274658203,18126.03125,9.154580116271973,364.19122314453125,646.7326049804688,14.376337051391602,90.52753448486328,4.382159233093262,True,1,1,1,131.6093293154936,28.027087365605013,0.5275731943215894,0.7021832466125488,62.999398147816464,0
748,6.750761032104492,207.25450134277344,23642.9921875,7.691012382507324,293.7830505371094,446.6969299316406,6.000391006469727,30.900815963745117,2.777726173400879,True,1,0,1,46.14908153064425,52.9284858487603,0.7054678622827021,0.2492389678955078,16.667443149310202,1
749,7.036752223968506,219.7060546875,22387.31640625,7.30850076675415,316.9729919433594,327.28955078125,12.78526496887207,80.75786590576172,4.649364948272705,True,1,1,1,93.4411188281565,68.40217258512723,0.6931380892969635,0.03675222396850586,59.44336280065272,0
750,6.323942184448242,185.99241638183594,23234.7890625,5.892962455749512,347.23681640625,401.3049011230469,13.26328182220459,60.474029541015625,3.5750105381011963,True,0,0,1,78.16002181827662,57.89809429084876,0.5356356442013865,0.6760578155517578,47.416372284187446,2
751,5.403883457183838,199.0166778564453,11571.421875,6.285433769226074,334.72745836199573,377.4307556152344,11.859074592590332,74.01204681396484,3.1899423599243164,True,0,1,1,74.53942791603822,30.658396731552795,0.5945633448650411,1.596116542816162,37.829764392406105,1
752,5.699873447418213,159.43560791015625,31977.37109375,5.249974250793457,338.466662329666,501.74322509765625,8.008011817932129,55.87024688720703,2.4164021015167236,True,0,1,1,42.04185584419338,63.732541727481376,0.4710526181270213,1.300126552581787,19.350576585821955,1
753,7.6942644119262695,184.8363037109375,22673.03515625,5.70106315612793,326.9288009719807,439.6330261230469,8.857705116271973,64.97557067871094,5.707192897796631,True,1,1,1,50.498336286224,51.57263844489133,0.5653717341391623,0.6942644119262695,50.55263173036428,0
754,8.581428527832031,186.60162353515625,20590.712890625,3.924182891845703,366.13189697265625,384.3056945800781,9.999398231506348,66.6939697265625,3.3884482383728027,True,0,0,1,39.23946746882939,53.57899486643048,0.5096568328747259,1.5814285278320312,33.8824433223358,2
755,9.888941764831543,220.63882446289062,19892.388671875,7.986456394195557,326.0765686035156,460.81243896484375,14.92917251586914,59.602806091308594,3.7501635551452637,True,0,1,1,119.23118529941166,43.16808086472802,0.6766472817448083,2.888941764831543,55.98683867748878,1
758,7.036752223968506,204.85218811035156,13286.15625,9.093843460083008,332.8455505371094,365.6875305175781,8.589895248413086,76.3063735961914,4.268524646759033,True,1,1,1,78.11516272757945,36.33199139949718,0.6154571907730975,0.03675222396850586,36.666179580929565,0
759,8.390501022338867,215.29551696777344,27032.142578125,6.553957939147949,282.8594665527344,443.4455871582031,12.8416109085083,46.368221282958984,4.150359153747559,True,1,1,1,84.16337776526689,60.95932240615966,0.7611395115407803,1.3905010223388672,53.29729738299193,0
760,7.581944465637207,193.28646850585938,21675.68359375,9.82149887084961,381.9307556152344,414.81097412109375,16.109169006347656,92.60908508300781,4.833345890045166,True,1,1,1,158.21618520616903,52.25436377960425,0.5060772539473183,0.581944465637207,77.86118580887342,0
761,9.850054740905762,208.740234375,35289.23828125,8.350110054016113,337.2097473144531,462.4801940917969,10.105146408081055,50.88600540161133,4.521836280822754,True,0,1,1,84.37908461942243,76.30432320295468,0.6190219452978168,2.8500547409057617,45.69381765108665,1
762,5.225683689117432,185.05044555664062,16276.3984375,6.6170973777771,316.17830202825434,394.6348571777344,7.817811489105225,89.0525894165039,3.695746898651123,True,0,1,1,51.731219904513864,41.24419852989644,0.5852724357879299,1.7743163108825684,28.892652565099752,1
763,9.663653373718262,233.48727416992188,13213.578125,10.14993667602539,293.07464599609375,326.7778015136719,10.439619064331055,62.45537185668945,4.741944313049316,True,0,1,1,105.96147242478764,40.43597216015664,0.7966819257928984,2.6636533737182617,49.50409225250587,1
764,7.036752223968506,158.76295471191406,26210.115234375,4.0887627601623535,391.7872873915496,354.8470458984375,16.006710052490234,85.33805084228516,5.010163307189941,True,1,1,1,65.44763997533846,73.86313473217864,0.40522742675930673,0.03675222396850586,80.19623137381495,0
765,7.935607433319092,207.016845703125,19657.84375,8.604504585266113,312.3435974121094,358.8489990234375,21.228126525878906,63.77183151245117,3.6196508407592773,True,1,1,1,182.65751202853426,54.78026620867297,0.6627856205651599,0.9356074333190918,76.8384060271419,0
766,8.928142547607422,197.64852905273438,27884.43359375,8.968576431274414,359.1807326023506,317.5326843261719,21.497865676879883,73.0111312866211,4.1111016273498535,True,0,1,1,192.8052514323681,87.81594740430236,0.55027597686114,1.9281425476074219,88.37991056876945,1
767,6.920342922210693,207.8213653564453,16689.798828125,10.031146049499512,286.4138488769531,481.95587158203125,9.771896362304688,78.2950210571289,3.2662134170532227,True,1,1,1,98.02331959085132,34.62930898364417,0.7255981700805597,0.07965707778930664,31.91709900861315,0
769,5.729302883148193,162.8575897216797,34573.6796875,5.654856204986572,415.2870788574219,297.6313781738281,13.99084186553955,76.74467468261719,3.5563948154449463,True,0,1,1,79.11619893633224,116.162750659794,0.3921566492692059,1.2706971168518066,49.75695747431496,1
770,5.335688591003418,178.64012145996094,37993.18359375,9.77252197265625,343.25836181640625,465.0727844238281,14.834257125854492,65.32653045654297,3.921976327896118,True,0,1,1,144.96810371044558,81.69298394685944,0.5204246736896186,1.664311408996582,58.179605289525625,1
771,7.036752223968506,177.1740264892578,38977.33203125,5.477161407470703,402.4993896484375,484.1729431152344,12.3001070022583,61.56947708129883,3.261591672897339,True,1,1,1,67.36967138052933,80.50291224445887,0.4401845831463884,0.03675222396850586,40.11792657431192,0
773,6.848329544067383,195.45147705078125,15908.642578125,6.241348743438721,319.26470947265625,404.2048645019531,18.93733787536621,75.39279174804688,3.7322020530700684,True,1,1,1,118.1945299524914,39.35787007009229,0.612192549440947,0.1516704559326172,70.67797129812334,0
774,7.036752223968506,231.15982055664062,12856.728515625,6.977018356323242,344.4477233886719,392.51690673828125,13.217222213745117,80.95645904541016,3.3082942962646484,True,1,1,1,92.216802004903,32.75458524756719,0.6711027659332185,0.03675222396850586,43.72646086219538,0
775,7.036752223968506,205.0887908935547,27064.41796875,7.398378849029541,304.9264831542969,409.5018310546875,18.521791458129883,61.486106872558594,4.599572658538818,True,1,1,1,137.03123016996415,66.09107908737181,0.6725843819777131,0.03675222396850586,85.19232557797204,0
776,7.036752223968506,155.8643798828125,28224.7734375,8.36672306060791,392.5825805664063,421.34375,18.778696060180664,52.640594482421875,4.930190086364746,True,1,0,1,157.11614937486047,66.98752116416223,0.3970231671026078,0.03675222396850586,92.58254115075943,1
777,8.589201927185059,233.7279815673828,7263.056640625,6.953307628631592,268.9713439941406,258.8802185058594,8.986363410949707,41.93043899536133,4.041445732116699,True,0,1,1,62.48494925901241,28.055664718179102,0.8689698211996316,1.5892019271850586,36.31790005443236,1
778,8.473649024963379,182.9971923828125,36412.48828125,6.144665718078613,347.27541231068074,414.30804443359375,14.255355834960938,56.73518753051758,3.487816333770752,True,1,1,1,87.5943962980964,87.88747571421776,0.5269511902332658,1.473649024963379,49.720062924890954,0
779,7.591346263885498,199.2553253173828,25383.765625,7.92461633682251,318.6104736328125,416.44561767578125,20.11882781982422,48.271209716796875,4.51515007019043,True,1,1,1,159.4339916186982,60.95337419016582,0.6253884952998411,0.591346263885498,90.83952684282849,0
780,8.137767791748047,203.8618621826172,24172.703125,6.844017505645752,305.83258056640625,470.8362731933594,19.232961654663086,30.70842170715332,5.003825664520264,True,1,1,1,131.63072624992765,51.33993375173329,0.6665799344807614,1.1377677917480469,96.23838713233727,0
784,7.442536354064941,180.8590850830078,18223.02734375,8.577249526977539,405.32000732421875,564.79345703125,14.768336296081543,57.75755310058594,2.191138505935669,True,1,1,1,126.67170550981064,32.26494054529527,0.4462130695959553,0.4425363540649414,32.35947032695162,0
787,6.947915554046631,219.59439086914062,10337.5419921875,10.414780616760254,340.6677876619165,453.1519470214844,14.213798522949219,61.150299072265625,3.685079336166382,True,1,1,1,148.03359334734705,22.81252908063718,0.6445998071366505,0.05208444595336914,52.378975225352406,0
790,4.909519195556641,186.19070434570312,13652.6015625,9.31824779510498,328.8002121511056,460.56671142578125,12.159457206726074,89.83020782470703,3.7855067253112793,True,0,1,1,113.3048353062486,29.643048866020838,0.5662730646106245,2.0904808044433594,46.02970703219626,1
791,6.376408576965332,182.12103271484375,33046.7265625,5.35153341293335,362.3521423339844,350.236328125,7.59251594543457,66.22567749023438,5.404045581817627,True,0,1,1,40.631602770222344,94.35550745138595,0.5026078527897118,0.623591423034668,41.03030224980557,1
792,3.9401254653930664,163.17164611816406,25911.322265625,4.138540267944336,371.9671936035156,487.9851989746094,17.751705169677734,63.612403869628906,3.4780046939849854,True,0,1,1,73.46614666938694,53.098582225389634,0.4386721422895659,3.0598745346069336,61.74051390637669,1
793,6.916825771331787,210.86044311523438,29263.5546875,6.011610984802246,252.2313232421875,392.36358642578125,12.892210006713867,77.07978057861328,4.5986223220825195,True,1,1,1,77.50295129473852,74.58274831131071,0.8359803991385716,0.08317422866821289,59.28640471785002,0
794,9.146557807922363,226.0934295654297,6787.48486328125,9.2417631149292,319.02581787109375,459.56903076171875,14.11047649383545,80.5711441040039,3.2108819484710693,True,0,1,1,130.40568119480395,14.769238991717968,0.7086994725551836,2.1465578079223633,45.30707425838159,1
796,8.787668228149414,232.46263122558594,7035.1337890625,9.306448936462402,309.15336455513756,415.6248779296875,12.051416397094727,66.62102508544922,3.489945650100708,True,0,0,1,112.15589131160777,16.926642618650014,0.7519330440028031,1.787668228149414,42.05878823259309,2
797,7.368768692016602,213.197021484375,18452.0234375,8.292445182800293,294.3448486328125,496.2708435058594,10.54509162902832,94.8377456665039,3.8138811588287354,True,1,1,1,87.44459428132359,37.18135699846083,0.7243103514477414,0.36876869201660156,40.21772628207373,0
798,9.3527193069458,207.4651641845703,23558.5546875,6.504916191101074,346.51654052734375,420.5946044921875,10.986682891845703,66.62102508544922,3.398264169692993,True,0,1,1,71.46745142966029,56.01249844831307,0.5987164805181433,2.352719306945801,37.33565081513825,1
799,9.393148422241211,215.05136108398438,20592.259765625,10.089537620544434,331.3387451171875,447.074462890625,10.778632164001465,54.42696762084961,4.665680885314941,True,0,1,1,108.75141471670304,46.06002227553488,0.6490377705718886,2.393148422241211,50.28965805742246,1
800,7.296572685241699,197.64695739746094,22535.0859375,9.288199424743652,323.4490661621094,353.0628967285156,6.039669036865234,82.53617095947266,4.679168701171875,True,1,1,1,56.09765047385372,63.827397561406016,0.6110605268754796,0.2965726852416992,28.260630322736688,0
801,8.900864601135254,211.3068084716797,9592.1513671875,8.863272666931152,348.43780517578125,333.77532958984375,18.2679500579834,68.33316802978516,4.5187506675720215,True,0,1,1,161.91382242978761,28.738347289586578,0.6064405317862632,1.900864601135254,82.54831151968483,1
803,7.80436897277832,216.6738739013672,14160.6865234375,6.06014347076416,281.3559875488281,468.2125244140625,15.147546768188477,62.860626220703125,4.075556755065918,True,1,1,1,91.79630664533215,30.244142894115306,0.7701057831358878,0.8043689727783203,61.73468655376746,0
804,4.6661481857299805,171.2886962890625,35680.06640625,4.894373416900635,314.6138610839844,501.9028625488281,14.210624694824219,56.910255432128906,4.556863784790039,True,0,1,1,69.55210374389935,71.08958525154705,0.5444410336990745,2.3338518142700195,64.75588103108748,1
807,9.869232177734375,223.7726593017578,29549.658203125,7.716922760009766,281.1184997558594,356.1819152832031,14.202664375305176,84.01358795166016,4.736849784851074,True,0,1,1,109.60086397057239,82.96226409099846,0.7960082979244962,2.869232177734375,67.27588769047634,1
809,5.827541351318359,191.0049285888672,25863.34375,4.823831558227539,316.0255126953125,370.3572998046875,18.361858367919922,48.65810775756836,3.179128646850586,True,0,1,1,88.57451186287653,69.83349239722253,0.6043971777956493,1.1724586486816406,58.37470994686737,1
811,7.036752223968506,235.24058532714844,10443.796875,7.605518817901611,326.242652811733,319.8429260253906,8.286550521850586,80.54035186767578,3.900508403778076,True,1,1,1,63.02351592942705,32.65289300635659,0.7210601758496614,0.03675222396850586,32.32175994880981,0
812,9.485833168029785,218.7382354736328,15357.8330078125,8.53445816040039,315.8313903808594,429.6222229003906,15.621138572692871,64.8260269165039,3.221129894256592,True,0,1,1,133.31795356646398,35.747296469870854,0.6925791464783738,2.485833168029785,50.317716438825755,1
813,6.435722827911377,214.72467041015625,9363.853515625,9.997623443603516,273.463134765625,508.34521484375,12.925869941711426,71.4285888671875,4.925339221954346,True,0,1,1,129.22798035822416,18.42026485895594,0.7852051787857385,0.564277172088623,63.66429420179202,1
815,7.036752223968506,202.47515869140625,23828.20703125,5.531684398651123,409.2862243652344,414.6176452636719,13.797656059265137,59.521663665771484,5.266367435455322,True,1,1,1,76.32427876099109,57.47031571371348,0.49470308586790007,0.03675222396850586,72.66352655612673,0
816,5.45221471786499,199.2284698486328,14446.8125,7.68919038772583,298.31842041015625,469.1319580078125,14.0205078125,95.30623626708984,5.190533638000488,True,0,1,1,107.8063539029099,30.794773672111766,0.667838308163728,1.5477852821350098,72.77391742262989,1
817,7.036752223968506,215.96658325195312,21852.4375,7.457514762878418,283.7558288574219,364.7010803222656,11.383210182189941,76.53880310058594,5.076362609863281,True,1,1,1,84.89045798262941,59.91876256788568,0.7611000745269951,0.03675222396850586,57.78530254908401,0
818,5.43346643447876,177.82830810546875,31421.732421875,4.584134101867676,347.09735107421875,490.28466796875,16.066438674926758,58.41669845581055,2.8711960315704346,True,0,1,1,73.65070942529746,64.08875172043729,0.5123297744646703,1.5665335655212402,46.12989496491946,1
819,7.374775409698486,217.69863891601562,12285.8916015625,10.03824520111084,356.8788084796356,358.9832458496094,16.293716430664062,93.78437805175781,3.5922646522521973,True,1,1,1,163.56032076837437,34.22413638904294,0.6100071876877241,0.37477540969848633,58.53134158769535,0
820,7.036752223968506,175.70855712890625,25954.03125,6.2293219566345215,346.2250671386719,379.2906494140625,13.636910438537598,50.59076690673828,2.9513957500457764,False,1,1,1,84.94870561544076,68.4278170887329,0.5074980794242505,0.03675222396850586,40.24791951205475,0
821,5.22694206237793,177.31961059570312,28398.5546875,6.294517517089844,336.29290771484375,328.3874206542969,18.46309471130371,62.07590103149414,2.2595503330230713,False,0,1,1,116.21627307999006,86.478813787807,0.5272772812050567,1.7730579376220703,41.718291803562806,1
822,4.59420919418335,185.6328582763672,27981.091796875,6.761682987213135,354.78521728515625,380.7232666015625,13.983833312988281,74.57691192626953,4.917910099029541,False,0,1,1,94.55424780845715,73.494567256546,0.5232260215733284,2.4057908058166504,68.77123507309079,1
823,6.784132957458496,212.4423370361328,12827.62109375,7.403641700744629,308.3615001029937,328.0335693359375,10.861775398254395,89.57703399658203,5.035822868347168,False,1,0,1,80.41669328263833,39.104598595239196,0.6889392361764914,0.2158670425415039,54.69797694138015,1
824,6.400256156921387,172.2989959716797,15936.2470703125,4.93599796295166,340.3929443359375,435.4056091308594,11.075621604919434,58.36599349975586,4.561493873596191,False,0,1,1,54.66924568030572,36.600922678793516,0.50617675346249,0.5997438430786133,50.52138009710961,1
825,6.839416027069092,166.86697387695312,28508.638671875,7.238828659057617,325.3461198028753,460.7659912109375,11.378738403320312,73.46513366699219,2.8545265197753906,False,1,1,1,82.36873765787459,61.87227172534864,0.5128906208107412,0.1605839729309082,32.48091053386452,0
826,6.9018635749816895,164.72348022460938,20442.615234375,5.163931369781494,341.5370788574219,468.4163513183594,10.362622261047363,65.69487762451172,4.04790735244751,False,1,1,1,53.511870167018515,43.641976060821136,0.48230042926341954,0.09813642501831055,41.94693484112986,0
827,7.036752223968506,191.5548095703125,22462.11328125,8.186258316040039,331.7924120026393,349.95452880859375,17.24730682373047,76.7677993774414,5.260301113128662,False,1,1,1,141.19090891505766,64.1858052059951,0.5773333025815414,0.03675222396850586,90.72602728334095,0
828,7.888843536376953,228.48838806152344,15824.7890625,8.388944625854492,314.8432922363282,423.6627197265625,17.630361557006836,56.42021179199219,3.630523920059204,False,1,0,1,147.90012683552413,37.352328369513366,0.7257209950793365,0.8888435363769531,64.00744935200555,1
829,5.5276336669921875,218.5189208984375,22095.63671875,6.436288356781006,344.6498242490321,412.86761474609375,12.640135765075684,44.32863998413086,4.591136932373047,False,0,1,1,81.3555586528878,53.51748569289199,0.634031718253573,1.4723663330078125,58.03259414124841,1
830,6.492403030395508,234.9145050048828,18607.212890625,8.620697021484375,302.1313171386718,442.1042175292969,14.116823196411133,65.63675689697266,4.383394718170166,False,0,0,1,121.69685568212299,42.08784289035676,0.7775245097135614,0.5075969696044922,61.87960823649064,2
831,6.684699535369873,193.84092712402344,34157.18359375,9.876574516296387,344.535400390625,498.0639953613281,8.818756103515625,66.65935516357422,4.0306596755981445,False,1,0,1,87.09910179741564,68.57990909459384,0.5626154129347416,0.31530046463012695,35.545404615375446,1
832,7.036752223968506,196.3346710205078,24108.126953125,7.843143463134766,352.6239013671875,428.7705993652344,10.287672996520996,73.44593048095703,5.034682750701904,False,1,1,1,80.6876952135317,56.22616600249474,0.5567820834109662,0.03675222396850586,51.79516978044603,0
833,6.223677635192871,238.08421325683594,22423.49609375,9.336773872375488,323.47741755861676,474.66534423828125,14.027766227722168,80.77427673339844,3.9195749759674072,False,0,1,1,130.9740812027876,47.24064294707135,0.7360149413758634,0.7763223648071289,54.98288147490052,1
834,4.75864839553833,203.53782653808594,23603.064453125,7.667128562927246,324.0843200683594,288.9124450683594,18.064956665039062,85.91666412353516,4.405508995056152,False,0,1,1,138.50634523456392,81.69625356859945,0.6280397208575651,2.24135160446167,79.58532908312918,1
835,7.44082498550415,183.3627166748047,17259.8515625,4.6102447509765625,335.6264343261719,452.99530029296875,9.700906753540039,80.53706359863281,2.496342658996582,False,1,1,1,44.72355444022105,38.10161278325803,0.5463297803005513,0.4408249855041504,24.21678735981004,0
836,8.054885864257812,200.9434814453125,12642.06640625,7.309821605682373,334.4420776367188,446.7484436035156,14.949080467224121,71.20204162597656,3.5140976905822754,False,1,1,1,109.27511138439922,28.297952816533467,0.6008319355758563,1.0548858642578125,52.532529146200886,0
837,7.061830997467041,215.94631958007812,24991.765625,9.13839054107666,321.4733581542969,431.4246826171875,12.950444221496582,64.02558898925781,4.299018383026123,False,1,1,1,118.34621697646526,57.92845558919326,0.6717393943565657,0.061830997467041016,55.674197776568235,0
838,7.036752223968506,214.73782348632812,12666.0048828125,7.092691421508789,302.49176025390625,319.4230651855469,15.433834075927734,92.69393920898438,5.005878448486328,False,1,1,1,109.46742255132267,39.65275593295775,0.7098964368357821,0.03675222396850586,77.25989737820055,0
839,7.611609935760498,222.2522735595703,25063.68359375,8.561123847961426,287.9481201171875,505.2654724121094,18.27375602722168,68.39541625976562,2.8732612133026123,False,1,1,1,156.44388851647636,49.60497978318681,0.7718483200976308,0.611609935760498,52.50527441437089,0
840,4.6914381980896,200.889404296875,32182.26171875,8.571649551391602,364.7467956542969,516.8516235351562,12.404438972473145,85.02622985839844,2.730792284011841,False,0,1,1,106.32650375366393,62.26595833512943,0.5507639988604912,2.3085618019104004,33.87394623352543,1
841,8.064169883728027,209.83934020996094,8712.0029296875,8.591509819030762,355.4437255859375,338.84814453125,18.721311569213867,106.2430648803711,3.246077299118042,False,1,1,1,160.84433217203514,25.710640723822532,0.5903588233937418,1.0641698837280273,60.7708244945411,0
842,4.292966842651367,212.8086395263672,30434.26953125,8.6303129196167,333.4825439453125,382.92236328125,15.779921531677246,39.7755126953125,2.8049235343933105,False,0,1,1,136.18566066537187,79.47895544929976,0.6381402647663778,2.707033157348633,44.261473275081244,1
843,7.865756988525391,184.9129180908203,16147.001953125,7.321343421936035,365.5428767896863,505.9128723144531,11.092842102050781,88.04898834228516,3.7386183738708496,False,1,0,1,81.21450655442459,31.916566675481167,0.5058583529487045,0.8657569885253906,41.47190330117519,1
844,9.085637092590332,238.2219696044922,9001.6591796875,9.820230484008789,325.1048583984375,381.3465881347656,19.19573974609375,98.4908218383789,2.544020175933838,False,0,1,1,188.50658861768898,23.604929049218182,0.7327542567197847,2.085637092590332,48.83434920603759,1
845,6.592442512512207,242.48046875,9381.240234375,7.303183555603027,312.81439208984375,440.60113525390625,14.027297019958496,70.92987823486328,3.0608272552490234,False,1,1,1,102.44392492572024,21.291911124280105,0.7751576465356469,0.40755748748779297,42.93513303616237,0
846,7.032818794250488,168.8223876953125,29370.263671875,5.390593528747559,366.29811484529534,521.7808837890625,21.11924934387207,58.876766204833984,3.633373260498047,False,1,1,1,113.8452888450829,56.28850064859765,0.46088794998501714,0.03281879425048828,76.7341158478157,0
847,8.990317344665527,195.80902099609375,23728.294921875,7.508305072784424,348.714599609375,551.5404052734375,15.25439167022705,75.90786743164062,4.494544506072998,False,0,0,0,114.53462635980623,43.021861412110596,0.5615165543797696,1.9903173446655273,68.5615422749047,3
848,8.561219215393066,205.36683654785156,16686.3125,8.15929889678955,324.0622780608332,347.8409729003906,18.893136978149414,68.0898666381836,2.8138885498046875,False,0,0,1,154.15475170270838,47.971095276367215,0.633726446481295,1.5612192153930664,53.16318181270617,2
849,6.739157676696777,156.48275756835938,30950.681640625,6.543089866638184,363.17962646484375,425.2888488769531,11.653457641601562,70.36705017089844,5.214484214782715,False,1,1,1,76.24962060606049,72.77567152202514,0.4308687650259433,0.26084232330322266,60.76677091977035,0
850,7.036752223968506,209.4268341064453,20827.984375,6.591371059417725,313.87469482421875,567.6041259765625,17.954849243164062,40.14015197753906,4.238253116607666,False,1,1,1,118.34707367759984,36.6945612005038,0.6672307035025594,0.03675222396850586,76.09719576306088,0
851,6.492627143859863,213.0653839111328,34314.0859375,9.041146278381348,335.29193115234375,313.2547302246094,11.1353120803833,70.82910919189453,3.3787784576416016,False,0,1,1,100.67598537417234,109.5405193190719,0.6354623045755963,0.5073728561401367,37.62375257631538,1
852,6.753128528594971,191.98300170898438,18222.931640625,3.920973777770996,296.1966247558594,389.7424621582031,9.689143180847168,92.21961212158203,5.1025166511535645,False,1,1,1,37.990876341170406,46.75634133617101,0.6481606642853073,0.2468714714050293,49.43901441568369,0
853,5.039373397827148,142.860595703125,40829.3515625,7.271542549133301,378.7733356921641,386.8030700683594,16.823772430419922,52.29711151123047,4.9574198722839355,False,0,1,1,122.33477706473423,105.55591363255816,0.37716645250357306,1.9606266021728516,83.40250377334633,1
854,8.296343803405762,198.19705200195312,17469.0,8.262904167175293,369.5907287597656,294.32513427734375,18.026098251342773,44.06162643432617,5.400810718536377,False,1,1,1,148.94792235893146,59.35272902716546,0.5362608854685869,1.2963438034057617,97.35554464924189,0
855,5.455599308013916,152.38673400878906,37620.25,5.7835798263549805,367.9370869287468,343.4176025390625,14.401654243469238,41.10987091064453,4.476348876953125,False,0,1,1,83.29311694866828,109.54665576926617,0.4141651902139848,1.544400691986084,64.46682879902073,1
856,7.918183326721191,224.15200805664062,20012.173828125,9.008726119995117,302.3936157226562,421.89007568359375,22.187849044799805,72.72786712646484,4.764193534851074,False,1,1,1,199.8842552363967,47.43456870433479,0.7412590599166788,0.9181833267211914,105.70720697148681,0
857,5.018045902252197,194.6681671142578,27317.099609375,6.155483722686768,326.7767500752511,313.47796630859375,10.407478332519531,85.68527221679688,5.035153865814209,False,0,1,1,64.0630634700392,87.1420082371643,0.5957222062882591,1.9819540977478027,52.403254759363335,1
858,6.4954352378845215,252.0109100341797,32775.6328125,8.479302406311035,325.5238670766182,330.0450439453125,9.854011535644531,80.56108093261719,3.390470504760742,False,0,1,1,83.55514372600737,99.3065441050049,0.774170298243274,0.5045647621154785,33.40973546517489,1
859,7.036752223968506,203.0502471923828,28184.900390625,7.076633453369141,344.524169921875,445.7007751464844,19.775367736816406,53.2701530456543,4.456104278564453,False,1,1,1,139.94302887903177,63.237270157594985,0.5893643010563311,0.03675222396850586,88.12110078221303,0
860,8.783167839050293,218.0328369140625,16183.5869140625,7.390474319458008,334.05389404296875,389.0216064453125,16.354520797729492,47.100982666015625,4.274137020111084,False,0,1,1,120.8676659626617,41.600740432747145,0.6526876056512299,1.783167839050293,69.90146278775228,1
861,7.036752223968506,184.75070190429688,28499.107421875,6.5500311851501465,330.71954345703125,381.5016174316406,11.044404983520508,62.01482391357422,3.4032695293426514,False,1,1,1,72.34119706348702,74.70245483894746,0.5586325483352274,0.03675222396850586,37.58708695013547,0
862,8.159667015075684,215.64822387695312,17068.298828125,8.769621849060059,319.2532043457031,459.5411682128906,14.192543983459473,60.373722076416016,2.9571948051452637,False,1,1,1,124.46324381109207,37.14204509110653,0.6754770829738063,1.1596670150756836,41.97011733968202,0
863,7.685396671295166,230.33570861816406,7324.70166015625,7.991366386413574,331.5125427246093,492.85040283203125,14.233951568603516,74.06865692138672,4.179187297821045,False,1,1,1,113.7487221111769,14.861916726059105,0.6948023927851917,0.685396671295166,59.48634959330775,0
864,7.762020587921143,173.63674926757812,15548.4169921875,5.018671035766602,330.3909912109375,520.6407470703125,11.147704124450684,87.48150634765625,3.2563014030456543,False,1,1,1,55.94665980467653,29.864003249487663,0.5255492836097665,0.7620205879211426,36.30028458118659,0
865,7.207931041717529,204.01034545898438,18493.873046875,5.557863712310791,311.5682373046875,437.5120544433594,12.994595527648926,31.39044952392578,4.705562114715576,False,1,1,1,72.22219093927606,42.270545043916464,0.6547854382367417,0.2079310417175293,61.14687641095725,0
866,6.987041473388672,169.72711181640625,19472.625,5.017698287963867,366.0189208984375,425.67095947265625,17.314682006835938,48.882198333740234,4.475161075592041,False,1,1,1,86.87985026233946,45.745721010373835,0.4637113046945205,0.012958526611328125,77.48599095324607,0
867,4.692196369171143,221.5477752685547,24211.630859375,9.363249778747559,307.7139892578125,406.5516662597656,12.61825180053711,60.00314712524414,4.009006023406982,False,0,1,1,118.14784337956007,59.55363809615129,0.7199795338617362,2.3078036308288574,50.58664747321927,1
868,7.036752223968506,219.7257080078125,9840.783203125,8.513654708862305,309.8387451171875,396.8056640625,12.428763389587402,71.62549591064453,3.1834354400634766,False,1,1,1,105.8141999570962,24.80000682846854,0.709161493716824,0.03675222396850586,39.566165850576,0
869,4.059431552886963,200.38307189941406,25770.005859375,8.342129707336426,326.465570241395,414.1578369140625,11.084834098815918,66.62102508544922,4.330321788787842,False,0,0,1,92.47112383662807,62.22266851007239,0.6137954184187064,2.940568447113037,48.00089862320101,2
870,8.389945983886719,213.66567993164062,17674.70703125,8.348814964294434,334.8435474205034,471.369873046875,19.30124855041504,70.82951354980469,3.5697174072265625,False,1,1,1,161.14255272727132,37.496471464131695,0.6381060078341867,1.3899459838867188,68.90000293162302,0
872,6.791697025299072,175.89434814453125,21467.951171875,7.101223945617676,349.49218749999994,427.23974609375,12.55698299407959,55.253910064697266,2.8173913955688477,False,1,1,1,89.16994832227192,50.24801956725307,0.5032854923008709,0.20830297470092773,35.37793584182418,0
873,9.953951835632324,232.94900512695312,3773.28125,9.979849815368652,328.3454752909931,339.8830261230469,18.343589782714844,82.44900512695312,4.052905082702637,False,0,1,1,183.06627110622503,11.101705436541172,0.709463117197035,2.953951835632324,74.34482826537715,1
874,7.036752223968506,218.9864044189453,9836.4013671875,7.064672470092773,328.72430419921875,386.3452453613281,15.54796314239502,57.32811737060547,3.837256669998169,False,1,1,1,109.84126717809522,25.46013302823982,0.6661704077105941,0.03675222396850586,59.66152527304098,0
875,4.489783763885498,188.25193786621094,14906.0478515625,8.486030578613281,374.2269287109375,518.5852661132812,11.226577758789062,65.1827621459961,3.7762255668640137,False,0,1,1,95.26908215426374,28.74367784209801,0.5030421995862819,2.510216236114502,42.394089961126156,1
877,5.090035438537598,174.266357421875,34094.05859375,6.741909503936768,376.6636047363281,526.361083984375,17.107563018798828,48.54625701904297,4.838862419128418,False,0,1,1,115.337641705637,64.77313685673036,0.4626578059783797,1.9099645614624023,82.78114377453676,1
878,6.466874599456787,214.33726501464844,14848.1298828125,7.054937839508057,304.5732421875,304.95635986328125,12.180826187133789,66.62102508544922,3.4081687927246094,False,0,1,1,85.93497158408081,48.689359489927966,0.7037297917949381,0.5331254005432129,41.51431168059207,1
879,6.70249605178833,208.5537872314453,29057.228515625,7.029490947723389,302.7449645996094,361.94775390625,10.614582061767578,53.879737854003906,4.267952919006348,False,1,0,1,74.61510851706225,80.28017337240085,0.6888761529638939,0.2975039482116699,45.30253649455335,1
880,5.766204357147217,179.57264709472656,27700.12109375,6.19893741607666,376.25308340072166,536.2686767578125,12.828121185302734,90.00676727294922,4.472018241882324,False,0,1,1,79.5207203935388,51.65343836519913,0.47726558143899733,1.2337956428527832,57.36759194975093,1
881,6.571099281311035,207.74102783203125,23372.8828125,6.280195236206055,313.84698486328125,497.9023132324219,12.874805450439453,75.41670989990234,4.5559492111206055,False,1,1,1,80.8562918569296,46.942707724771665,0.6619181868534111,0.42890071868896484,58.6569597352609,0
882,8.509220123291016,200.30435180664062,10587.3046875,6.392545223236084,307.3989562988281,585.22265625,11.798990249633789,63.82756805419922,2.5198915004730225,False,0,1,1,75.42557875930561,18.091071075837093,0.6516103813973615,1.5092201232910156,29.73217524421625,1
883,5.953981876373291,186.4570770263672,32241.080078125,8.439681053161621,347.7131652832031,416.09100341796875,14.63892650604248,68.90775299072266,4.071916580200195,False,0,1,1,123.54787067167217,77.48564553377949,0.5362381845342689,1.046018123626709,59.60848755628649,1
884,5.403196334838867,185.64352416992188,27509.892578125,8.257587432861328,383.10455418900364,587.378662109375,10.024039268493652,63.397499084472656,3.8714630603790283,False,0,1,1,82.77438069002164,46.83502194733693,0.48457665578613424,1.5968036651611328,38.80769774376199,1
885,5.596930027008057,162.72467041015625,23930.375,7.45655632019043,352.97048371973824,535.3395385742188,19.17473793029785,54.96631622314453,3.5067646503448486,False,0,1,1,142.9775133021576,44.701303062786984,0.4610149501292186,1.4030699729919434,67.24129315359505,1
887,4.916819095611572,162.456787109375,22829.123046875,4.024455547332764,360.59045410156244,541.7723388671875,11.580141067504883,66.62102508544922,3.836703300476074,False,0,1,1,46.60376295801598,42.13785268637272,0.4505299150628324,2.0831809043884277,44.42956545367451,1
888,7.183095932006836,200.3681640625,13501.677734375,7.9820966720581055,358.33184814453125,617.5408935546875,11.17654800415039,71.53683471679688,3.806539535522461,False,1,1,1,89.2122866290265,21.863617216979844,0.5591692855124428,0.18309593200683594,42.543971848463116,0
889,5.923441410064697,167.65859985351562,25951.5546875,6.296103000640869,350.3819885253906,471.8575134277344,15.770463943481445,53.32181167602539,4.107363700866699,False,0,1,1,99.29246535605216,54.99871019109205,0.47850233421134836,1.0765585899353027,64.77503114728279,1
890,7.3770365715026855,175.00827026367188,15340.9521484375,6.144845008850098,371.0105285644531,579.4618530273438,11.915740013122559,78.17916870117188,4.53165864944458,False,1,1,1,73.22037554639155,26.474481524220554,0.47170701723512376,0.37703657150268555,53.99806629499972,0
891,7.83349609375,220.95742797851562,28338.982421875,9.370848655700684,316.2744140625,462.1424255371094,15.33300495147705,57.03352355957031,5.580830097198486,False,1,1,1,143.68326883740065,61.32088463338568,0.6986256790162794,0.83349609375,85.57089551369654,0
892,4.745764255523682,186.30313110351562,33153.8125,8.840473175048828,370.1678466796875,296.964111328125,14.784313201904297,48.45137405395508,3.699146270751953,False,0,1,1,130.70032427295519,111.64248851513516,0.5032936606226451,2.2542357444763184,54.68933704645315,1
893,9.055826187133789,196.4759063720703,20226.287109375,5.838594436645508,298.8035583496094,342.3594055175781,12.813633918762207,84.27922058105469,5.456912994384766,False,0,1,1,74.8136117112972,59.0791043690412,0.6575420547189247,2.055826187133789,69.92288543658287,1
894,5.492156028747559,176.2714080810547,26422.09765625,8.072933197021484,366.64477539062506,500.93878173828125,7.609797954559326,59.396785736083984,3.2941293716430664,False,0,1,1,61.43339052998817,52.745162815741494,0.48076890612305984,1.5078439712524414,25.067658954383205,1
895,4.487517356872559,199.05140686035156,36860.46875,9.751561164855957,338.0494384765625,390.56695556640625,8.123470306396484,75.66878509521484,2.7657222747802734,False,0,1,1,79.21651756371648,94.37682356452187,0.5888233601823561,2.5124826431274414,22.46726277491689,1
896,7.027185440063477,185.32069396972656,30988.97265625,8.60047721862793,327.4626770019531,326.2690734863281,9.982009887695312,52.71658706665039,5.353043556213379,False,1,1,1,85.85004863524227,94.97980372500352,0.5659292078733358,0.027185440063476562,53.43413370738563,0
897,10.200644493103027,182.08059692382812,8016.203125,5.567500591278076,337.7815856933594,291.60028076171875,13.469923973083496,50.5673713684082,5.17471981048584,False,0,1,1,74.9938096846131,27.490381959062862,0.5390483202659659,3.2006444931030273,69.7030824292533,1
898,6.7842793464660645,140.36671447753906,17569.580078125,4.084932327270508,319.357177215202,374.1818542480469,10.63422966003418,97.0870590209961,4.045547008514404,False,1,1,1,43.44010851389248,46.95465542143417,0.4395289163751051,0.21572065353393555,43.021275989006426,0
899,8.080414772033691,166.89169311523438,18136.12890625,6.867552757263184,339.3077223939978,600.9371948242188,16.307790756225586,55.586143493652344,4.070824146270752,False,1,1,1,111.99461337278808,30.17974096506922,0.4918593996206885,1.0804147720336914,66.38614838277408,0
900,7.036752223968506,191.3482666015625,14017.3720703125,6.4907002449035645,345.56048583984375,423.9783935546875,11.863247871398926,65.79168701171875,4.167336463928223,False,1,1,1,77.0007858642407,33.061524479414125,0.5537330623401,0.03675222396850586,49.438145435099614,0
901,7.34497594833374,182.30694580078125,5689.80419921875,6.764349937438965,373.8727722167969,360.1844787597656,20.483901977539062,73.48898315429688,3.4187631607055664,False,1,1,1,138.56028106027225,15.796916632870223,0.48761760379664576,0.34497594833374023,70.02960946831445,0
902,5.923739910125732,200.56121826171875,33306.01171875,7.430037498474121,297.085405528561,399.9483337402344,13.797869682312012,63.463409423828125,3.88446044921875,False,0,1,1,102.51868913863746,83.27578545959489,0.6750961637775275,1.0762600898742676,53.59727906441549,1
903,8.285395622253418,196.55206298828125,19096.822265625,7.3578572273254395,342.9368896484375,388.941162109375,14.151473045349121,73.18701171875,5.438488006591797,False,1,1,1,104.12451822402318,49.09951446886259,0.5731435384995575,1.285395622253418,76.96261643273829,0
904,5.94951868057251,160.442626953125,16898.80859375,6.0459065437316895,367.32855224609375,451.0127868652344,16.35995101928711,62.36823272705078,4.072197437286377,False,0,1,1,98.91073492263786,37.46857971308671,0.4367823452200722,1.0504813194274902,66.62095061487162,1
905,7.036752223968506,192.20216369628906,34160.92578125,8.963155746459961,363.4728088378906,474.78173828125,15.90527057647705,50.80782699584961,2.998335361480713,False,1,0,1,142.5614173665508,71.95079960944715,0.5287937873042319,0.03675222396850586,47.689335203369865,1
906,7.036752223968506,215.9971160888672,35971.0234375,10.030508041381836,330.8589172363281,558.1085205078125,14.337804794311523,81.769775390625,2.9341371059417725,False,1,1,1,143.81546628510478,64.45166495634034,0.6528375213225576,0.03675222396850586,42.06908506473928,0
907,5.296578884124756,220.08082580566406,39537.0859375,9.232766151428223,322.43359375000006,393.38861083984375,10.583335876464844,58.80146789550781,3.9184699058532715,False,0,1,1,97.71346524942055,100.50389042170933,0.6825617100361532,1.7034211158752441,41.47048313546475,1
909,7.016836166381836,167.3621826171875,18014.99609375,5.903058052062988,362.5234069824219,471.4844055175781,10.692587852478027,45.00201416015625,4.10139799118042,False,1,0,1,63.118966819961315,38.20910266536748,0.4616589685852854,0.016836166381835938,43.85455833867354,1
910,6.871607303619385,197.51708984375,19557.994140625,8.311348915100098,355.0872497558594,379.50775146484375,18.240711212158203,65.69422912597656,4.180389404296875,False,1,1,1,151.60491534382527,51.53516367873614,0.5562494553755553,0.12839269638061523,76.25327587814536,0
911,7.036752223968506,214.17233276367188,8985.912109375,7.297972679138184,341.8193950447134,498.8039245605469,9.58332347869873,37.616485595703125,5.504749298095703,False,1,1,1,69.93883292288683,18.014918586049205,0.6265657690637777,0.03675222396850586,52.75379319279091,0
912,8.274068832397461,195.80332946777344,18091.203125,7.422104358673096,365.4072265625,369.1983337402344,16.99633026123047,66.62102508544922,2.575423002243042,False,1,1,1,126.1485369133261,49.00131290605321,0.5358496348687652,1.274068832397461,43.77273990849244,0
913,8.238879203796387,198.21340942382812,11451.3125,5.308989524841309,309.32943725585943,401.0637512207031,13.243329048156738,81.19770812988281,2.784712791442871,False,1,1,1,70.30869519069074,28.552349686536637,0.6407841767063808,1.2388792037963867,36.87886780168901,0
914,5.791154384613037,190.4316864013672,20288.236328125,6.298365592956543,347.041015625,544.8574829101562,17.706838607788086,84.38819122314453,4.104835033416748,False,0,1,1,111.52414304732702,37.23585878370794,0.5487296235278748,1.208845615386963,72.68365144830477,1
915,6.153368949890137,237.13983154296875,22052.03515625,8.090494155883789,306.2391662597656,485.0984802246094,17.07526206970215,58.10825729370117,4.030337333679199,False,0,1,1,138.14730798510936,45.45888311293127,0.7743615346949276,0.8466310501098633,68.81906620187692,1
916,7.303051948547363,196.952880859375,22053.009765625,5.392693042755127,305.2215576171875,451.6059265136719,14.665560722351074,71.71077728271484,4.144869804382324,False,1,1,1,79.08686727552549,48.83241875729669,0.645278406124633,0.3030519485473633,60.786839802408394,0
917,7.592672348022461,177.08084106445312,14912.2255859375,6.041143894195557,349.2406005859375,355.2844543457031,17.16196632385254,42.115257263183594,3.3414266109466553,False,1,0,1,103.67790806973153,41.97263730952548,0.5070454015378246,0.5926723480224609,57.34545097069122,1
918,6.784116268157959,189.6083526611328,12736.865234375,5.935771942138672,362.98990678557726,480.30859375,20.606409072875977,76.62149047851562,4.072186470031738,False,1,1,1,122.31494480300898,26.518087274712464,0.52235158221847,0.21588373184204102,83.91314022250481,0
919,5.606856346130371,211.51309204101562,32423.462890625,6.812943458557129,328.74709102189,446.38641357421875,20.926950454711914,52.21897888183594,4.0709662437438965,False,0,1,1,142.57413020797867,72.635415935657,0.6433915224622938,1.393143653869629,85.19290888563319,1
920,7.036752223968506,223.443115234375,36290.74609375,9.380013465881348,333.4451904296875,373.920166015625,16.520496368408203,64.69669342041016,3.817779064178467,False,1,1,1,154.96247839871285,97.05479750770843,0.6701044758700373,0.03675222396850586,63.07160516514523,0
921,4.9220452308654785,197.28720092773438,38494.71875,9.144953727722168,383.2391357421875,357.470703125,13.125941276550293,61.86457824707031,2.2916946411132812,False,0,1,0,120.03612560685087,107.68635948566909,0.514788762454742,2.0779547691345215,30.08064928303793,2
922,5.700785160064697,185.9222412109375,27365.10546875,7.563100337982178,335.67052382003584,359.5065612792969,15.08944034576416,56.46343231201172,3.9781413078308105,False,0,1,0,114.12295137901083,76.11851448622609,0.5538831308188784,1.2992148399353027,60.027925951533234,2
923,7.036752223968506,215.57846069335938,25338.619140625,5.787190914154053,266.1099853515625,429.35028076171875,11.854460716247559,71.16535186767578,3.134000062942505,False,1,1,1,68.60402734926402,59.01619311079771,0.810110374469581,0.03675222396850586,37.1518806308693,0
925,7.602121353149414,199.35316467285156,11346.1435546875,6.900379657745361,304.9664916992188,210.31918334960938,17.925783157348633,62.84667205810547,3.6988747119903564,False,1,1,0,123.69470944812292,53.947259208779705,0.6536887476010974,0.6021213531494141,66.3052260133395,1
926,8.846282005310059,188.4149932861328,17734.94921875,6.057867527008057,317.15054321289057,419.39556884765625,17.115446090698242,60.25157928466797,2.9250376224517822,False,0,1,1,103.68310508309787,42.28692550374852,0.5940869304000226,1.8462820053100586,50.06332374033764,1
927,6.7516984939575195,203.40045166015625,26325.818359375,8.365469932556152,341.89562988281256,381.4403991699219,19.527318954467773,58.2939453125,3.7560067176818848,False,1,1,1,163.355199577034,69.01685911520522,0.5949197160986048,0.24830150604248047,73.34474117129776,0
928,7.036752223968506,148.10313415527344,13597.896484375,5.733148097991943,374.018310546875,357.7110595703125,13.27889633178711,72.69549560546875,3.6195905208587646,False,1,1,1,76.12987924801746,38.0136316240693,0.395978297273052,0.03675222396850586,48.06416729000284,0
929,7.036752223968506,202.07986450195312,12519.0908203125,7.627523899078369,323.6224070346429,399.8833923339844,12.74821662902832,66.62102508544922,4.439215183258057,False,1,1,1,97.2373270085418,31.30685352031236,0.6244310019481748,0.03675222396850586,56.59207681904536,0
930,5.088212966918945,159.96261596679688,39125.2109375,6.055622577667236,375.6191711425781,400.15533447265625,20.189599990844727,68.68869018554688,2.600618600845337,False,0,1,1,122.26059753862955,97.77505750682046,0.42586382120579835,1.9117870330810547,52.50544927981764,1
931,6.954907417297363,159.7664031982422,21895.28515625,4.493900299072266,337.2671813964844,482.5982666015625,10.663491249084473,78.76358795166016,3.16971492767334,False,1,1,1,47.9206665134152,45.3695892135422,0.473708713854122,0.04509258270263672,33.80022739333708,0
932,8.983811378479004,204.6485137939453,15158.7216796875,8.645881652832031,315.52371939589233,416.899169921875,14.618766784667969,68.90294647216797,2.4456734657287598,False,0,1,1,126.3921275305911,36.360642421445775,0.648599457236273,1.983811378479004,35.75273002693939,1
933,9.519659996032715,204.08094787597656,17258.1875,6.1540727615356445,310.71630859375,395.69854736328125,17.061389923095703,44.273380279541016,3.994556188583374,False,0,1,1,104.99703499966199,43.614482720203654,0.6568079678302204,2.519659996032715,68.15268070313596,1
934,4.700392723083496,195.35281372070312,35216.53515625,7.919083118438721,335.2793884277344,539.4646606445312,9.852785110473633,64.72132873535156,3.4819436073303223,False,0,0,1,78.02502423795613,65.28052282218846,0.5826567927546563,2.299607276916504,34.30684212981305,2
936,5.7465291023254395,183.47178649902344,35633.26953125,6.0663862228393555,327.557861328125,354.1744384765625,12.548871040344238,70.52597045898438,3.8083720207214355,False,0,1,0,76.12629839133206,100.60937650924986,0.5601202340099349,1.2534708976745605,47.79076936168849,2
937,7.036752223968506,192.9703826904297,11125.443359375,4.954923152923584,324.7581787109375,332.956298828125,15.164573669433594,79.26457214355469,4.699120998382568,False,1,1,1,75.13929717889187,33.41412481192893,0.5941971434320448,0.03675222396850586,71.2601665615548,0
938,7.036752223968506,248.95465087890625,25253.078125,8.921732902526855,296.821044921875,482.8469543457031,14.142251014709473,69.10401153564453,3.9410738945007324,False,1,1,1,126.17338619372731,52.300377677476696,0.8387365191901943,0.03675222396850586,55.735656283547996,0
940,8.966835975646973,228.6913604736328,16764.85546875,7.137871265411377,320.5559997558594,456.4264831542969,12.599998474121094,77.33013916015625,3.654355049133301,False,0,1,0,89.93716705265615,36.730680735613426,0.7134209309274726,1.9668359756469727,46.044868042976304,2
941,7.036752223968506,212.44996643066406,5699.5048828125,6.6478400230407715,333.052490234375,269.3446350097656,18.082490921020508,89.81605529785156,2.2763919830322266,False,1,1,1,120.20950686103151,21.160640015886017,0.6378873361471397,0.03675222396850586,41.16283736586411,0
942,6.8488054275512695,204.81271362304688,20555.55859375,9.775004386901855,387.6864013671875,389.6382141113281,12.298752784729004,49.45204544067383,3.13004469871521,False,1,1,1,120.22036242414742,52.75549932358875,0.5282948083102064,0.15119457244873047,38.495645954649945,0
943,8.861701965332031,200.6123046875,15247.1279296875,6.050225257873535,313.1270751953125,521.7741088867188,13.780426979064941,69.8704833984375,3.5791072845458984,False,0,1,1,83.3746873730206,29.221702726871158,0.6406737709337164,1.8617019653320312,49.32162658492416,1
944,4.252985000610352,149.93865966796875,20497.822265625,3.271143913269043,302.81982421875,427.11376953125,16.086950302124023,68.20087432861328,3.5883004665374756,False,0,1,0,52.62272956385459,47.991480677688116,0.4951414906856133,2.7470149993896484,57.72481127427682,2
945,6.729829788208008,229.4077911376953,23114.03125,9.733356475830078,321.16046142578125,521.8355102539062,13.140447616577148,68.25206756591797,4.7243218421936035,False,1,1,1,127.9006609041171,44.2937108562425,0.7143089451451716,0.2701702117919922,62.0797036911963,0
946,5.9245405197143555,186.6200714111328,44376.1875,6.614180564880371,341.6377868652344,273.44683837890625,12.758115768432617,59.45669174194336,4.224342346191406,False,0,1,1,84.38448136006082,162.28451424340432,0.5462512580275479,1.0754594802856445,53.89464869820222,1
947,6.783888339996338,193.65357971191406,13677.1064453125,5.171453475952148,323.7286682128906,477.85467529296875,15.056063652038574,66.62102508544922,3.2500221729278564,False,1,0,1,77.86173270749168,28.621895157361983,0.5981971883514694,0.2161116600036621,48.932540706138525,1
948,7.390896797180176,219.3359832763672,25574.091796875,8.7604341506958,319.4173196905772,553.0576782226562,17.730371475219727,60.59843063354492,4.325131416320801,False,1,1,1,155.32575177603758,46.24127420637277,0.686675296136618,0.3908967971801758,76.68618669051102,0
949,6.470151901245117,176.7363739013672,30594.28125,4.3931379318237305,324.65924072265625,524.9097900390625,16.614248275756836,84.2997055053711,3.1253910064697266,False,0,1,1,72.98868430896437,58.2848363133757,0.5443749975007525,0.5298480987548828,51.92602214030558,1
950,6.930391311645508,190.18939208984375,25780.05859375,6.259352684020996,331.0302429199219,481.737548828125,14.049482345581055,70.58635711669922,3.699795961380005,False,1,1,1,87.94066502891837,53.51473764697779,0.5745378121276787,0.06960868835449219,51.980218041660464,0
952,7.421997547149658,220.38531494140625,15772.6533203125,9.157615661621094,319.9129333496094,463.2969055175781,16.981660842895508,80.26935577392578,3.603609561920166,False,1,0,1,155.51152329523757,34.044374349203785,0.6888915429113701,0.4219975471496582,61.19527539074352,1
953,6.583065032958984,163.36160278320312,17977.693359375,6.542088031768799,346.04834206365246,383.12451171875,18.09454345703125,44.13646697998047,3.7728586196899414,False,1,1,1,118.37609619056457,46.92389226625221,0.47207740206735865,0.4169349670410156,68.26815425121458,0
954,6.2044291496276855,211.64096069335938,35439.6875,6.2368364334106445,314.1313171386719,552.4627685546875,8.660869598388672,56.35009765625,4.106807708740234,False,0,1,1,54.016427056249086,64.14855344653569,0.6737340356491657,0.7955708503723145,35.568526031056535,1
955,9.066628456115723,203.38412475585938,22710.458984375,5.962836742401123,321.5859375,496.16143798828125,18.36762046813965,76.41651153564453,4.055421352386475,False,0,1,1,109.52312219790201,45.77231763654127,0.6324409758228884,2.0666284561157227,74.48844023902438,1
956,4.713116645812988,209.34205627441406,20070.568359375,6.591108798980713,301.9655456542969,354.1701965332031,14.023834228515625,89.65078735351562,3.923356056213379,False,0,1,1,92.43261717901623,56.6692751088787,0.6932647071623632,2.2868833541870117,55.020494951779256,1
958,7.57426118850708,227.9846649169922,8672.52734375,7.335361957550049,323.6505248512245,433.6795349121094,11.238913536071777,54.86589050292969,3.6867589950561523,False,1,1,1,82.44149879669521,19.99754801782392,0.7044161733319478,0.5742611885070801,41.43516557377097,0
959,6.138785362243652,158.42213439941406,20129.978515625,6.812142848968506,352.2299499511719,373.8436279296875,13.417813301086426,80.73109436035156,4.6772894859313965,False,0,1,1,91.4040609277904,53.84598521380993,0.4497690612953452,0.8612146377563477,62.75899707736198,1
960,5.276323318481445,186.38258361816406,42063.875,6.862987995147705,319.8379821777344,312.0025329589844,18.964418411254883,71.39897918701172,3.883028984069824,False,0,1,1,130.15257589140037,134.81901722480782,0.582740616878487,1.7236766815185547,73.63938635693012,1
961,6.77687931060791,189.43881225585938,19663.791015625,8.38640308380127,375.45733642578125,420.3573913574219,14.831560134887695,61.050418853759766,3.3220651149749756,False,1,1,1,124.38344165280614,46.7787444044882,0.5045548278659138,0.22312068939208984,49.271408524763956,0
962,7.239416122436523,211.87283325195312,13911.826171875,8.204071044921875,345.0439758300781,494.4169006347656,15.416475296020508,32.74561309814453,4.531825065612793,False,1,1,1,126.47785859083524,28.137845057230482,0.6140458824942565,0.23941612243652344,69.86476916990614,0
963,6.552278995513916,190.5476837158203,15362.4521484375,6.928597450256348,356.3179626464844,353.06365966796875,14.896210670471191,66.62102508544922,3.443385124206543,False,1,1,1,103.2098472699081,43.5118474650519,0.5347686705598413,0.447721004486084,51.293390229747274,0
964,8.40876579284668,210.79541015625,27662.396484375,6.634210109710693,291.6876525878906,555.5809936523438,12.344834327697754,67.06182098388672,2.3727915287017822,False,1,1,1,81.89822469951605,49.79003376759642,0.7226751203328996,1.4087657928466797,29.29171831598819,0
965,7.986398696899414,202.09393310546875,20447.490234375,5.689518451690674,310.7403301197619,477.6688232421875,12.258395195007324,43.84169006347656,4.814779281616211,False,1,1,1,69.74436565011047,42.80683435184315,0.650362739774452,0.9863986968994141,59.02146721078498,0
966,7.366915225982666,185.04359436035156,14151.759765625,5.58436918258667,324.57046508789057,336.9568786621094,15.23382568359375,49.997032165527344,3.051316499710083,False,1,1,0,85.07130668035825,41.99872630532422,0.5701183986045223,0.366915225982666,46.483223662056844,1
967,6.062738418579102,224.8411865234375,25842.58203125,9.463390350341797,343.2515323232582,385.3916320800781,13.074749946594238,85.35121154785156,4.369454860687256,False,0,1,1,123.73146247773184,67.05537903019376,0.655033305595441,0.9372615814208984,57.12952970641663,1
968,7.856471061706543,204.78343200683594,5619.1357421875,5.8167033195495605,343.54541015625006,432.0431213378906,14.947720527648926,55.961612701416016,4.53468132019043,False,1,0,0,86.94645561287462,13.00596040455635,0.5960883928491686,0.856471061706543,67.78314905615662,2
969,5.158396244049072,189.29579162597656,35086.3984375,6.736117839813232,340.871826171875,331.58673095703125,12.909797668457031,61.34466552734375,4.645852565765381,False,0,1,1,86.96191838287268,105.81363805004924,0.555328356692058,1.8416037559509277,59.97701662151303,1
970,7.036752223968506,197.57073974609375,17439.443359375,6.226491451263428,350.16825600737906,406.0148010253906,16.690265655517578,68.9690170288086,3.458319902420044,False,1,1,1,103.92179642339579,42.95272800986306,0.5642165895749093,0.03675222396850586,57.72027789315416,0
971,6.399080276489258,230.02793884277344,23037.076171875,10.517848014831543,316.07257080078125,452.9744873046875,13.625533103942871,66.62102508544922,2.6205379962921143,False,0,1,1,143.311286308327,50.85733692882811,0.7277693775585145,0.6009197235107422,35.706227218618324,1
972,7.394255638122559,207.96304321289062,29917.8203125,7.8162946701049805,347.00081978893587,392.4966735839844,13.173426628112793,79.78044128417969,4.263192653656006,False,1,0,1,102.96738434033705,76.2243918224544,0.5993157098016915,0.3942556381225586,56.16085562444687,1
973,4.443850994110107,240.16790771484375,24070.263671875,9.768406867980957,338.05242919921875,533.9686279296875,11.877581596374512,69.0365219116211,5.038118839263916,False,0,0,0,116.025049641029,45.078048349249656,0.7104457364004443,2.5561490058898926,59.840667605588806,3
974,8.247148513793945,175.91183471679688,9913.962890625,4.97450590133667,324.4333190917969,302.20050048828125,11.070511817932129,71.43816375732422,3.941969156265259,False,1,0,1,55.07032636912072,32.80591144554882,0.5422126021674453,1.2471485137939453,43.63961613035849,1
975,4.902159214019775,214.6437530517578,28278.7890625,9.915647506713867,337.1375427246094,375.036376953125,15.503144264221191,61.59103775024414,3.4990484714508057,False,0,0,1,153.72371376975025,75.40278950228797,0.6366652336622867,2.0978407859802246,54.246253240404485,2
976,6.863136291503906,194.58665466308594,23610.517578125,8.193415641784668,346.76806640625,439.2296142578125,14.659740447998047,89.0271987915039,4.319777011871338,False,1,1,1,120.11334669113057,53.75438439929978,0.5611435220046411,0.13686370849609375,63.32680978726239,0
977,6.669532299041748,190.75115966796875,16246.1728515625,6.3729753494262695,324.3418884277344,383.2458190917969,7.852085590362549,86.44055938720703,1.9648630619049072,False,1,1,1,50.04114790896574,42.39099815275517,0.5881175570769728,0.33046770095825195,15.428272935419159,0
978,7.595669746398926,207.11546325683594,13486.142578125,6.192662715911865,328.2095642089844,452.44573974609375,14.810630798339844,88.0203628540039,3.403393268585205,False,1,1,1,91.71724114401513,29.80720418737069,0.6310463959968903,0.5956697463989258,50.406401162570546,0
979,8.163076400756836,183.16184997558594,20335.67578125,6.02855920791626,333.0844421386719,475.2964782714844,18.248098373413086,49.60484313964844,3.2872440814971924,False,1,1,1,110.00974147600118,42.785243880661014,0.5498961411996381,1.163076400756836,59.98595337658071,0
980,8.870278358459473,193.3699493408203,16854.12890625,5.180105686187744,318.3546142578125,355.4709167480469,19.03221893310547,58.809200286865234,4.182740688323975,False,0,1,1,98.58890551614968,47.41352404585735,0.6074042595054697,1.8702783584594727,79.60683652059015,1
981,8.769676208496094,215.36874389648438,13969.4384765625,7.548543453216553,322.799072265625,369.01666259765625,18.919187545776367,54.75521469116211,3.7767183780670166,False,0,0,1,142.81230928884634,37.85584732236798,0.6671913327311869,1.7696762084960938,71.45244330223022,2
982,4.737391471862793,215.52951049804688,30684.2109375,8.781904220581055,318.1992058542974,313.51348876953125,11.07028865814209,62.91442108154297,3.8533880710601807,False,0,1,1,97.2182146899886,97.87205954058453,0.6773414447784506,2.262608528137207,42.65811825847754,1
983,7.79087495803833,196.4787139892578,24061.349609375,6.785685062408447,350.11724853515625,471.5185241699219,15.343316078186035,44.54462814331055,3.07621431350708,False,1,1,1,104.11491071955834,51.02948945792527,0.5611797597808126,0.7908749580383301,47.1993285363792,0
984,7.036752223968506,238.4095916748047,26493.076171875,8.669943809509277,311.5536804199219,369.28387451171875,11.759930610656738,91.23929595947266,3.241267204284668,False,1,1,1,101.95793759812204,71.74176271618519,0.7652279715914149,0.03675222396850586,38.117077412985054,0
985,6.087306022644043,214.55609130859375,11628.3369140625,7.231926918029785,322.53176949674963,344.072021484375,13.232307434082031,98.6866226196289,3.6666717529296875,False,0,0,1,95.69508032018348,33.79622914440992,0.6652246722180071,0.912693977355957,48.5185278946301,2
986,7.651294231414795,200.71705627441406,11699.1337890625,6.64827299118042,349.25543212890625,420.828369140625,18.86381721496582,52.908851623535156,3.2580416202545166,False,1,1,1,125.41180650082151,27.800249743507287,0.5746998821929039,0.6512942314147949,61.459101603232284,0
988,7.036752223968506,190.63063049316406,26913.373046875,4.649166584014893,302.41754150390625,509.2848815917969,16.19894790649414,64.1019515991211,3.452821969985962,False,1,1,1,75.31160730307056,52.84541907058071,0.630355729085067,0.03675222396850586,55.93208322220107,0
989,5.392057418823242,198.0171661376953,19900.408203125,7.843225479125977,348.9519348144531,419.81396484375,14.616509437561035,80.56825256347656,2.9789254665374756,False,0,1,1,114.64057923656401,47.40292087026878,0.5674625809870453,1.6079425811767578,43.54149219543592,1
991,6.3641557693481445,193.50689697265625,22958.009765625,6.67463493347168,328.21271439038475,432.1943664550781,16.271825790405273,64.57685089111328,4.764411926269531,False,0,1,1,108.60849685200446,53.11964128734564,0.5895776973250232,0.6358442306518555,77.52568085798703,1
992,7.036752223968506,226.76564025878906,39942.953125,8.594714164733887,330.56782004748936,538.621826171875,13.744749069213867,66.62102508544922,4.863377571105957,False,1,0,1,118.13218951588533,74.15769489834311,0.6859882475560497,0.03675222396850586,66.8459043436942,1
993,8.347949028015137,231.20309448242188,13533.23046875,7.623603820800781,313.671142578125,527.380859375,18.66390037536621,58.0528678894043,4.217861652374268,False,1,1,1,142.28618221268698,25.66120897737367,0.7370875492244218,1.3479490280151367,78.72174967699084,0
994,6.615981578826904,194.9806365966797,20919.05078125,6.136369705200195,350.19193833288824,383.1220703125,9.68437671661377,41.33777618408203,4.635709285736084,False,1,1,1,59.42691589757487,54.60152872317038,0.5567821948389664,0.3840184211730957,44.89395507177278,0
995,8.312379837036133,203.7445526123047,8727.2470703125,7.456302165985107,325.949094148738,543.3930053710938,15.4704008102417,81.50868225097656,2.9880928993225098,False,1,1,1,115.35198307006294,16.060654016501072,0.625080896510332,1.3123798370361328,46.22699481075642,0
996,6.8362250328063965,166.7429656982422,24293.171875,6.86123514175415,332.881591796875,390.8049621582031,16.006990432739258,87.10192108154297,3.6666135787963867,False,1,1,1,109.82772527083307,62.16188166772538,0.5009077380856835,0.16377496719360352,58.69144847634561,0
997,6.385470867156982,231.48846435546875,26756.91796875,8.774356842041016,280.15453990145005,422.06768798828125,16.5631160736084,73.2606430053711,4.681716442108154,False,0,1,1,145.33069084598537,63.39485032101784,0.8262884606853452,0.6145291328430176,77.5438128543583,1
998,6.490036964416504,205.54151916503906,19397.32421875,7.89424467086792,368.5610656738281,479.78619384765625,15.805085182189941,56.98202133178711,2.4308834075927734,False,0,0,1,124.76920947211647,40.42910035147869,0.5576864670487311,0.5099630355834961,38.420319324975935,2
999,7.036752223968506,236.3569793701172,24873.623046875,9.41065788269043,300.68841552734375,479.0560302734375,13.521923065185547,46.59886932373047,5.284233093261719,False,1,1,1,127.2501918825219,51.92215820925034,0.786052825379203,0.03675222396850586,71.4529933455924,0
1000,6.648849010467529,181.68812561035156,30733.50390625,5.961272239685059,343.92523193359375,257.7041931152344,17.75844383239746,35.296180725097656,4.8275275230407715,False,1,1,1,105.86291823807733,119.25884253365035,0.5282779750139256,0.3511509895324707,85.72937636727238,0
1001,7.036752223968506,210.97975158691406,21174.408203125,7.618884563446045,363.79365368593193,572.743408203125,15.110848426818848,90.25245666503906,4.217553615570068,False,1,1,1,115.12780981966307,36.97014729961814,0.5799434620954447,0.03675222396850586,63.73081341686111,0
1002,9.323583602905273,212.71066284179688,15751.17578125,5.501070022583008,296.8485107421875,399.7737121582031,10.622265815734863,74.55428314208984,3.00665020942688,False,0,1,1,58.433828050847296,39.40022883649871,0.7165630091706028,2.3235836029052734,31.937437739467214,1
1003,4.581968784332275,186.09791564941406,33897.06640625,6.358402252197266,316.55279541015625,406.38238525390625,19.699848175048828,62.32330322265625,4.500207424163818,False,0,1,1,125.25955900417466,83.41175098339826,0.5878890275487811,2.4180312156677246,88.65340301225478,1
1004,7.8848419189453125,229.24266052246094,21733.828125,7.90308141708374,315.1899719238281,368.7709045410156,11.635398864746094,49.8043212890625,4.631640911102295,False,1,1,1,91.9555045483321,58.935853665339415,0.7273158419219825,0.8848419189453125,53.890989398951206,0
1005,6.1688385009765625,238.30104064941406,24827.517578125,7.720010757446289,269.49017333984375,482.67333984375,22.091989517211914,79.16928100585938,4.435760021209717,False,0,1,1,170.55039672626663,51.43751576319628,0.8842661563938942,0.8311614990234375,97.99476388943276,1
1006,7.2308454513549805,177.57479858398438,17864.689453125,5.8182291984558105,343.59332275390625,367.69000244140625,19.91295051574707,59.30305480957031,5.622017860412598,False,1,1,1,115.8581101181253,48.586279980200366,0.5168167898139073,0.23084545135498047,111.95096345304228,0
1007,7.036752223968506,235.0045928955078,3900.913818359375,6.938729763031006,286.7651062011719,553.4940185546875,19.418012619018555,84.84774017333984,4.071343898773193,False,1,1,1,134.7363420984957,7.047797592280848,0.8195020488690316,0.03675222396850586,79.05740720274207,0
1008,8.69310474395752,184.77281188964844,13283.7783203125,6.521814823150635,348.5547790527344,560.9658813476562,13.978347778320312,71.73384857177734,2.8982231616973877,False,0,1,1,91.16419574380416,23.68018936324533,0.5301112549989799,1.6931047439575195,40.51237129338915,1
1009,7.036752223968506,194.80609130859375,32981.23828125,9.55478572845459,318.0744632609835,286.79443359375,10.415888786315918,71.90514373779297,3.231679677963257,False,1,0,1,99.52158552466153,114.99957566459955,0.6124543564388535,0.03675222396850586,33.660816118662524,1
1010,4.797460079193115,190.31512451171875,21280.24609375,6.188502788543701,326.794189453125,357.4361877441406,11.713821411132812,63.863067626953125,4.0385026931762695,False,0,1,1,72.49101646729832,59.53579062186898,0.5823699749614042,2.2025399208068848,47.30629931624571,1
1011,9.31917667388916,199.3335723876953,14294.240234375,7.784940242767334,366.0517578125,338.4414367675781,15.215292930603027,63.3914680480957,4.129230499267578,False,0,1,1,118.45014624094483,42.235490809465986,0.5445502380164726,2.31917667388916,62.82745162433639,1
1012,7.5816874504089355,180.7491455078125,11989.24609375,4.977306842803955,328.1769714355469,617.8834838867188,13.56125259399414,39.21591567993164,4.457282543182373,False,1,0,1,67.49851533307992,19.403732883309026,0.5507673014544345,0.5816874504089355,60.44633445089676,1
1013,5.3482136726379395,232.6685028076172,11797.9208984375,7.816284656524658,312.98675537109375,371.91064453125,11.975680351257324,65.7970199584961,3.3111681938171387,False,0,1,1,93.60532658097645,31.722460865794638,0.7433813031109631,1.6517863273620605,39.65349187840411,1
1014,5.4878764152526855,179.2069854736328,20162.01953125,5.211430549621582,305.2641296386719,510.609375,12.588475227355957,58.86155700683594,4.223576545715332,False,0,0,1,65.60396437299732,39.486191360594994,0.5870554955103863,1.5121235847473145,53.1683887165791,2
1015,7.036752223968506,206.57785034179688,40710.5234375,8.813666343688965,320.4493408203125,468.0517272949219,14.523499488830566,71.45044708251953,5.4861321449279785,False,1,1,1,128.00527863728985,86.97868414204014,0.6446505683810471,0.03675222396850586,79.67783740251843,0
1016,8.315958976745605,221.2702178955078,16123.3046875,9.475801467895508,348.1773376464844,501.6739807128906,22.159748077392578,75.36497497558594,2.7602126598358154,False,1,1,1,209.98137335995125,32.13900914783221,0.6355101074517965,1.3159589767456055,61.165617181991365,0
1017,8.551077842712402,216.4159393310547,28909.291015625,6.936782360076904,295.22369384765625,510.8949890136719,16.20237159729004,79.85932159423828,4.046379566192627,False,0,0,1,112.3923254874926,56.58558330127952,0.733057485249385,1.5510778427124023,65.56094535513421,2
1018,6.0131611824035645,218.84326171875,21573.748046875,9.295851707458496,321.1683044433594,444.2766418457031,14.74434757232666,62.4432373046875,3.455622434616089,False,0,1,1,137.06126855557432,48.559266831336764,0.6813974418074848,0.9868388175964355,50.95089825470927,1
1019,5.744067668914795,173.8508758544922,28391.998046875,7.017330169677734,355.4615783691406,336.0617980957031,16.895179748535156,65.4473648071289,3.1716551780700684,False,0,1,1,118.55905457152403,84.48445530933307,0.489084857393128,1.255932331085205,53.585684333866084,1
1020,5.218989849090576,164.79098510742188,27007.88671875,6.592516899108887,338.60875522592397,422.22381591796875,14.070878982543945,73.92031860351562,4.383942604064941,False,0,1,1,92.76250747773702,63.96580589862176,0.48667077291253297,1.7810101509094238,61.68592584821636,1
1021,7.036752223968506,240.42979431152344,25959.61328125,10.571596145629883,343.528316045717,446.74298095703125,13.573471069335938,80.26837158203125,3.35835337638855,False,1,1,1,143.49325443941052,58.108609043010894,0.6998834808704485,0.03675222396850586,45.584512395016645,0
1022,7.458707809448242,207.7865753173828,10513.296875,8.920633316040039,337.6463651175399,442.3681335449219,18.72530174255371,43.89808654785156,2.938082456588745,False,1,1,1,167.04155057752723,23.765945270482383,0.6153970430857505,0.4587078094482422,55.01648054412772,0
1024,6.729580402374268,242.1641387939453,17975.552734375,9.808650970458984,322.235107421875,440.85943603515625,13.571222305297852,62.17947769165039,4.003458023071289,False,1,1,1,133.1153828351744,40.77388669563978,0.7515138247347661,0.2704195976257324,54.33181882102872,0
1025,4.150214195251465,174.92674255371094,41489.640625,5.569868564605713,323.3510610629913,425.25006103515625,12.534008979797363,86.68363189697266,3.502370834350586,False,0,1,1,69.81278260505906,97.56527824226389,0.5409808813914886,2.849785804748535,43.89874748833063,1
1026,7.159398078918457,171.81610107421875,28954.80078125,5.8170905113220215,357.3287658691406,530.5264282226562,18.117042541503906,79.09443664550781,3.2549264430999756,False,1,1,1,105.38847626139977,54.57748980324217,0.48083478579025374,0.15939807891845703,58.96964083910825,0
1027,7.036752223968506,235.41744995117188,13927.0029296875,8.551446914672852,341.3084525740212,446.42236328125,14.134953498840332,51.70521545410156,3.6626482009887695,False,1,1,1,120.87430448670239,31.196920324792167,0.6897498362141088,0.03675222396850586,51.771362003587456,0
1028,6.209697246551514,169.31851196289062,22610.76953125,4.87541389465332,327.37994384765625,549.2767333984375,17.015117645263672,51.50550842285156,3.8937668800354004,False,0,1,1,82.95574098687939,41.164622703368444,0.5171926827762211,0.7903027534484863,66.25290154703362,1
1029,7.036752223968506,178.7777099609375,10490.8388671875,7.533041954040527,354.0576477050781,367.7586975097656,14.668950080871582,57.401466369628906,4.126407623291016,False,1,1,1,110.50181638093181,28.52641938776309,0.5049395504229177,0.03675222396850586,60.530067439383856,0
1030,9.60853385925293,231.34022521972656,4544.841796875,6.577834129333496,300.9223327636719,328.90447998046875,11.789619445800781,78.56818389892578,3.0427968502044678,False,0,1,1,77.55016116244224,13.818120638936765,0.7687705406452439,2.6085338592529297,35.87341691479196,1
1032,8.697122573852539,166.45277404785156,27752.0,5.350923538208008,372.26409912109375,393.5557861328125,13.74866771697998,75.02454376220703,4.180567741394043,False,0,1,1,73.56806970578873,70.51605110976195,0.44713625083296016,1.697122573852539,57.47723674475219,1
1033,7.748928546905518,198.8430938720703,18939.9375,7.375883102416992,316.82025146484375,368.4028625488281,9.984033584594727,65.25154876708984,3.1369450092315674,False,1,1,1,73.641064610576,51.41093996271204,0.6276211584489383,0.7489285469055176,31.319364325194783,0
1034,7.117917537689209,216.11631774902344,20067.572265625,9.605650901794434,349.08496093750006,331.9716491699219,17.53912925720215,84.0328598022461,4.213567733764648,False,1,1,1,168.47475276613295,60.449656635900325,0.6190937488384755,0.11791753768920898,73.9023091164745,0
1035,8.310029029846191,212.69827270507812,40936.15234375,7.703374862670898,301.2544250488281,365.43121337890625,12.971868515014648,70.4852523803711,4.775784969329834,False,1,1,1,99.92716584043592,112.0214988019725,0.7060419841619303,1.3100290298461914,61.95085467812987,0
1036,5.524296760559082,157.14242553710938,26220.173828125,6.344585418701172,379.78839111328125,475.34228515625,16.903181076049805,51.10661315917969,4.033390998840332,False,0,1,1,107.24367618477118,55.16061707900768,0.4137631080895115,1.475703239440918,68.17713840390752,1
1037,10.201425552368164,190.799072265625,8918.892578125,4.899874687194824,306.49536132812494,331.3789367675781,18.525434494018555,68.54744720458984,3.964449644088745,False,0,1,1,90.77230754652737,26.914482369366862,0.6225186274151878,3.201425552368164,73.44315218640122,1
1039,8.9378023147583,147.91688537597656,10562.4609375,3.69427490234375,371.1763000488281,480.3202209472656,16.980754852294922,61.15804672241211,2.8312344551086426,False,0,1,1,62.73157647368498,21.9904564806344,0.398508431055565,1.9378023147583008,48.07649821157065,1
1040,8.124207496643066,207.509521484375,26489.115234375,8.540837287902832,318.05963134765625,431.62567138671875,10.07559871673584,63.98422622680664,4.724456787109375,False,1,1,1,86.05404921784339,61.37057392323469,0.6524233205978053,1.1242074966430664,47.60173074147315,0
1042,5.4994893074035645,230.30877685546875,13902.96875,9.619574546813965,352.0843200683594,442.1669921875,14.740787506103516,66.62102508544922,5.846827030181885,False,0,1,1,141.80010429370668,31.442800942187187,0.6541296021266249,1.5005106925964355,86.18683483685345,1
1043,7.036752223968506,256.6734619140625,8904.7998046875,9.711380004882812,293.1111145019531,324.9978332519531,16.84844398498535,72.68768310546875,3.3716800212860107,False,1,1,1,163.62164202917484,27.399566600754927,0.8756865514107471,0.03675222396850586,56.80756197393157,0
1044,5.319768905639648,204.2020721435547,22390.794921875,8.053559303283691,315.0274963378906,399.1190185546875,13.974084854125977,83.15799713134766,2.925732135772705,False,0,1,1,112.54112108182198,56.100546014713295,0.6482039627306967,1.6802310943603516,40.884429125731,1
1045,6.36911153793335,235.3409423828125,34456.80078125,9.170940399169922,295.35052490234375,357.41729736328125,9.21326732635498,59.280269622802734,2.2759034633636475,False,0,1,1,84.49432553162114,96.40496120092062,0.7968191072753562,0.6308884620666504,20.968507016946432,1
1046,6.733493804931641,197.5626678466797,27430.44140625,6.0350871086120605,303.93768310546875,397.68499755859375,19.394025802612305,54.51072692871094,3.1780035495758057,False,1,1,1,117.04463510543519,68.9752983031078,0.6500104402260428,0.2665061950683594,61.63428284126667,0
1047,6.8830156326293945,210.50221252441406,14298.41015625,7.243682861328125,316.7538757324219,570.4242553710938,15.958333969116211,70.61582946777344,4.102291584014893,False,1,1,1,115.59711026743753,25.066273035465137,0.6645608088397162,0.11698436737060547,65.46573913640441,0
1048,8.013516426086426,225.1564483642578,20375.66796875,7.837397575378418,308.5948181152344,382.0142517089844,12.666016578674316,78.76705169677734,4.4449005126953125,False,1,1,1,99.26860762340493,53.337454883580044,0.7296183682208245,1.0135164260864258,56.2991835843568,0
1049,8.272054672241211,204.22532653808594,24196.5234375,8.448405265808105,332.890380859375,500.68487548828125,15.157407760620117,71.02274322509766,5.140207767486572,False,1,1,1,128.05592354082364,48.32685102695793,0.6134912201349156,1.272054672241211,77.91222510610078,0
1050,8.746986389160156,148.3937225341797,22174.78125,5.459171772003174,369.369873046875,407.3808288574219,15.892078399658203,72.16401672363281,4.763730525970459,False,0,1,1,86.75758579787544,54.43255947453613,0.40174830965058006,1.7469863891601562,75.70557899356754,1
1051,8.154840469360352,202.3173370361328,25620.771484375,7.651668548583984,367.2243041992187,597.8700561523438,11.802846908569336,72.38475799560547,3.6963276863098145,False,1,1,1,90.3114724740517,42.853411335578144,0.5509366732312991,1.1548404693603516,43.62718980542104,0
1052,9.045720100402832,222.18417358398438,22829.111328125,7.609833240509033,293.0624694824219,558.7478637695312,15.357583045959473,44.55526351928711,4.213700294494629,False,0,1,1,116.86864595702036,40.857626073508854,0.7581461154621337,2.045720100402832,64.71225220348515,1
1054,5.961301803588867,182.10899353027344,23926.078125,6.188790321350098,364.9754943847656,567.5261840820312,7.791637897491455,58.17482376098633,4.919585227966309,False,0,1,1,48.22081320745974,42.158544845894085,0.49896224769361547,1.0386981964111328,38.33162670216143,1
1056,8.184410095214844,166.6365509033203,17944.8515625,4.038955211639404,331.9541931152344,363.2357482910156,12.53583812713623,56.31059265136719,4.599081993103027,False,1,1,1,50.63168873586483,49.40276830550349,0.5019865808517973,1.1844100952148438,57.653347398966616,0
1057,7.636454105377197,238.9360809326172,18136.26171875,11.086525917053223,351.55880737304693,514.9640502929688,8.63746166229248,55.603511810302734,3.332906484603882,False,1,0,1,95.7594425765592,35.218500540403895,0.6796475447119981,0.6364541053771973,28.787851984772033,1
1058,7.77538537979126,193.07716369628906,15704.482421875,7.881197452545166,324.3362121582031,301.75347900390625,13.378165245056152,89.05195617675781,3.309471607208252,False,1,1,1,105.43596184906482,52.044080557651576,0.5952994326973622,0.7753853797912598,44.27465803505356,0
1059,7.6171488761901855,196.60694885253906,27080.26953125,7.382754802703857,345.1799011230469,329.0166320800781,8.547283172607422,60.14470291137695,2.391540050506592,False,1,0,1,63.10249589263731,82.30668850306736,0.5695782044183275,0.6171488761901855,20.441170030311696,1
1060,6.6649346351623535,218.77000427246094,16477.3515625,7.325000762939453,299.8465270996094,412.30859375,17.192686080932617,41.035789489746094,4.502138137817383,False,1,1,1,125.93643865980994,39.9636383337847,0.7296065946102444,0.3350653648376465,77.40384769648881,0
1061,7.036752223968506,182.16188049316406,30646.814453125,6.325161457061768,294.9660949707031,404.1201477050781,14.712285041809082,106.37171936035156,3.8557729721069336,False,1,1,1,93.05757829175718,75.8358981885129,0.6175688764964259,0.03675222396850586,56.727231022140586,0
1062,8.81535816192627,208.33108520507812,26780.69140625,7.22396183013916,329.11968994140625,430.4068908691406,7.151750564575195,88.41329956054688,2.875880241394043,False,0,0,1,51.6639730971674,62.22179967878466,0.6329948980237943,1.8153581619262695,20.567578140040496,2
1063,7.7656354904174805,173.18556213378906,13736.341796875,6.98410177230835,359.8136901855469,355.9980163574219,11.51512336730957,39.55047607421875,3.214449644088745,False,1,0,1,80.42279351797606,38.58544465736088,0.4813201008643154,0.7656354904174805,37.01478420968624,1
1064,6.225152015686035,169.7411651611328,29533.609375,5.574917316436768,312.27388891305304,380.11474609375,17.595510482788086,75.51905822753906,2.770822763442993,False,0,1,1,98.09351608203997,77.69656294791412,0.543565026228719,0.7748479843139648,48.75404098010904,1
1065,7.036752223968506,223.72042846679688,15893.6748046875,8.289192199707031,303.8506774902344,360.4684753417969,15.23427677154541,48.19557189941406,4.157927513122559,False,1,1,1,126.27984818287223,44.09171910393931,0.7362841168511235,0.03675222396850586,63.34301853093257,0
1066,8.567044258117676,160.21786499023438,23683.109375,4.286930561065674,360.2862854003906,490.5125427246094,9.027167320251465,67.47622680664062,2.804926872253418,False,0,1,1,38.69883946503933,48.282372546820156,0.4446959849373292,1.5670442581176758,25.32054419690121,1
1067,6.994194507598877,216.66531372070312,23027.384765625,9.796329498291016,382.1529846191406,369.46807861328125,18.96725845336914,59.65152359008789,4.398900508880615,False,1,1,1,185.80951348844974,62.325775990520064,0.5669596257888065,0.005805492401123047,83.43508286259566,0
1069,7.036752223968506,198.65496826171875,20063.490234375,9.539983749389648,344.6185302734375,412.97918701171875,9.767080307006836,43.141998291015625,4.565423488616943,False,1,1,1,93.17778740782887,48.58232767363007,0.5764488854608228,0.03675222396850586,44.590857848816995,0
1070,7.036752223968506,192.25416564941406,21762.61328125,7.25963830947876,331.649658203125,397.2628173828125,18.261213302612305,45.981624603271484,4.344804763793945,True,1,0,1,132.56980366920743,54.78139980439598,0.5796905267786343,0.03675222396850586,79.3414065498473,1
1071,7.774468421936035,216.75286865234375,22316.3984375,7.947534084320068,385.04342651367193,288.0685729980469,14.136698722839355,68.86186218261719,3.8910973072052,True,1,1,1,112.35189493952976,77.46904887185406,0.5629309661301709,0.7744684219360352,55.00727033321141,0
1076,6.767523765563965,203.7510528564453,21162.7265625,5.232749938964844,251.0623779296875,334.9053649902344,13.214323997497559,79.86300659179688,3.300253391265869,True,1,1,1,69.14725309136702,63.190168661308014,0.811555493599094,0.23247623443603516,43.610617586027274,0
1078,8.17717456817627,210.4487762451172,18626.1484375,7.271672248840332,355.17871557876464,455.927490234375,14.247946739196777,85.93042755126953,3.325639009475708,True,1,1,1,103.6063989063723,40.853312852602265,0.592515166089486,1.1771745681762695,47.383527480805014,0
1079,6.7447991371154785,204.08432006835938,20215.697265625,6.125251770019531,304.5279235839844,544.3392944335938,12.014243125915527,72.60807800292969,4.868542671203613,True,1,1,1,73.59026397245907,37.138045030392625,0.6701661936164277,0.2552008628845215,58.49185532073443,0
1080,7.603775501251221,214.6827850341797,11459.6220703125,10.999995231628418,398.9208679199219,321.0690612792969,12.010676383972168,58.1007080078125,3.5849850177764893,True,1,1,1,132.1173829523259,35.692078174582306,0.5381588223635261,0.6037755012512207,43.05809488990212,0
1082,5.432512283325195,231.35157775878906,14970.6474609375,9.180703163146973,409.98846435546875,448.86474609375,10.838249206542969,65.5482177734375,3.8744254112243652,True,0,1,1,99.5027487734842,33.35224598917038,0.5642880161474844,1.5674877166748047,41.99198813901239,1
1083,7.714089393615723,194.73828125,27336.962890625,7.631357192993164,322.0729675292969,347.8291931152344,10.641789436340332,63.72293472290039,3.1825828552246094,True,1,1,1,81.21129636133446,78.59306623229669,0.6046402532297147,0.7140893936157227,33.8683766090071,0
1084,8.154531478881836,168.09893798828125,21361.197265625,6.198843955993652,301.5138188779038,419.1733093261719,12.302668571472168,59.887367248535156,2.4604649543762207,True,1,0,1,76.26232271686331,50.96029909204664,0.5575165279533518,1.154531478881836,30.270284865413032,1
1085,7.036752223968506,190.2191619873047,23094.873046875,6.481985569000244,298.3561706542969,414.8891296386719,13.46179485321045,50.895233154296875,2.9770474433898926,True,1,1,1,87.25915997135189,55.66516773125202,0.6375573226207978,0.03675222396850586,40.07640195118938,0
1086,7.845880031585693,193.78500366210938,13769.8603515625,9.007161140441895,343.6208190917969,510.30560302734375,13.767801284790039,99.17559814453125,3.667154312133789,True,1,1,1,124.00880472168683,26.98355699582846,0.5639501227263835,0.8458800315856934,50.48865185011891,0
1087,7.156424522399902,197.9935302734375,27025.20703125,6.734527111053467,359.71051025390625,448.4571533203125,12.51197338104248,49.29985046386719,2.9584147930145264,True,1,1,1,84.2622239474099,60.26262881726072,0.5504246444821882,0.15642452239990234,37.01560714028005,0
1088,5.6946940422058105,240.71218872070312,7998.67431640625,8.124265670776367,290.2151700683427,477.0478210449219,15.459306716918945,68.89559936523438,3.8706107139587402,True,0,1,1,125.5955148542671,16.76702826588535,0.8294266210639205,1.3053059577941895,59.83695820888079,1
1089,6.707685470581055,199.28536987304688,17435.33984375,6.809945106506348,332.6341787604249,454.732421875,14.587289810180664,81.37844848632812,3.8226687908172607,True,1,1,1,99.33864286002972,38.34197643862036,0.5991127250259711,0.2923145294189453,55.76237749998427,0
1090,4.775221824645996,231.9985809326172,13978.1728515625,9.422101020812988,389.21957397460943,526.067626953125,17.207494735717773,73.94097137451172,3.22308087348938,True,0,1,1,162.13075371504056,26.571056854325235,0.5960609276852314,2.224778175354004,55.46114716336115,1
1091,7.036752223968506,200.3152313232422,19947.43359375,7.378235816955566,337.2314758300781,295.7570495605469,14.033994674682617,29.668142318725586,4.387208461761475,True,1,1,1,103.54612216370697,67.44533581175403,0.5939992114798217,0.03675222396850586,61.57006018908305,0
1092,7.036752223968506,205.1282958984375,17537.990234375,8.025806427001953,396.09191894531256,318.53662109375,13.860453605651855,93.71487426757812,2.999702215194702,True,1,1,1,111.24131762940306,55.058002810155095,0.5178805362319915,0.03675222396850586,41.57723338447727,0
1093,8.50171184539795,193.90890502929688,21289.1796875,7.108190059661865,311.8990509652116,393.1766662597656,13.64323616027832,61.12508010864258,5.612295627593994,True,0,1,1,96.97871565610967,54.14659988822423,0.621704053947958,1.5017118453979492,76.56987464856229,1
1094,7.741245269775391,218.2371826171875,22824.69921875,8.696478843688965,363.99273681640625,521.0162353515625,15.31063175201416,73.72306823730469,3.7411434650421143,True,1,1,1,133.14858511490365,43.808038264950994,0.5995646614446023,0.7412452697753906,57.27926992471407,0
1095,4.187490940093994,208.3741912841797,21809.708984375,5.846112251281738,327.4742126464844,264.5080871582031,11.23514461517334,46.68259811401367,4.592959403991699,True,0,1,1,65.68191657968691,82.45384531050917,0.6363071735141999,2.812509059906006,51.60256311546709,1
1097,7.808012008666992,179.79991149902344,17037.724609375,6.378364562988281,348.0715026855469,590.060546875,12.092499732971191,81.59236145019531,4.1655497550964355,True,1,1,1,77.1303717747287,28.87453613147564,0.5165602745275506,0.8080120086669922,50.37190930118186,0
1098,5.895948886871338,187.1536102294922,37118.25390625,4.600729942321777,253.15846252441406,531.1691284179688,11.410183906555176,77.28655242919922,3.6596529483795166,True,0,1,1,52.495174746286466,69.8802920774453,0.7392745540638166,1.104051113128662,41.75731317517716,1
1100,7.036752223968506,213.04119873046875,12036.642578125,9.794730186462402,349.17138671875006,284.01800537109375,12.419905662536621,74.67438507080078,3.8989157676696777,True,1,1,1,121.64962490586277,42.379857291153925,0.6101336083759211,0.03675222396850586,48.42416602063395,0
1101,9.489601135253906,167.88763427734375,40032.4140625,8.349206924438477,356.7258309892153,354.7907409667969,14.168313980102539,102.5678482055664,4.300694942474365,True,0,1,1,118.29418519029059,112.83387452721762,0.47063492245893596,2.4896011352539062,60.933596277615834,1
1102,7.457979679107666,183.4613037109375,14733.458984375,7.475273132324219,335.6680603027344,482.6371765136719,8.96325397491455,82.58133697509766,4.497730731964111,True,1,1,1,67.002771616877,30.52698729152012,0.5465557342540144,0.457979679107666,40.31430286137265,0
1103,7.992320537567139,230.17958068847656,17076.6640625,9.598742485046387,311.5504295288631,522.8880615234375,14.449180603027344,68.6407699584961,4.342796802520752,True,1,1,1,138.69396372838673,32.658355174697775,0.7388196520792544,0.9923205375671387,62.74985532187202,0
1104,7.74634313583374,212.27464294433594,21670.59375,8.45810317993164,361.3813171386719,457.0141296386719,21.430294036865234,43.18880081176758,3.6786861419677734,True,1,1,1,181.25963814007991,47.41777616310375,0.5873979430859244,0.7463431358337402,78.83532569171075,0
1105,8.275795936584473,163.35595703125,22013.96484375,5.742828845977783,307.6671142578125,351.6313171386719,20.057619094848633,78.50149536132812,4.721339702606201,True,1,1,1,115.18747351953152,62.60524506258118,0.5309503321288152,1.2757959365844727,94.6988333722611,0
1107,6.799375534057617,239.05767822265625,7986.4931640625,10.365679740905762,419.88116455078125,373.2321472167969,18.828594207763672,43.440643310546875,3.8199853897094727,True,1,1,1,195.17117752915146,21.39819198914087,0.5693460384417842,0.2006244659423828,71.92495478242563,0
1108,8.167767524719238,144.90293884277344,36185.6796875,4.545520305633545,297.9602355957031,605.4589233398438,20.222074508666992,66.62102508544922,3.4106855392456055,True,1,1,1,91.9198503011803,59.76570537291973,0.48631636388243854,1.1677675247192383,68.97113710025769,0
1109,7.036752223968506,214.65733337402344,19692.46484375,5.947389602661133,326.17572021484375,385.82781982421875,15.563459396362305,77.83403778076172,3.2616515159606934,True,1,1,1,92.56195659536388,51.03951498801272,0.6581033455664043,0.03675222396850586,50.76258093373781,0
1110,4.7364044189453125,203.2764129638672,28698.73046875,5.271367073059082,323.6836853027344,508.8203430175781,14.063139915466309,65.15518188476562,4.995601654052734,True,0,1,1,74.13197269421198,56.4024823420947,0.6280094473891623,2.2635955810546875,70.25384502287852,1
1111,5.95392370223999,226.93505859375,11930.625,9.677268981933594,313.2407168963413,350.9686584472656,13.60964298248291,70.5714111328125,3.9686472415924072,True,0,1,1,131.70417588957207,33.9934198648658,0.7244749664660395,1.0460762977600098,54.011872081488264,1
1112,6.57899808883667,198.40924072265625,22389.380859375,7.317574977874756,369.09710693359375,408.19500732421875,6.059607982635498,105.40045928955078,3.690929412841797,True,1,1,1,44.34163574946365,54.84971742131568,0.5375529541086329,0.4210019111633301,22.365585333400304,0
1113,8.77548599243164,157.3542938232422,22113.390625,7.931502819061279,304.8078308105468,480.7152099609375,15.692838668823242,82.9293441772461,4.393944263458252,True,0,1,1,124.4677941408454,46.00102123000413,0.5162409800580376,1.7754859924316406,68.95345844625172,1
1114,6.850302219390869,167.98504638671875,40588.43359375,3.3723692893981934,265.4311218261719,300.4117431640625,16.005207061767578,72.36322021484375,3.080296754837036,True,1,1,1,53.975468765564074,135.10934369990417,0.632876222645264,0.14969778060913086,49.300787372857485,0
1115,8.757110595703125,185.41937255859375,31040.884765625,8.544763565063477,331.75112988963076,408.0957946777344,18.235219955444336,72.2996597290039,3.808793067932129,True,0,1,1,155.8156430761992,76.0627408916935,0.5589110489582033,1.757110595703125,69.45417935851401,1
1116,7.036752223968506,213.00021362304688,21687.47265625,6.901040554046631,356.8447236130873,383.7478942871094,11.793246269226074,57.345645904541016,3.2425453662872314,True,1,1,1,81.38567076778827,56.51489668763927,0.5968988720626167,0.03675222396850586,38.24013604376319,0
1117,7.036752223968506,178.1548614501953,34383.59765625,6.425769805908203,311.5268859863281,570.3787841796875,17.592126846313477,68.99273681640625,4.005892753601074,True,1,1,1,113.04295751074824,60.282041600509515,0.5718763576834186,0.03675222396850586,70.47217345407807,0
1118,8.07327938079834,191.81552124023438,17106.439453125,7.898731708526611,333.47760009765625,432.89874267578125,13.335381507873535,54.216285705566406,4.854312896728516,True,1,1,1,105.3326007615401,39.51602933257029,0.5751976162982615,1.0732793807983398,64.73411443646546,0
1119,5.078274250030518,185.08837890625,18125.638671875,4.105766296386719,275.0556335449219,528.15625,11.325447082519531,80.33833312988281,3.631042242050171,True,0,1,1,46.499638922919985,34.31870518914866,0.672912515362493,1.9217257499694824,41.123176766732286,1
1120,7.444913864135742,203.06874084472656,25489.07421875,8.17574405670166,413.5603637695312,405.4206237792969,13.283100128173828,74.4128646850586,2.5713915824890137,True,1,1,1,108.59922692749024,62.870689503341765,0.49102563529726223,0.4449138641357422,34.15605185894492,0
1121,9.434005737304688,158.38783264160156,20474.8203125,5.857333183288574,285.3951110839844,476.8420104980469,14.388349533081055,73.16477966308594,4.201054573059082,True,0,1,1,84.27735717287032,42.938373337064625,0.5549773837576872,2.4340057373046875,60.44624160472267,1
1122,5.905907154083252,223.14187622070312,13464.4873046875,9.125164031982422,378.1083068847656,337.8582763671875,13.531660079956055,42.84450912475586,2.9172840118408203,True,0,1,1,123.47861785462737,39.85247130723445,0.5901533279419744,1.094092845916748,39.475695604920475,1
1124,7.617151737213135,182.6898193359375,33744.16796875,6.225933074951172,369.55294799804693,327.2282409667969,14.065597534179688,82.78192901611328,3.422543525695801,True,1,1,1,87.57146890700096,103.12119689282181,0.4943535691739345,0.6171517372131348,48.14011977564951,0
1125,9.008463859558105,148.61399841308594,35021.7734375,5.594006538391113,341.7859883890707,387.3997802734375,11.8551025390625,49.48044204711914,3.9110147953033447,True,0,1,1,66.31752111681271,90.40215077659185,0.4348159463140304,2.0084638595581055,46.365481430111686,1
1126,5.422445774078369,205.26608276367188,18542.95703125,5.491962909698486,306.7022399902344,382.08013916015625,10.504023551940918,67.49344635009766,2.9117515087127686,True,0,1,1,57.68770774985887,48.53159084237501,0.669268284773334,1.5775542259216309,30.585106424918422,1
1127,9.778182029724121,155.93743896484375,23335.673828125,7.66610860824585,323.3644032693253,356.54302978515625,10.824600219726562,75.32889556884766,4.143365383148193,True,0,1,1,82.98256092526572,65.44981057892696,0.48223439842489846,2.778182029724121,44.85027383683337,1
1128,5.204938888549805,232.88272094726562,17818.39453125,7.300264835357666,356.7633102520037,404.0038757324219,12.866419792175293,55.49833297729492,3.439561128616333,True,0,1,1,93.92827196576718,44.104513737256546,0.652765330969715,1.7950611114501953,44.254837381625975,1
1129,4.872560977935791,224.70510864257812,16960.435546875,7.078014850616455,323.036865234375,354.3905944824219,15.69217586517334,79.96279907226562,3.9180057048797607,True,0,1,1,111.06945381218202,47.85802942594241,0.6956020570096367,2.127439022064209,61.48203456172564,1
1130,7.793914794921875,164.95895385742188,25506.912109375,7.868035793304443,358.2591857910156,398.4602966308594,15.29749584197998,66.62102508544922,4.220027446746826,True,1,1,1,120.36124483262438,64.0136853308408,0.46044584462714105,0.793914794921875,64.55585231965097,0
1131,7.036752223968506,259.1449279785156,2808.025634765625,10.08706283569336,392.8331604003906,354.4052734375,13.898950576782227,63.85767364501953,4.081328868865967,True,1,1,1,140.19958781819878,7.923204978318756,0.6596819042840051,0.03675222396850586,56.72618823596258,0
1132,7.058182716369629,187.9471893310547,26608.9296875,8.556396484375,405.4034118652344,462.3145751953125,18.428386688232422,41.29032897949219,3.613834857940674,True,1,1,1,157.68058307189494,57.555896044814766,0.4636053456055456,0.058182716369628906,66.59714618954422,0
1133,7.890354156494141,180.15809631347656,32160.533203125,7.773484230041504,360.28399658203125,344.5506286621094,11.2464599609375,60.29218673706055,3.209588050842285,True,1,1,1,87.42417915014084,93.3405149619488,0.5000446800928405,0.8903541564941406,36.09650350490119,0
1134,7.53570032119751,221.79248046875,14829.74609375,6.701159477233887,366.4122009277344,583.4364624023438,17.731882095336914,59.68607711791992,4.208354473114014,True,1,1,1,118.82416975236083,25.417928127545323,0.6053086641271106,0.5357003211975098,74.62204533264139,0
1135,7.202534198760986,207.82810974121094,11889.2509765625,8.015743255615234,338.7020963396557,369.0443115234375,10.371843338012695,62.0377311706543,5.702504634857178,True,1,1,1,83.13803328497306,32.21632355005452,0.6136014845305127,0.20253419876098633,59.14548470702994,0
1136,7.036752223968506,188.6105194091797,27716.337890625,5.606500625610352,275.1822509765625,520.5877075195312,12.814603805541992,66.62102508544922,4.398058891296387,True,1,1,1,71.84508425271997,53.24047693989138,0.6854021945617474,0.03675222396850586,56.35938220540447,0
1137,8.72214412689209,151.6211395263672,28301.517578125,3.651961326599121,248.09475708007812,468.3674621582031,15.151172637939453,79.53836822509766,3.2746286392211914,True,0,1,1,55.33149652638167,60.425883103168154,0.6111420519309323,1.7221441268920898,49.61446383798102,1
1138,8.352635383605957,134.75051879882812,33662.390625,4.439791202545166,347.2205661817895,397.1149597167969,14.420882225036621,55.586814880371094,3.939011335372925,True,1,1,1,64.02570603565755,84.76736954014277,0.3880833439462665,1.352635383605957,56.804018550497176,0
1139,6.284385681152344,222.6887969970703,18526.26171875,8.980270385742188,395.2616271972656,517.1505737304688,15.869009971618652,55.384334564208984,5.030712127685547,True,0,1,1,142.50800029917445,35.82372837621927,0.5633959410953285,0.7156143188476562,79.83242091858483,1
1140,7.036752223968506,195.55442810058594,28415.18359375,7.489779472351074,318.5152587890625,494.4045104980469,15.023962020874023,47.144142150878906,4.052367210388184,True,1,1,1,112.52616233732442,57.473552390636414,0.6139562300094894,0.03675222396850586,60.882611063507284,0
1141,9.305660247802734,163.926025390625,39498.66015625,6.914685249328613,325.8731384277344,345.65692138671875,12.712186813354492,62.47111511230469,4.48507022857666,True,0,1,1,87.90077064501202,114.27128345504144,0.5030363216756539,2.3056602478027344,57.01505061668104,1
1142,4.923178672790527,208.40667724609375,15990.1494140625,5.64814567565918,349.6551818847656,404.40576171875,11.403371810913086,84.52577209472656,3.3296008110046387,True,0,1,1,64.40790518174254,39.539865373241696,0.5960348579039295,2.0768213272094727,37.968676029803646,1
1143,6.1430182456970215,147.4719696044922,34865.32421875,3.684462547302246,285.4551086425781,475.4452819824219,20.939359664916992,54.19852066040039,5.370403289794922,True,0,1,1,77.15028644987797,73.33193843052396,0.5166205284927065,0.8569817543029785,112.45280603066931,1
1144,5.744503974914551,208.07005310058594,19457.638671875,6.693949222564697,345.6224037115923,362.0625,15.603729248046875,82.31785583496094,3.5335001945495605,True,0,1,1,104.45057126907341,53.74110441742488,0.6020155240636436,1.2554960250854492,55.1357803336723,1
1145,6.616649150848389,201.78085327148438,17063.171875,8.353373527526855,360.6123046875,491.72406005859375,10.353994369506836,60.00918197631836,3.8817672729492188,True,1,1,1,86.49078247040052,34.70070559139622,0.5595506589460204,0.38335084915161133,40.191796487852116,0
1146,7.623499870300293,170.4275665283203,36267.265625,6.040735244750977,301.2190856933594,404.5013732910156,12.495657920837402,79.94611358642578,4.764995098114014,True,1,1,1,75.4829612087542,89.6591901290001,0.5657927205051761,0.623499870300293,59.54174874049977,0
1147,7.860106468200684,182.0419921875,34591.6796875,6.187857151031494,287.2237854003906,285.2286682128906,14.36562442779541,74.88842010498047,3.499774694442749,True,1,1,1,88.89243184456654,121.27700831391974,0.6337984554445398,0.8601064682006836,50.27644884226697,0
1148,7.393110275268555,205.99114990234375,13215.7060546875,7.740376949310303,344.45533514866224,537.1360473632812,16.05320167541504,79.35755920410156,4.43173885345459,True,1,1,1,124.2578322110121,24.604019959109728,0.5980199122635765,0.3931102752685547,71.14359758727915,0
1149,7.036752223968506,176.7799530029297,24793.455078125,6.394342422485352,312.3591613769531,377.0662841796875,10.070192337036133,50.124122619628906,4.641041278839111,True,1,1,1,64.39225806329705,65.75357185888393,0.565950912589504,0.03675222396850586,46.73617832203399,0
1150,5.579516887664795,223.61639404296875,13289.201171875,7.698689937591553,368.89703369140625,375.2759704589844,20.22442626953125,104.58087921142578,4.043914794921875,True,0,0,1,155.7015870148025,35.41180939512254,0.6061756344288068,1.420483112335205,81.78585661016405,2
1151,4.303574562072754,227.007080078125,7323.30224609375,7.490508556365967,326.6951904296875,412.8963928222656,12.906729698181152,68.74891662597656,2.0105371475219727,True,0,1,1,96.67796923892865,17.73641609775386,0.6948589573194935,2.696425437927246,25.949459511218265,1
1152,7.310715675354004,185.817138671875,21989.767578125,8.437515258789062,332.16231367816135,425.5328674316406,14.947811126708984,89.77416229248047,3.578826427459717,True,1,1,1,126.12238446710398,51.6758380126341,0.5594166781138821,0.3107156753540039,53.49562149294252,0
1153,6.417702674865723,185.3121795654297,33360.171875,5.573848724365234,374.7138671875,509.81964111328125,17.848995208740234,103.32182312011719,4.0463056564331055,True,0,1,1,99.48759917543794,65.43524242557021,0.49454315758791945,0.5822973251342773,72.22249027477301,1
1154,7.036752223968506,181.3018798828125,23614.703125,5.454993724822998,282.3116455078125,510.9446105957031,13.978608131408691,52.30154800415039,3.8940610885620117,True,1,1,1,76.25321963859415,46.21773591319461,0.6422047482826582,0.03675222396850586,54.43355399677512,0
1159,8.418606758117676,191.86709594726562,29313.783203125,5.605863571166992,306.32537841796875,546.791015625,13.133959770202637,96.12519836425781,3.442847728729248,True,1,1,1,73.62718662095176,53.61057938380317,0.6263506351051332,1.4186067581176758,45.218223564063464,0
1160,7.808640956878662,200.71487426757812,15694.5068359375,7.219558238983154,322.4001676857817,519.8629760742188,13.262102127075195,79.34491729736328,2.4727203845977783,True,1,1,1,95.74651867776174,30.189699070832003,0.6225644207500377,0.8086409568786621,32.79347027223639,0
1161,7.557963848114014,156.4618682861328,32833.4296875,3.3116073608398438,257.27655029296875,277.2341613769531,17.857213973999023,62.55313491821289,3.2922701835632324,True,1,1,1,59.136081240387284,118.43212036349489,0.6081466324848426,0.5579638481140137,58.790773128105684,0
1163,5.728823661804199,197.19183349609375,12932.5908203125,5.684492111206055,280.93206787109375,445.06964111328125,14.176501274108887,68.12480926513672,4.412173748016357,True,0,1,1,80.58620965717455,29.057454377040695,0.7019199847439832,1.2711763381958008,62.54918676034367,1
1166,5.716251373291016,184.2292938232422,19393.470703125,5.299163818359375,290.2764587402344,502.9936828613281,19.643896102905273,68.23637390136719,3.4331352710723877,True,0,1,1,104.09622348012635,38.55609190605989,0.6346683916019481,1.2837486267089844,67.44015257216552,1
1167,7.036752223968506,182.3172607421875,30430.2109375,6.151217460632324,350.4485778808594,479.9570617675781,16.57656478881836,58.67506790161133,4.536122798919678,True,1,1,1,101.96605476628247,63.40194425315916,0.5202396920096206,0.03675222396850586,75.19333346632811,0
1168,5.473603248596191,218.5131378173828,14608.36328125,5.62136173248291,346.57745950173756,472.7968444824219,10.58358097076416,73.10601043701172,4.957822322845459,True,0,1,1,59.49413706168798,30.897759620930305,0.6304885998675246,1.5263967514038086,52.471513992496966,1
1169,7.036752223968506,178.23365783691406,37861.44140625,3.9127140045166016,327.1844188884285,535.0863647460938,17.545438766479492,64.0712890625,5.113869667053223,True,1,1,1,68.6502839769928,70.75762686170891,0.5447498322129538,0.03675222396850586,89.72508710303919,0
1170,6.7709269523620605,181.8180694580078,26880.220703125,5.2158613204956055,284.7455139160156,475.5489501953125,14.665441513061523,60.51577377319336,4.910533905029297,True,1,1,1,76.49290913596815,56.5246135767105,0.6385282995998522,0.22907304763793945,72.01514778211276,0
1171,6.043360233306885,188.66232299804688,24856.607421875,4.371025085449219,295.89520263671875,355.0074462890625,7.619812488555908,79.94491577148438,4.7452473640441895,True,0,1,1,33.30639153389711,70.0171436168089,0.6375984493134077,0.9566397666931152,36.15789512583092,1
1172,7.036752223968506,212.48004150390625,23572.158203125,4.97678804397583,300.72698974609375,449.9510803222656,7.090387344360352,66.02679443359375,3.0938143730163574,True,1,1,1,35.287354962570134,52.38826881769857,0.7065546094707039,0.03675222396850586,21.936342276235337,0
1173,6.320427894592285,210.31004333496094,11682.2294921875,6.9684224128723145,311.77783203124994,375.9645690917969,11.973422050476074,62.96046447753906,4.553380966186523,True,0,1,1,83.43586257531706,31.07268721979607,0.6745509816725208,0.6795721054077148,54.51955206475577,1
1174,9.185417175292969,165.64151000976562,18073.96875,8.108318328857422,363.42410753872394,534.6984252929688,8.189661979675293,59.66355514526367,4.18667459487915,True,0,0,1,66.40438633694794,33.80217307783326,0.45578019211710064,2.1854171752929688,34.28744975095424,2
1175,8.684778213500977,161.12420654296875,40799.359375,5.381993770599365,305.5337829589844,499.275390625,15.965651512145996,75.91439819335938,3.8773491382598877,True,0,1,1,85.92703698193009,81.71714460472334,0.5273531602796451,1.6847782135009766,61.90440513237695,1
1176,7.961721420288086,224.31675720214844,11551.2158203125,9.492074012756348,367.46600341796875,451.8084411621094,14.9111909866333,79.68704223632812,2.2869434356689453,True,1,1,1,141.53812846346864,25.56662236109327,0.6104422028302859,0.9617214202880859,34.10105034488697,0
1177,5.484151363372803,196.79124450683594,19378.359375,5.003730773925781,295.5910339355469,348.3990478515625,18.71387481689453,76.41415405273438,4.438858509063721,True,0,1,1,93.63919132068986,55.62116038742765,0.6657551185533958,1.5158486366271973,83.06824246852557,1
1178,7.186931133270264,177.4865264892578,34510.75390625,4.984431743621826,295.8341369628906,477.9949951171875,16.77754020690918,62.75688934326172,4.2756452560424805,True,1,1,1,83.62650398720962,72.19898573538453,0.5999528239419133,0.18693113327026367,71.73481019373321,0
1179,5.470802307128906,213.1604766845703,18295.37109375,6.043395519256592,310.5246302581097,317.9484558105469,13.789267539978027,49.642452239990234,2.9628524780273438,True,0,1,1,83.33399766493358,57.54194021659146,0.6864527165556481,1.5291976928710938,40.85556550100591,1
1180,7.036752223968506,195.01956176757812,17382.427734375,7.036828517913818,329.12774658203125,383.7948913574219,11.147085189819336,90.88690948486328,3.843405246734619,True,1,1,1,78.44012695533547,45.29093033939345,0.5925345498831629,0.03675222396850586,42.842765704349404,0
1181,9.79272747039795,161.05787658691406,30249.169921875,5.214314937591553,258.0388488769531,413.15545654296875,12.493388175964355,76.22557830810547,3.7291204929351807,True,0,1,1,65.14446058706062,73.21498329410073,0.6241613488190447,2.792727470397949,46.589349873182755,1
1184,6.632031440734863,201.66993713378906,24161.255859375,7.96452522277832,369.62158203124994,346.86041259765625,17.033601760864258,61.20547103881836,3.386294364929199,True,1,1,1,135.6645508591646,69.65700008476914,0.5456119079408269,0.3679685592651367,57.68078965726272,0
1185,5.913956642150879,215.4978790283203,13086.6435546875,7.784749984741211,334.6861877441406,283.4013977050781,14.683579444885254,55.32637023925781,5.648605823516846,True,0,0,1,114.30799485951684,46.17706057374165,0.6438804058122134,1.086043357849121,82.9417523624511,2
1187,8.447404861450195,163.9499053955078,19583.056640625,6.433183670043945,334.6558837890625,547.0238037109375,18.238710403442383,45.66831970214844,5.218307018280029,True,1,1,1,117.33297393008615,35.79927687237163,0.48990593874913435,1.4474048614501953,95.17519050266037,0
1188,7.727421283721924,227.84271240234375,18767.94140625,9.71690845489502,322.65720178118073,328.8541564941406,8.233404159545898,66.67821502685547,4.601801872253418,True,1,1,1,80.00323449045936,57.07071350187932,0.7061448200704258,0.7274212837219238,37.888494676417395,0
1190,5.8467864990234375,212.16204833984375,19417.767578125,8.442033767700195,307.82301469034564,393.95281982421875,17.561933517456055,49.388362884521484,3.3711109161376953,True,0,1,1,148.25843578046988,49.28957619214302,0.6892338698717319,1.1532135009765625,59.20322578918058,1
1191,6.300001621246338,172.35028076171875,40682.14453125,4.242828845977783,302.6118469238281,485.6724548339844,18.737930297851562,64.80854797363281,3.709437131881714,True,0,1,1,79.50183118164568,83.76457022128557,0.5695424086802505,0.6999983787536621,69.50717442146197,1
1193,7.313446521759033,158.7074737548828,23154.0625,4.143329620361328,276.5501708984375,436.51727294921875,10.890085220336914,87.91252899169922,2.220639944076538,True,1,1,1,45.12121266168106,53.04271762380147,0.5738831137417185,0.3134465217590332,24.1829582346777,0
1194,6.572656154632568,192.6473388671875,14598.9521484375,6.164621353149414,314.1400451660156,343.8952331542969,17.34380531311035,53.085479736328125,2.820927143096924,True,1,1,1,106.91799257806633,42.451743143050734,0.6132530418149169,0.42734384536743164,48.92561117234163,0
1195,6.002414703369141,196.00294494628906,16136.43359375,5.687755107879639,301.9809265136719,336.9141540527344,11.988324165344238,43.91263198852539,4.315308094024658,True,0,0,1,68.1866520063536,47.894792640054845,0.6490573645165562,0.9975852966308594,51.733312304501396,2
1196,7.036752223968506,212.9091339111328,14101.869140625,9.1124849319458,388.78778076171875,337.1910705566406,8.602425575256348,74.58171081542969,3.6246352195739746,True,1,1,1,78.38947343270866,41.821597100788594,0.5476230064287902,0.03675222396850586,31.180654713838067,0
1198,7.591089725494385,195.66580200195312,17444.671875,5.307070732116699,336.3584131946578,517.2033081054688,14.799552917480469,85.77578735351562,4.531196117401123,True,1,1,1,78.5422741367729,33.728848149041255,0.5817181724751418,0.5910897254943848,67.05967671895996,0
1199,6.875746250152588,192.02366638183594,25422.337890625,7.571360111236572,340.3634423859075,501.6059875488281,10.785964965820312,68.29461669921875,3.3973026275634766,True,1,1,1,81.66442490340705,50.681886721833465,0.5641724166132541,0.12425374984741211,36.64318711918895,0
1200,8.016279220581055,211.029296875,14034.4853515625,9.79699993133545,389.3388061523437,491.0790710449219,14.512990951538086,35.56596755981445,4.308222770690918,True,1,1,1,142.18377135569062,28.578870797977487,0.5420196831096437,1.0162792205810547,62.525198088247635,0
1201,8.783596992492676,199.93028259277344,19471.46484375,7.415405750274658,319.73699951171875,324.9370422363281,16.311697006225586,74.5705795288086,3.4708855152130127,True,0,1,1,120.95785177670314,59.923807546892455,0.6252960472913605,1.7835969924926758,56.61603286745185,1
1202,6.911698341369629,179.2136688232422,25612.1484375,7.224709987640381,318.9879150390625,298.5505065917969,11.858904838562012,94.34017181396484,4.616641044616699,True,1,1,1,85.6771482296358,85.7883265518311,0.5618196170205272,0.0883016586303711,54.748306821908955,0
1203,8.719240188598633,181.0131072998047,17430.919921875,7.421209812164307,360.3912832686075,289.2027282714844,14.427225112915039,55.393611907958984,3.9128360748291016,True,0,1,1,107.06746457026838,60.272321654032545,0.5022682711851923,1.7192401885986328,56.45136688149432,1
1204,5.974583148956299,197.10272216796875,22543.255859375,5.662657260894775,338.3575134277344,410.80413818359375,11.169090270996094,59.826438903808594,3.7219746112823486,True,0,1,1,63.246730120645225,54.875921903260384,0.5825279881882615,1.0254168510437012,41.57107041976815,1
1205,4.429378509521484,256.2125549316406,8746.9013671875,9.010332107543945,337.33015782988895,432.1079406738281,16.30747413635254,66.62102508544922,4.271167755126953,True,0,0,1,146.93575780371975,20.242399001752208,0.7595305318100691,2.5706214904785156,69.65195769875572,2
1207,7.036752223968506,221.6754608154297,10117.083984375,8.026586532592773,356.21160888671875,508.26275634765625,14.05846118927002,40.91680908203125,3.1901278495788574,True,1,1,1,112.84145525077292,19.905223898698573,0.6223139691767099,0.03675222396850586,44.848288562113794,0
1208,8.215123176574707,155.7628631591797,30579.37109375,3.3089773654937744,346.51227118621034,344.9505920410156,13.686025619506836,77.18262481689453,4.511384010314941,True,1,1,1,45.28674899851603,88.6485534759293,0.44951615184201943,1.215123176574707,61.74291714460378,0
1209,7.828740119934082,176.72750854492188,33337.109375,5.43877649307251,286.9926452636719,290.1186218261719,5.871941566467285,75.71442413330078,5.199446678161621,True,1,1,1,31.93617776039764,114.90854689109129,0.6157910693730985,0.828740119934082,30.53084707212747,0
1210,7.949965000152588,186.78915405273438,15171.0126953125,7.833274841308594,353.64855657460333,406.61273193359375,20.539688110351562,88.0571060180664,3.317152500152588,True,1,1,1,160.89302212314215,37.31071721698928,0.5281773389202374,0.9499650001525879,68.13327776760707,0
1211,6.11433219909668,178.4462890625,30606.22265625,5.568042278289795,260.7710266113281,472.2554016113281,16.711471557617188,46.552616119384766,3.6804099082946777,True,0,1,1,93.05018016524991,64.80862365367007,0.6843025879718094,0.8856678009033203,61.50506550283899,1
1212,7.036752223968506,226.2708282470703,15380.1240234375,6.661473751068115,354.549737332944,392.5581970214844,14.083109855651855,50.28639602661133,4.51686954498291,True,1,1,1,93.81426663683351,39.179220051839955,0.6381920610376761,0.03675222396850586,63.611570005642534,0
1213,7.13942813873291,179.2349853515625,19862.810546875,8.111958503723145,337.94708251953125,364.5231628417969,17.384469985961914,88.36184692382812,3.7715964317321777,True,1,1,1,141.02209913534352,54.48984458912319,0.5303640542919609,0.13942813873291016,65.5672049666091,0
1214,7.036752223968506,223.51197814941406,20134.3984375,7.9777302742004395,359.2257080078125,477.3426513671875,10.933867454528809,49.145503997802734,4.314495086669922,True,1,1,1,87.22744540608937,42.180178824690415,0.6222048493320758,0.03675222396850586,47.17411741086471,0
1215,7.9685258865356445,156.45114135742188,27008.01171875,4.71657657623291,293.5452295182388,455.8404235839844,8.360283851623535,52.50118637084961,3.1738791465759277,True,1,1,1,39.43191898522582,59.24882977063397,0.532971157736801,0.9685258865356445,26.534530576123416,0
1216,6.635894298553467,194.04977416992188,20339.017578125,6.032864093780518,307.95489501953125,412.5829772949219,15.894674301147461,57.643455505371094,4.5232367515563965,True,1,1,1,95.89040987372846,49.29679276197938,0.6301240106200967,0.3641057014465332,71.89537495296918,0
1217,6.394547939300537,193.0475616455078,31620.19140625,7.0650835037231445,329.218240647575,515.806396484375,13.081881523132324,99.64069366455078,3.042496919631958,True,0,1,1,92.42458534674279,61.30244130445833,0.5863817286654589,0.6054520606994629,39.80158423712032,1
1218,6.280978202819824,205.1231231689453,25972.8046875,8.417895317077637,383.67144775390625,456.5439453125,13.954710006713867,32.79903030395508,4.599431991577148,True,0,1,1,117.4692880166931,56.89004289134054,0.5346322324351921,0.7190217971801758,64.18373963806152,1
1219,7.9920268058776855,174.55801391601562,34585.08984375,6.587302207946777,338.953458347155,543.9491577148438,12.19944953918457,71.27123260498047,4.647095680236816,True,1,1,1,80.36146088520582,63.581475014065894,0.5149910971619083,0.9920268058776855,56.69200925481164,0
1220,5.068795680999756,211.6894989013672,22781.365234375,5.330122947692871,317.1039123535156,483.4420166015625,14.495790481567383,77.21227264404297,4.362085819244385,True,0,1,1,77.2643454907502,47.12326278008933,0.6675713858673522,1.9312043190002441,63.23188209838281,1
1221,7.036752223968506,164.90907287597656,32768.2265625,6.309685230255127,285.56097412109375,527.1986694335938,15.843302726745605,59.728172302246094,3.499453067779541,True,1,1,1,99.96625321340753,62.155366468488666,0.5774916296109647,0.03675222396850586,55.442894330869876,0
1222,8.151248931884766,205.84730529785156,15661.9404296875,7.009437084197998,335.6227722167968,555.5902709960938,14.861132621765137,72.76258850097656,2.7998833656311035,True,1,1,1,104.16817411218517,28.189731208608375,0.613329373703982,1.1512489318847656,41.609438022117956,0
1223,7.58294153213501,185.04598999023438,23072.78125,5.892272472381592,297.5057678222656,518.0485229492188,12.038456916809082,80.31256103515625,4.164028644561768,True,1,1,1,70.93386830086592,44.5378766338531,0.6219912666661049,0.5829415321350098,50.12847943791576,0
1224,5.344116687774658,198.379150390625,13492.8408203125,6.55926513671875,328.6488342285156,591.3633422851562,14.084388732910156,61.392982482910156,4.104698657989502,True,0,1,1,92.38323998777196,22.81649847512823,0.6036204274166629,1.6558833122253418,57.81217153057878,1
1225,7.87196159362793,219.62266540527344,12760.4375,8.076613426208496,360.08666992187494,350.826904296875,15.698725700378418,84.1580810546875,2.9385364055633545,True,1,1,1,126.7925387660407,36.37245977243942,0.6099161205912095,0.8719615936279297,46.13127699151505,0
1226,5.327023506164551,233.14059448242188,13580.6181640625,7.362411022186279,356.4202575683594,438.5534973144531,10.049772262573242,55.23227310180664,4.855821132659912,True,0,1,1,73.99055407643118,30.966844903206947,0.6541171240346509,1.6729764938354492,48.79989653102257,1
1228,7.036752223968506,186.17483520507812,18085.158203125,4.951277256011963,298.39971923828125,347.9866943359375,15.715545654296875,75.5905990600586,3.0689191818237305,True,1,1,1,77.81202376393776,51.97083234939787,0.6239108905880068,0.03675222396850586,48.22973951129825,0
1229,7.47102689743042,177.233642578125,15736.5810546875,6.878354072570801,277.10986328125,401.61822509765625,11.2857084274292,58.23611831665039,3.7079741954803467,True,1,1,1,77.62709852365424,39.18293551463733,0.6395789736241342,0.4710268974304199,41.84711562662255,0
1230,7.943882465362549,211.81654357910156,32071.1796875,7.769214630126953,290.33740234375,353.33648681640625,17.871950149536133,78.49278259277344,4.111691474914551,False,1,1,1,138.8510165706757,90.76667933645221,0.7295530687388483,0.9438824653625488,73.48394506994555,0
1232,9.13569450378418,194.81561279296875,9496.91015625,6.185925006866455,345.7142028808594,562.771484375,13.676435470581055,74.42416381835938,3.281802177429199,False,0,1,1,84.60140418226274,16.87525115086771,0.5635163687405405,2.1356945037841797,44.88335570682284,1
1233,5.2140092849731445,192.6488494873047,34184.30859375,5.783357620239258,282.9698791503906,380.42840576171875,15.867751121520996,80.49849700927734,4.453525543212891,False,0,1,1,91.76887936470848,89.85740282838903,0.6808104430935094,1.7859907150268555,70.66743493303875,1
1234,8.649535179138184,175.42666625976562,9898.0224609375,6.048403739929199,336.4776306152344,410.6250915527344,10.069253921508789,66.62102508544922,5.229809284210205,False,0,1,1,60.902913077150515,24.10476768334938,0.5213620454282317,1.6495351791381836,52.66027764377668,1
1235,7.756679058074951,186.68646240234375,22440.400390625,7.462613105773926,342.9993896484375,320.93096923828125,19.572572708129883,66.62102508544922,2.842470645904541,False,1,0,1,146.06253760540312,69.92282600200193,0.5442763675160313,0.7566790580749512,55.63446338769154,1
1236,7.104295253753662,177.57174682617188,12691.515625,7.1709771156311035,354.96404768411503,447.03228759765625,14.376764297485352,60.743770599365234,5.4648566246032715,False,1,1,1,103.09544777408973,28.390601638224798,0.5002527649897137,0.10429525375366211,78.56695561147262,0
1237,5.363362789154053,179.911376953125,27045.9296875,6.520854473114014,311.46740722656244,408.9225158691406,9.704704284667969,79.48480224609375,3.8713724613189697,False,0,1,1,63.28296434492586,66.13949726851303,0.5776250490460847,1.6366372108459473,37.570524912907786,1
1238,6.582499980926514,200.7331085205078,23720.482421875,8.565831184387207,353.0081176757813,458.36273193359375,13.001880645751953,79.52933502197266,4.152014255523682,False,1,1,1,111.37191469106256,51.75046031788006,0.5686359545313183,0.41750001907348633,53.98399378977956,0
1239,6.810466289520264,209.73556518554688,32602.33984375,7.422780990600586,341.17425537109375,340.03009033203125,16.73674774169922,42.34946060180664,4.402339458465576,False,1,1,1,124.23321298156225,95.88074901263546,0.6147461634895993,0.18953371047973633,73.6808449896671,0
1240,7.036752223968506,191.53163146972656,12885.5166015625,6.979954719543457,328.6002197265625,596.7510375976562,13.447513580322266,50.756065368652344,2.3729248046875,False,1,1,1,93.86303588109513,21.592784541846807,0.5828712806285831,0.03675222396850586,31.909938536118716,0
1241,5.5741167068481445,193.1580810546875,17546.40234375,9.21997356414795,366.1974182128906,538.5325317382812,13.95133113861084,67.14202880859375,5.152527809143066,False,0,1,1,128.63090428266605,32.58187997395747,0.527469804319932,1.4258832931518555,71.88462166625595,1
1242,8.555283546447754,216.6553497314453,18337.4609375,8.290688514709473,311.3258361816406,390.9430847167969,17.138830184936523,39.77728271484375,3.687152147293091,False,0,0,1,142.09270256980926,46.90570471115543,0.6959118834876511,1.555283546447754,63.19347451848034,2
1243,4.483402729034424,172.38388061523438,13122.2236328125,5.276731014251709,291.1990966796875,413.5450439453125,11.871725082397461,75.5045394897461,2.203840494155884,False,0,1,1,62.64389993495661,31.73106241557747,0.5919794463266256,2.516597270965576,26.16338847207362,1
1245,7.138374328613281,184.74522399902344,22575.189453125,6.907714366912842,315.2421437979454,504.8656921386719,18.503761291503906,66.1369857788086,4.144872188568115,False,1,1,1,127.81869771524725,44.715237656134924,0.5860422759064654,0.13837432861328125,76.69572556105777,0
1246,7.036752223968506,171.5922393798828,14784.755859375,7.404582500457764,351.87551879882807,366.6695251464844,10.504302978515625,57.86215591430664,3.2101681232452393,False,1,1,1,77.77997801422316,40.32174698223624,0.48765040397804427,0.03675222396850586,33.72057857854088,0
1247,7.912361145019531,211.37644958496094,34808.44140625,8.91336441040039,329.75138252365156,594.8992919921875,16.681989669799805,72.04808044433594,2.8785157203674316,False,1,1,1,148.69265301746054,58.511485584682184,0.6410176276631145,0.9123611450195312,48.01936951152584,0
1248,7.036752223968506,193.11679077148438,17388.982421875,7.7021355628967285,382.0606994628906,468.9393310546875,16.2330379486084,67.87390899658203,4.217743873596191,False,1,1,1,125.0290588778289,37.08151829722635,0.505461018465158,0.03675222396850586,68.46679635759756,0
1249,9.128357887268066,184.68209838867188,10418.1083984375,6.850200176239014,388.0687255859375,371.4822998046875,10.444500923156738,68.18402099609375,3.7622227668762207,False,0,1,1,71.54692206453683,28.044696546431105,0.47590049322816064,2.1283578872680664,39.294539161759985,1
1250,5.271971225738525,193.1695098876953,22005.4375,6.183949947357178,267.8256530761719,351.48028564453125,15.664381980895996,68.61587524414062,4.119436264038086,False,0,1,1,96.86775412614452,62.60788538122238,0.7212509591510463,1.7280287742614746,64.52842318584771,1
1251,6.465093612670898,241.2681427001953,43958.6796875,7.420155048370361,306.0203857421875,544.6005859375,20.768985748291016,89.6465072631836,3.7905237674713135,False,0,1,1,154.10909444971367,80.71728298108653,0.7884054564752122,0.5349063873291016,78.72533410517008,1
1252,8.245186805725098,199.30577087402344,13909.4794921875,9.36964225769043,406.047607421875,423.7367858886719,14.801328659057617,97.27700805664062,4.125731945037842,False,1,1,1,138.68315447387067,32.825753917471246,0.4908433561488901,1.2451868057250977,61.066314477678134,0
1253,7.036752223968506,196.4320068359375,18128.908203125,8.008076667785645,323.5521240234375,313.36187744140625,18.600727081298828,67.9643783569336,3.5020813941955566,False,1,1,1,148.95604854359772,57.852947184559405,0.6071108536892111,0.03675222396850586,65.14126022992605,0
1254,6.704792022705078,176.89602661132812,28140.767578125,6.9421067237854,361.52308693061946,455.9726257324219,16.035980224609375,40.07611083984375,3.806596279144287,False,1,1,1,111.32348613975046,61.71591435167188,0.48930768882256437,0.2952079772949219,61.042502655429416,0
1255,6.430254936218262,207.57940673828125,26855.10546875,7.087910175323486,304.1734313964844,418.4194641113281,17.921140670776367,34.81639862060547,4.80579137802124,False,0,1,1,127.02343531379938,64.18225658217098,0.68243766427209,0.5697450637817383,86.12526331992285,1
1256,7.482791423797607,186.0934295654297,19621.32421875,8.171865463256836,369.1908874511719,475.2114562988281,12.127253532409668,105.16580200195312,4.094746112823486,False,1,1,1,99.10228430565803,41.28966992984659,0.5040574818791658,0.4827914237976074,49.65802426105938,0
1257,5.504452228546143,164.5009765625,11950.2353515625,6.800957679748535,302.19049072265625,537.5396118164062,14.393869400024414,69.9398193359375,4.657361030578613,False,0,1,1,97.89209663739348,22.23135759046662,0.544361854751788,1.4955477714538574,67.03744642291167,1
1258,7.521920680999756,198.35462951660156,20139.4296875,7.177655220031738,303.642327069412,603.054931640625,13.77361011505127,84.8167724609375,3.1109323501586914,False,1,1,1,98.8622245409797,33.395680223217035,0.6532509178735388,0.5219206809997559,42.84876928538597,0
1259,7.036752223968506,164.09474182128906,9344.6533203125,5.959309101104736,349.0194396972656,367.3898010253906,13.937968254089355,88.77197265625,4.5593366622924805,False,1,1,1,83.06066106750359,25.435255058241065,0.47015931689496476,0.03675222396850586,63.54788965873831,0
1260,8.522567749023438,208.13299560546875,16446.328125,6.729775428771973,372.50384521484375,346.3746032714844,12.002177238464355,80.75862121582031,3.3582844734191895,False,0,1,1,80.77195747118367,47.48133356829348,0.5587405277029726,1.5225677490234375,40.30672546716005,1
1261,5.6944756507873535,193.43212890625,18742.92578125,6.556668281555176,327.00238037109375,448.754150390625,13.623308181762695,56.32649612426758,4.107467174530029,False,0,1,1,89.32351264521458,41.76657914621703,0.5915312545896614,1.3055243492126465,55.95729116509665,1
1262,6.934503555297852,176.9694366455078,15323.4091796875,5.666870594024658,369.34179687500006,435.9483947753906,21.813159942626953,104.74769592285156,3.8752379417419434,False,1,1,1,123.61235464162928,35.14959414504286,0.47914814316629634,0.06549644470214844,84.53118503895348,0
1263,6.115180015563965,226.0844268798828,24699.5234375,6.707523345947266,298.329345703125,429.7066955566406,14.536079406738281,71.04547882080078,3.690861940383911,False,0,1,1,97.5010919792403,57.47995931975033,0.7578350215235952,0.8848199844360352,53.650662244728665,1
1264,8.57567310333252,197.56028747558594,15888.625,4.865462779998779,311.55737304687494,464.7255554199219,18.736927032470703,40.22452163696289,3.5062291622161865,False,0,1,1,91.16382108803919,34.18926456810389,0.6341056381026702,1.5756731033325195,65.69595997156557,1
1265,5.689143180847168,181.58456420898438,17589.26953125,7.238470554351807,350.7820739746094,345.536376953125,16.030292510986328,66.62102508544922,4.592979907989502,False,0,1,1,116.03480031842082,50.90424815889034,0.5176563375483995,1.310856819152832,73.62681142215479,1
1266,7.036752223968506,199.06466674804688,39927.73828125,5.4540510177612305,259.00994873046875,257.9631652832031,14.244719505310059,52.61638641357422,4.059377193450928,False,1,1,1,77.69142691565958,154.7807729938297,0.7685599219458472,0.03675222396850586,57.82468948696123,0
1267,7.2261271476745605,213.32061767578125,23129.748046875,6.193624019622803,304.56277465820307,624.2299194335938,16.982255935668945,73.73358917236328,4.153558731079102,False,1,0,1,105.1817082705411,37.05325119758589,0.7004159231697483,0.22612714767456055,70.53679741501765,1
1268,7.197795867919922,168.64097595214844,12763.267578125,6.897593975067139,292.9986381434673,566.2506713867188,12.437570571899414,65.74671936035156,3.844013214111328,False,1,1,0,85.78931184120574,22.539960128132748,0.5755691440927584,0.19779586791992188,47.810185629823536,1
1270,5.896339416503906,178.6781005859375,17420.087890625,5.2921624183654785,328.8651006054437,473.68670654296875,16.437715530395508,79.47117614746094,5.032855033874512,False,0,1,1,86.99106037374167,36.77554724088347,0.5433173046141782,1.1036605834960938,82.72863935254827,1
1271,7.036752223968506,247.4532928466797,43846.0234375,7.865780830383301,324.2437744140625,334.1660461425781,16.66115379333496,54.23659133911133,3.5723438262939453,False,1,1,1,131.05298411968215,131.21028845516517,0.7631705266529154,0.03675222396850586,59.519369892554096,0
1272,8.326350212097168,213.87486267089844,35477.765625,8.364130973815918,346.78698730468756,569.103271484375,17.466466903686523,62.792903900146484,4.395284652709961,False,1,1,1,146.09181683225506,62.33976738549515,0.6167326626539623,1.326350212097168,76.77009391883985,0
1273,6.891561508178711,198.54464721679688,26240.4921875,5.15386962890625,333.65234374335455,436.9270935058594,8.634319305419922,86.81022644042969,3.561962604522705,False,1,1,1,44.50015603448264,60.056912280014494,0.5950644446078072,0.10843849182128906,30.75512248141422,0
1274,5.54812479019165,217.0182647705078,34006.76953125,6.647425174713135,331.4029541015625,430.2696533203125,15.647035598754883,64.98064422607422,4.599236011505127,False,0,1,1,104.01249834879582,79.03594685283987,0.65484710208453,1.4518752098083496,71.96440959909614,1
1275,7.036752223968506,175.58815002441406,17092.2265625,7.338417053222656,323.15411376953125,491.7281494140625,11.705953598022461,52.363441467285156,4.316063404083252,False,1,1,1,85.90316950796114,34.75950390090011,0.5433573084769195,0.03675222396850586,50.523637934321414,0
1276,5.386638164520264,206.8968048095703,20416.650390625,7.312751770019531,356.38427734375,525.1234741210938,10.218185424804688,70.03311920166016,4.320899963378906,False,0,1,1,74.72305355162825,38.879713739548414,0.5805441412036932,1.6133618354797363,44.15175702783745,1
1277,7.2625346183776855,212.52130126953125,38713.11328125,5.8378071784973145,262.09503173828125,332.42523193359375,14.098785400390625,70.30074310302734,4.8463592529296875,False,1,1,0,82.30599061849352,116.45660270615933,0.8108558908926269,0.26253461837768555,68.3277790802531,1
1278,6.257085800170898,180.4062042236328,13826.2578125,7.075130462646484,346.6274719238281,422.6003723144531,11.838106155395508,77.83821105957031,3.99471378326416,False,0,1,1,83.75614548008161,32.71709796198407,0.5204613549580859,0.7429141998291016,47.28984582670273,1
1279,7.025504112243652,205.40052795410156,21884.5390625,7.276064872741699,304.7322082519531,442.4055480957031,15.843743324279785,65.58033752441406,2.9415550231933594,False,1,1,1,115.28010425452794,49.46714413332514,0.674036159348932,0.025504112243652344,46.605242761721456,0
1280,6.584839344024658,196.1339874267578,16609.92578125,6.673977375030518,323.3723449707031,304.7136535644531,12.501553535461426,85.68214416503906,3.919954538345337,False,1,1,1,83.43508544840233,54.50994903720885,0.6065267790231115,0.4151606559753418,49.00552151769921,0
1281,6.565633773803711,159.7293701171875,19044.6796875,6.693213939666748,283.5146789550781,393.62518310546875,18.207136154174805,67.05411529541016,2.7709484100341797,False,1,1,1,121.86425750853323,48.382777465775995,0.5633901219594557,0.43436622619628906,50.451034977686504,0
1282,6.622102737426758,196.8910675048828,16010.5244140625,7.256071090698242,338.15501151534676,264.283935546875,14.4109525680542,45.44877624511719,5.290920734405518,False,1,1,1,104.56689631848167,60.58077014916409,0.5822509210800095,0.3778972625732422,76.2472077448524,0
1283,7.217392921447754,180.1942138671875,13579.5546875,5.993126392364502,317.96340942382807,421.9635314941406,12.370338439941406,63.44675064086914,3.746619939804077,False,1,1,1,74.13700178689396,32.18182056452607,0.5667136782405193,0.2173929214477539,46.34695666120933,0
1284,5.253907203674316,191.98204040527344,34793.8515625,5.817404270172119,315.53521835521224,395.7132568359375,12.570714950561523,54.96873474121094,3.488372564315796,False,0,1,1,73.1289308325131,87.9269290919879,0.6084330009105912,1.7460927963256836,43.851337147373215,1
1285,8.131375312805176,177.09530639648438,13238.0703125,6.678740501403809,348.8507428164745,450.71832275390625,20.603574752807617,85.10588836669922,3.5428106784820557,False,1,1,1,137.6059291752772,29.37104975507504,0.5076535152513585,1.1313753128051758,72.9945646491501,0
1286,6.619775295257568,150.71836853027344,11388.5341796875,6.80757999420166,370.75347900390625,431.4300842285156,7.710769176483154,73.63427734375,4.086920738220215,False,1,1,1,52.49167798573353,26.39717203230121,0.4065190933034141,0.38022470474243164,31.51330245499821,0
1287,7.036752223968506,206.31834411621094,18752.26953125,8.202452659606934,344.58963012695307,510.4878845214844,5.36237096786499,61.9113655090332,3.2935526371002197,False,1,1,1,43.984594007163196,36.73401477900653,0.5987363677817674,0.03675222396850586,17.661251042321396,0
1288,6.217255115509033,205.64825439453125,32911.9296875,5.946073532104492,298.3905029296875,414.7710266113281,12.128365516662598,79.24503326416016,2.0814249515533447,False,0,0,1,72.1161531863163,79.3496350915353,0.68919168568109,0.7827448844909668,25.244282607940704,2
1289,5.019984722137451,156.9708251953125,19272.705078125,6.184709548950195,331.5598449707031,341.3571472167969,16.19657325744629,75.30259704589844,4.0894856452941895,False,0,1,1,100.17110128559943,56.45906400027941,0.4734313491302037,1.9800152778625488,66.23565383928235,1
1291,6.313114643096924,162.33641052246094,20849.19140625,7.0864691734313965,371.3229271320558,387.95770263671875,15.047593116760254,83.92129516601562,4.126964569091797,False,0,1,1,106.63430475626001,53.74088775866417,0.43718391250197264,0.6868853569030762,62.10088364297917,1
1293,7.293929100036621,180.84312438964844,15823.33984375,7.721977233886719,330.89104840663254,457.52044677734375,8.857599258422852,37.73479080200195,4.403250217437744,False,1,1,1,68.39817982043314,34.5849894154907,0.5465337449107305,0.2939291000366211,39.00222586062682,0
1294,6.630363941192627,186.76109313964844,30939.0234375,7.7034807205200195,347.57314280249744,330.8760681152344,13.815756797790527,86.75312042236328,3.4905874729156494,False,1,1,1,106.42941613117273,93.50637995739986,0.5373288945643403,0.36963605880737305,48.22510760721684,0
1296,4.249890327453613,168.5721435546875,16073.6708984375,5.36089563369751,261.2677001953125,449.051513671875,11.349209785461426,86.9468994140625,4.116347789764404,False,0,1,1,60.84192918479721,35.7947148005561,0.6452085075325489,2.7501096725463867,46.71729461595669,1
1297,4.265269756317139,199.49945068359375,25634.533203125,5.914884567260742,260.2611999511719,300.5479431152344,12.198732376098633,55.94236755371094,4.900445938110352,False,0,1,1,72.15409387152977,85.29265864249716,0.766535503388468,2.7347302436828613,59.77922852254778,1
1298,9.266840934753418,203.2526092529297,20478.78515625,6.838778972625732,337.299560546875,508.2833557128906,19.164525985717773,66.62102508544922,4.330049514770508,False,0,1,1,131.06195733146615,40.29009584080807,0.6025878252577669,2.266840934753418,82.98334644526403,1
1299,9.61945629119873,210.26124572753906,18185.05078125,7.9398884773254395,333.86434253654375,387.3302001953125,17.47816276550293,65.98950958251953,3.1731996536254883,False,0,1,1,138.77466314663525,46.94973623314266,0.6297804776044451,2.6194562911987305,55.4617000335038,1
1300,7.086877346038818,192.3873748779297,25524.82421875,7.354034900665283,322.7400207519531,548.917724609375,14.524408340454102,64.1243896484375,3.9928481578826904,False,1,1,1,106.81300584721339,46.500273224760406,0.5961063453908794,0.08687734603881836,57.993757086518144,0
1304,7.343031883239746,198.53077697753906,14037.0400390625,5.788346290588379,318.3875799720509,479.241455078125,11.090373992919922,61.10023880004883,5.288057327270508,False,1,1,1,64.19492516315586,29.290120587510714,0.6235506308739057,0.3430318832397461,58.64653345543047,0
1305,4.616438865661621,192.57400512695312,14982.3056640625,6.080029010772705,340.4682973211534,344.1463317871094,11.090005874633789,88.48358154296875,2.63434100151062,False,0,1,1,67.42755744741316,43.53469508951772,0.5656150839198072,2.383561134338379,29.214857182541436,1
1306,8.307462692260742,229.9412384033203,18452.646484375,6.895145893096924,338.48370361328125,464.9009704589844,9.512102127075195,84.05341339111328,4.625729084014893,False,1,1,1,65.58733191622105,39.69156361722719,0.6793273509755187,1.3074626922607422,44.000407459331655,0
1307,4.909640789031982,157.24046325683594,10488.7705078125,6.929793357849121,339.9395448015627,311.7457580566406,11.023799896240234,48.5255241394043,5.3453240394592285,False,0,0,1,76.3926552992234,33.645270875703595,0.46255419588229946,2.0903592109680176,58.925782591561074,2
1308,7.7091064453125,178.81082153320312,18610.125,7.73444128036499,344.6451815495123,462.201171875,13.888704299926758,64.84163665771484,4.235107898712158,False,1,1,0,107.42136786813626,40.264123269615794,0.5188258260581224,0.7091064453125,58.82016128349733,1
1309,7.036752223968506,173.81671142578125,26552.974609375,6.290279388427734,293.1702880859375,366.7187194824219,13.271499633789062,72.12983703613281,3.2069954872131348,False,1,1,1,83.48144059994956,72.40692423458589,0.5928865164601658,0.03675222396850586,42.561639434112294,0
1310,7.818274974822998,179.2182159423828,27558.54296875,7.504452705383301,315.4474792480469,359.09918212890625,12.618666648864746,52.37747573852539,3.3292431831359863,False,1,1,1,94.69618707140307,76.74354123734466,0.5681396338986685,0.818274974822998,42.01060992099838,0
1311,8.20745849609375,189.94215393066406,17447.994140625,6.761682510375977,354.3793469258301,449.41259765625,15.335711479187012,54.946346282958984,4.1518659591674805,False,1,1,1,103.69521209299091,38.82399868805358,0.5359853926093291,1.20745849609375,63.67181845005052,0
1312,6.958534240722656,187.7488555908203,13457.2109375,7.363593101501465,330.7503967285156,350.6034240722656,16.71915626525879,77.67129516601562,4.1946001052856445,False,1,1,1,123.11306373778461,38.382999067183185,0.5676451392960292,0.04146575927734375,70.13017463054166,0
1313,7.036752223968506,193.92617797851562,14936.50390625,7.203401565551758,309.4474182128906,447.4501037597656,12.180625915527344,66.62102508544922,4.297914028167725,False,1,1,1,87.74193978930998,33.38138430936195,0.6266853944744007,0.03675222396850586,52.351282994208304,0
1314,4.349440097808838,157.51336669921875,24352.06640625,5.967722415924072,287.04510498046875,432.6423034667969,10.667254447937012,44.28901290893555,4.442711353302002,False,0,1,1,63.65921348531947,56.28683592618692,0.5487408195349491,2.650559902191162,47.39153244441104,1
1315,6.6299848556518555,195.70037841796875,21495.537109375,6.546463489532471,363.69195556640625,335.8047180175781,11.395097732543945,66.16522216796875,2.534499406814575,False,1,1,1,74.59759126575318,64.0120161868535,0.5380937765728013,0.37001514434814453,28.88086844372674,0
1317,6.771050453186035,194.63511657714844,15719.4931640625,6.746343612670898,339.0015869140625,441.7303771972656,22.891010284423828,75.47282409667969,3.2448668479919434,False,1,1,1,154.43062101990654,35.586171882076385,0.5741421973117388,0.22894954681396484,74.2782803889695,0
1318,6.724639415740967,223.1754150390625,41552.01953125,7.744699954986572,271.1571350097656,463.8852233886719,13.165034294128418,61.05879592895508,2.921414852142334,False,1,1,1,101.95924050513304,89.5739233471147,0.8230482823473432,0.2753605842590332,38.46052671582993,0
1319,7.036752223968506,221.3919677734375,27979.736328125,6.572390079498291,349.6245422363281,355.781982421875,9.98635482788086,81.96348571777344,3.4396233558654785,False,1,1,1,65.63421940111402,78.64292637591915,0.63322776405828,0.03675222396850586,34.349299305938985,0
1320,6.967270851135254,218.79278564453125,33933.7109375,8.977179527282715,360.9969482421875,438.80914306640625,18.63306427001953,71.91921997070312,3.272470712661743,False,1,1,1,167.27236309536238,77.3313669424462,0.6060793203483457,0.032729148864746094,60.97615711078288,0
1321,7.036752223968506,225.97213745117188,32617.125,7.380663871765137,259.20526123046875,355.8793029785156,11.122653007507324,66.35965728759766,3.2328720092773438,False,1,1,1,82.09256321068915,91.65221083485397,0.8717883869589496,0.03675222396850586,35.958113576874894,0
1322,7.053116798400879,240.85177612304688,19500.349609375,8.051172256469727,383.6678771972656,377.1881103515625,12.95557689666748,55.522193908691406,5.671998977661133,False,1,1,0,104.30758127700938,51.69926893904531,0.6277611179094101,0.053116798400878906,73.48401891290814,1
1323,7.755154132843018,196.7827911376953,19024.689453125,6.911867618560791,392.8000793457031,338.4306335449219,10.77286148071289,76.61759948730469,2.72879958152771,False,1,1,1,74.46059242778028,56.21444252145484,0.5009744167172951,0.7551541328430176,29.396979900425322,0
1324,8.580008506774902,174.50682067871094,6493.54736328125,7.040727615356445,409.38092041015625,403.59661865234375,16.12266731262207,52.166770935058594,3.1955909729003906,False,0,1,1,113.5153089811829,16.089201561883154,0.42627003739598707,1.5800085067749023,51.52145012329129,1
1325,6.901710033416748,173.15391540527344,10323.9580078125,7.436807632446289,376.81170654296875,538.6207885742188,10.401972770690918,36.751895904541016,3.035670518875122,False,1,1,1,77.35747049357269,19.16739607465508,0.4595237142028775,0.09828996658325195,31.57696207812819,0
1326,7.814250469207764,203.3834686279297,24470.205078125,7.631406784057617,321.9745788574219,516.6467895507812,17.242908477783203,80.6519775390625,4.10466194152832,False,1,1,1,131.58764873423934,47.363509317532134,0.6316755463055276,0.8142504692077637,70.77631019001274,0
1327,5.9189534187316895,154.7735137939453,9712.560546875,5.326272010803223,304.76661628102704,386.21807861328125,16.579299926757812,65.88233184814453,4.265547275543213,False,0,1,1,88.30586115860206,25.147866087988817,0.5078427393877847,1.0810465812683105,70.71978763299558,1
1328,7.021295070648193,225.35049438476562,23109.853515625,5.907272815704346,320.5359802246093,459.89990234375,13.670099258422852,77.33992004394531,3.675557851791382,False,1,1,1,80.75300573726145,50.24974640699511,0.7030427396132345,0.02129507064819336,50.24524066406366,0
1329,7.036752223968506,189.81468200683594,19887.76953125,8.115767478942871,415.9278869628906,547.0267944335938,12.958916664123535,70.93748474121094,4.89375114440918,False,1,1,1,105.17155442502462,36.3561158196761,0.45636440234027137,0.03675222396850586,63.41771325535774,0
1330,8.132737159729004,206.7864532470703,25838.12890625,8.684832572937012,346.6118469238281,472.27703857421875,11.633015632629395,66.62102508544922,2.9694340229034424,False,1,1,1,101.03079308774522,54.70968677525454,0.5965937243221818,1.132737159729004,34.54347240849734,0
1331,6.05706787109375,184.37322998046875,14807.2685546875,5.7534050941467285,384.82196044921875,462.00616455078125,14.753055572509766,34.26586151123047,4.371747970581055,False,0,1,1,84.88030508510747,32.04993711942133,0.4791130664324071,0.94293212890625,64.49664075898909,1
1333,7.036752223968506,152.50767517089844,11398.7314453125,8.728973388671875,400.66961669921875,385.3358154296875,11.67660140991211,58.6009407043457,5.444927215576172,False,1,1,1,101.9247429772513,29.581292367075964,0.3806319931285267,0.03675222396850586,63.578244802265544,0
1334,5.742533206939697,182.94102478027344,21293.890625,6.826412677764893,306.5430603027344,435.2347412109375,11.144072532653809,68.61238861083984,4.272202968597412,False,0,1,1,76.07403801883947,48.925070909619315,0.5967873616281446,1.2574667930603027,47.60973975626848,1
1335,6.584813117980957,182.37545776367188,24723.10546875,6.238919734954834,339.5999691558127,414.3507385253906,17.58261489868164,78.21373748779297,4.40413236618042,False,1,1,0,109.69652308349578,59.66709627951567,0.5370302526233902,0.41518688201904297,77.43616335736988,1
1336,8.070477485656738,198.86595153808594,18266.6171875,6.902369976043701,396.61950683593756,376.7102966308594,10.924460411071777,87.37956237792969,3.055790424346924,False,1,1,1,75.40466754585987,48.48982706971171,0.5014023455960397,1.0704774856567383,33.382861515310196,0
1338,5.506061553955078,164.4961700439453,21543.7265625,5.983996391296387,304.9754721370048,453.8833312988281,13.339715957641602,55.75136184692383,2.7789058685302734,False,0,1,1,79.82481215144617,47.46533972372447,0.5393750794184303,1.4939384460449219,37.06981495921718,1
1339,7.036752223968506,214.97244262695312,36112.1328125,7.0940656661987305,302.52484391622977,414.1015625,15.874563217163086,71.63182067871094,2.432507276535034,False,1,0,1,112.61519388477791,87.20598035728015,0.7105943403970004,0.03675222396850586,38.61499053756461,1
1340,6.441766262054443,174.78184509277344,11306.26171875,6.685755252838135,303.44247961235726,544.3541870117188,17.10982894897461,89.12202453613281,3.6821343898773193,False,0,1,1,114.39212877076898,20.7700463553825,0.5759966262471152,0.5582337379455566,63.00068957793792,1
1342,8.248703002929688,201.33885192871094,24912.87890625,7.877665996551514,389.08883666992193,415.6834411621094,12.842047691345215,51.85914993286133,3.540532112121582,False,1,1,1,101.16536242420307,59.93233402963981,0.5174624210101703,1.2487030029296875,45.46768223660456,0
1344,5.664845943450928,186.6483612060547,18678.951171875,5.153872966766357,313.08349609375,335.5055236816406,17.55156898498535,59.57183837890625,3.5702905654907227,False,0,1,1,90.45855691605084,55.67404945000341,0.5961616084483832,1.3351540565490723,62.66420115665278,1
1345,8.999499320983887,234.83547973632812,20933.513671875,7.980450630187988,365.06097412109375,444.0770263671875,12.168764114379883,54.40470504760742,3.6950840950012207,False,0,0,1,97.11222124521191,47.13937533761685,0.6432774132004421,1.9994993209838867,44.96460673486672,2
1346,5.588537216186523,171.3331298828125,17732.240234375,5.588614463806152,343.04156494140625,466.4454345703125,13.827754974365234,59.37644958496094,4.373998641967773,False,0,1,1,77.27799145170502,38.01567961040112,0.4994529727399779,1.4114627838134766,60.48258147933666,1
1347,6.265637397766113,159.29019165039062,18711.064453125,6.835968017578125,314.2230529785156,499.6046142578125,15.061714172363281,68.10721588134766,3.266028642654419,False,0,1,1,102.96139637217857,37.451744603018675,0.5069334971878982,0.7343626022338867,49.19198989441247,1
1348,6.922041893005371,201.41012573242188,16515.873046875,8.463003158569336,357.9352111816406,336.04644775390625,20.92910385131836,60.520904541015625,4.242947101593018,False,1,1,1,177.12307199973293,49.1475898885928,0.5626999492584505,0.0779581069946289,88.8010805248905,0
1349,8.072612762451172,210.269775390625,16843.36328125,8.793458938598633,359.51617431640625,559.1676025390625,17.26357650756836,68.7389907836914,5.0822062492370605,False,1,0,1,151.80655115265836,30.122208752162358,0.5848687481323166,1.0726127624511719,87.73705641094602,1
1350,8.828094482421875,196.56285095214844,17699.611328125,8.940380096435547,379.9142761230469,486.86328125,17.517282485961914,61.18284606933594,3.7933177947998047,False,0,1,1,156.6111636811329,36.354377036460114,0.5173873760171576,1.828094482421875,66.44861937053429,1
1351,8.647454261779785,183.59738159179688,12995.8857421875,6.195448875427246,382.35787963867193,489.7627868652344,18.076963424682617,93.40961456298828,3.624100685119629,False,0,1,1,111.99490272058938,26.535061593457595,0.48017156409886147,1.6474542617797852,65.51273553227475,1
1352,7.475536823272705,215.42910766601562,31359.38671875,7.498494625091553,337.4623718261718,477.23504638671875,12.186309814453125,53.90882110595703,4.0155744552612305,False,1,1,1,91.3789786433772,65.71056943631906,0.638379638778229,0.4755368232727051,48.935034394817194,0
1354,6.453064918518066,178.9982452392578,23129.4609375,6.354507923126221,326.8531799316406,371.88275146484375,13.178300857543945,41.52586364746094,3.440858840942383,False,0,1,1,83.74161721260407,62.195573159006784,0.5476411296627223,0.5469350814819336,45.34467301427867,1
1355,8.19221019744873,172.29275512695312,13528.5498046875,7.354685306549072,377.4557189941406,455.01531982421875,7.242761611938477,66.62102508544922,3.4892830848693848,False,1,1,1,53.26823240616159,29.732075351181066,0.4564581909889395,1.1922101974487305,25.272045580278245,0
1356,7.247701168060303,210.2707977294922,31561.955078125,9.08090591430664,321.7558260049567,558.5264892578125,13.415205001831055,73.62924194335938,3.3199527263641357,False,1,1,1,121.82221444276365,56.50932521312676,0.6535104575627559,0.24770116806030273,44.5378464205628,0
1357,7.893132209777832,201.43324279785156,20526.048828125,5.628775596618652,299.01824951171875,303.8787841796875,15.254652976989746,71.54230499267578,3.3022117614746094,False,1,1,1,85.86501841176596,67.54683060874973,0.6736486567396235,0.893132209777832,50.3740944778292,0
1358,6.164449691772461,203.0164794921875,19231.681640625,8.551279067993164,329.2160951423736,371.1675109863281,8.234265327453613,76.65728759765625,3.4464011192321777,False,0,1,1,70.41350073495596,51.81402202392486,0.6166663230354038,0.8355503082275391,28.378581240590847,1
1359,7.937392234802246,170.44532775878906,6626.37646484375,5.117363929748535,372.625244140625,316.0224609375,23.13595199584961,73.78620910644531,4.270851135253906,False,1,1,1,118.39508622395442,20.968055321821566,0.45741755284042745,0.9373922348022461,98.81020684665418,0
1361,4.906491756439209,173.77915954589844,14786.138671875,5.843756675720215,267.5611572265625,620.3468627929688,7.775895595550537,38.794307708740234,3.1523449420928955,False,0,1,1,45.44044179620187,23.835275931707855,0.6494932250171664,2.093508243560791,24.51230515087616,1
1362,8.14348316192627,182.43246459960938,10673.5830078125,6.607834815979004,340.4008112807119,427.54522705078125,13.719330787658691,77.76933288574219,2.5728304386138916,False,1,1,1,90.65507163062375,24.964804440630445,0.535934281053261,1.1434831619262695,35.29751184790098,0
1363,5.117913722991943,179.70167541503906,26215.400390625,5.502903461456299,303.2575988769531,369.6186218261719,14.76187801361084,82.83155059814453,3.8067004680633545,False,0,1,1,81.23318961869472,70.92553992593022,0.5925710534145,1.8820862770080566,56.194047943906526,1
1364,6.449069976806641,163.44764709472656,16906.33203125,5.152225494384766,283.2173156738281,397.5070495605469,16.78727149963379,82.01605987548828,3.331549882888794,False,0,1,1,86.49180820157198,42.53089852723225,0.577110358272915,0.5509300231933594,55.92763239862734,1
1365,5.61356258392334,204.56936645507812,16615.908203125,5.618948936462402,316.0998229980469,341.523681640625,15.173955917358398,73.45016479492188,3.4650886058807373,False,0,1,1,85.26168346376835,48.65228693557224,0.6471669736087614,1.3864374160766602,52.57910175537518,1
1367,6.9065752029418945,199.63812255859375,15201.33984375,5.136599063873291,341.59782822133775,306.02398681640625,15.212798118591309,90.57901763916016,3.2827494144439697,False,1,1,1,78.14204457484948,49.673687191050455,0.5844244473498647,0.09342479705810547,49.93980411585994,0
1368,6.336266994476318,228.4550323486328,29342.708984375,6.963477611541748,339.9716568200742,398.181884765625,15.545028686523438,92.0112533569336,3.74572491645813,False,0,1,1,108.24745922938018,73.69172238449465,0.6719825817643299,0.6637330055236816,58.227401278167235,1
1369,8.121253967285156,200.35369873046875,25412.708984375,6.54764986038208,314.0907287597656,411.98699951171875,12.41935920715332,59.7631950378418,4.428311824798584,False,1,1,1,81.31761557875234,61.68327872678145,0.6378847885249928,1.1212539672851562,54.996795233458215,0
1370,7.036752223968506,194.1666259765625,11275.873046875,7.266597747802734,399.28207397460943,427.89691162109375,15.213175773620605,34.47175216674805,2.9096062183380127,False,1,1,1,110.54802881351861,26.351844835253296,0.4862893631999625,0.03675222396850586,44.26435083159572,0
1371,8.935115814208984,218.39405822753906,23774.2578125,6.414851665496826,324.8446960449219,413.0048522949219,13.450579643249512,63.57931900024414,5.16829776763916,False,0,1,1,86.28347322639684,57.56411243797923,0.6723029811298965,1.9351158142089844,69.51660074365918,1
1372,6.452780723571777,190.32139587402344,22034.955078125,6.9146928787231445,343.7105566961883,353.8976745605469,12.158055305480957,67.21240234375,3.425065040588379,False,0,1,1,84.06921843993132,62.263633247161955,0.5537257777290967,0.5472192764282227,41.64213018834289,1
1373,8.45881462097168,225.7123565673828,15677.970703125,6.410043239593506,314.3314208984375,636.2577514648438,10.613709449768066,71.96338653564453,3.5077085494995117,False,1,1,1,68.0343365054955,24.640911081065816,0.7180712485063359,1.4588146209716797,37.229799378855205,0
1374,6.930082321166992,210.42587280273438,22802.0390625,5.945302963256836,291.4472513063137,473.7955627441406,13.90010929107666,64.0427017211914,4.149413585662842,False,1,1,1,82.64036095783194,48.12632453184718,0.7220032823695138,0.06991767883300781,57.677302334591786,0
1375,6.255070209503174,173.84022521972656,25456.275390625,6.233140468597412,319.5794308285065,482.0198059082031,14.23510456085205,70.70436096191406,4.194200038909912,False,0,1,1,88.72940631296251,52.811679158804665,0.5439656245243378,0.7449297904968262,59.70487610301234,1
1376,5.669818878173828,203.4527130126953,27244.634765625,6.604949474334717,315.1233487392251,361.23846435546875,11.095059394836426,68.92312622070312,5.60045862197876,False,0,1,1,73.28230671763731,75.42008224073125,0.6456288091030357,1.3301811218261719,62.1374210491781,1
1377,7.945407390594482,211.80007934570312,15938.2861328125,6.636454105377197,385.6527404785156,392.16607666015625,9.61902141571045,40.233821868896484,5.428916931152344,False,1,1,1,63.83619416400279,40.64167463924383,0.5491989465281742,0.9454073905944824,52.220868224867445,0
1378,7.499844074249268,210.9850311279297,23707.46484375,7.1485185623168945,346.33708161087463,484.8433532714844,18.08195686340332,52.96746826171875,4.454476833343506,False,1,0,1,129.259204281052,48.89716366097736,0.6091898376501049,0.4998440742492676,80.5456579495467,1
1379,4.695516109466553,198.91049194335938,24767.16796875,7.8797502517700195,353.48468017578125,512.8418579101562,19.9575138092041,44.345680236816406,4.641738414764404,False,0,1,1,157.26022446277966,48.29396730871945,0.5627131882539627,2.3044838905334473,92.63755851137375,1
1380,6.710633754730225,203.64291381835938,23748.18359375,6.726664066314697,342.4414367675781,455.9675598144531,15.879549026489258,63.67695236206055,3.8632869720458984,False,1,1,1,106.81639182576782,52.08305510008386,0.5946795316184132,0.2893662452697754,61.34725487600008,0
1381,9.502857208251953,175.58567810058594,4466.25732421875,6.416458606719971,370.8518981933594,406.3098449707031,13.754220962524414,57.43827438354492,4.237345218658447,False,0,1,1,88.25338947371802,10.992244880378284,0.4734657648578925,2.502857208251953,58.28138243192461,1
1382,4.405327320098877,169.74253845214844,15039.7099609375,6.30819845199585,352.917724609375,424.25115966796875,14.441753387451172,79.16959381103516,4.086867332458496,False,0,1,1,91.1014463628253,35.45001488565877,0.48096914984663314,2.594672679901123,59.02153014259602,1
1383,6.810344696044922,166.59242248535156,18852.123046875,7.847711563110352,328.7391162064601,294.3839111328125,13.447314262390137,54.1176643371582,4.115695953369141,False,1,1,1,105.53064362973782,64.03924355203823,0.5067617869787169,0.18965530395507812,55.345056893402216,0
1385,6.9681315422058105,205.98257446289062,19207.3125,7.2859978675842285,283.4785461425781,459.17669677734375,17.916963577270508,50.87881851196289,3.0308234691619873,False,1,1,1,130.5429584175772,41.82989379246263,0.7266249123228709,0.03186845779418945,54.30315370611197,0
1386,5.762552261352539,184.8474884033203,22159.017578125,6.3022637367248535,347.77514648437506,449.43536376953125,12.950544357299805,65.8397445678711,2.9065892696380615,False,0,1,1,81.61774607385723,49.30412538739149,0.5315143699611979,1.237447738647461,37.64191326489936,1
1387,8.397248268127441,199.4958038330078,16772.2265625,8.117218017578125,343.4037780761719,402.46490478515625,17.236047744750977,75.85354614257812,2.83579421043396,False,1,1,1,139.90875730552943,41.67376166570247,0.5809365417284962,1.3972482681274414,48.87788440532813,0
1388,8.828326225280762,189.97555541992188,13527.990234375,7.145967483520508,408.5912170410156,338.512451171875,18.543500900268555,66.62102508544922,3.0528221130371094,False,0,1,1,132.51125446395235,39.96305053944175,0.4649526153076828,1.8283262252807617,56.61000960146339,1
1389,9.395842552185059,162.15769958496094,9225.7705078125,8.27503490447998,336.1511584909865,451.5246276855469,12.632707595825195,80.24988555908203,3.5304982662200928,False,0,1,1,104.53609629354287,20.432485675632012,0.4823951814728427,2.3958425521850586,44.59975226472625,1
1391,5.149133205413818,198.3324432373047,16795.318359375,6.708067893981934,326.9526062011719,303.3336181640625,12.510886192321777,66.37637329101562,4.839176177978516,False,0,1,1,83.9238739919756,55.36912923025193,0.6066091502835822,1.8508667945861816,60.54238242728388,1
1392,4.916740417480469,191.4671173095703,23425.33203125,6.8575825691223145,312.4304970045709,316.4222412109375,18.281753540039062,43.4332389831543,3.6132123470306396,False,0,1,1,125.36863440916204,74.03187546984735,0.6128310729344006,2.0832595825195312,66.05585761624025,1
1393,7.036752223968506,202.88699340820312,24518.57421875,7.217408657073975,360.15411376953125,492.35205078125,16.743288040161133,72.71012878417969,4.1745686531066895,False,1,0,1,120.8431520489421,49.79886674595093,0.5633338204063946,0.03675222396850586,69.8960054023928,1
1394,7.3712897300720215,180.7365264892578,25672.3125,7.377422332763672,310.5674743652344,298.0530700683594,12.67160701751709,27.559354782104492,4.0846967697143555,False,1,1,1,93.48379660303544,86.13336010254355,0.581955744968811,0.3712897300720215,51.759672251541815,0
1395,8.278752326965332,200.16221618652344,29381.935546875,7.249878883361816,360.74712978065054,456.4706726074219,15.160640716552734,70.3370590209961,4.7677226066589355,False,1,1,1,109.91280898917103,64.3676302678413,0.5548546311466868,1.278752326965332,72.2817294757424,0
1396,10.202971458435059,211.96340942382812,21708.94921875,7.4918951988220215,312.55876700747945,395.1407775878906,21.520593643188477,62.659461975097656,3.2709038257598877,False,0,0,1,161.23003219120346,54.93978448979876,0.6781553778672301,3.2029714584350586,70.39179208012911,2
1397,4.562156677246094,189.26141357421875,23829.79296875,7.81512451171875,325.1673583984375,401.5516662597656,13.62414836883545,66.62102508544922,4.822883605957031,False,0,1,1,106.47441586857894,59.344275996579036,0.582043086748787,2.4378433227539062,65.70768181318272,1
1398,7.036752223968506,205.95225524902344,29743.822265625,7.5186920166015625,340.6289459794133,430.2460021972656,20.72047233581543,82.39676666259766,3.893925905227661,False,1,0,1,155.790849931509,69.13212916469001,0.6046234680738118,0.03675222396850586,80.68398399698481,1
1400,9.149733543395996,230.56190490722656,30468.642578125,7.6676554679870605,337.5579833984375,539.6250610351562,16.133499145507812,58.134525299072266,5.436819076538086,False,0,1,1,123.70611294081755,56.46261584518472,0.683029036679761,2.149733543395996,87.71491592560778,1
1401,7.6155571937561035,204.86997985839844,8403.2841796875,6.01231575012207,418.3094177246094,311.178955078125,12.742328643798828,67.2823257446289,4.243133544921875,False,1,1,1,76.6109031983433,27.004667300117045,0.4897570331622701,0.6155571937561035,54.06740210892167,0
1402,7.813067436218262,183.69747924804688,9812.1220703125,7.607639312744141,400.37353515625,539.6107788085938,12.34808349609375,90.39027404785156,4.713719367980957,False,1,1,1,93.93976544192992,18.18370284187609,0.4588152379191141,0.8130674362182617,58.20540033298312,0
1403,7.721032619476318,203.3547821044922,35800.69921875,7.683399200439453,312.9190368652344,424.96697998046875,18.092607498168945,96.44213104248047,4.168487071990967,False,1,1,1,139.01272598529613,84.24348436707223,0.6498638864921715,0.7210326194763184,75.41880045472408,0
1404,9.056244850158691,197.6663055419922,17403.53125,7.68891716003418,337.4601745605468,414.7666320800781,15.349868774414062,63.696746826171875,3.3193538188934326,False,0,1,1,118.02386942386511,41.95981513932423,0.5857470595268124,2.0562448501586914,50.95164553586437,1
1405,8.082656860351562,213.7551727294922,21689.634765625,8.771783828735352,325.0342712402344,508.1164855957031,17.038211822509766,66.62102508544922,5.247129917144775,False,1,1,1,149.45551093525864,42.68634326538386,0.6576388737600715,1.0826568603515625,89.4017109885408,0
1406,5.848667144775391,210.4412078857422,33095.390625,6.095883846282959,312.37579345703125,482.4519348144531,11.813337326049805,61.93507766723633,4.8745341300964355,False,0,1,1,72.01273217655853,68.59831657454102,0.6736796244136943,1.1513328552246094,57.58451598617194,1
1407,8.470545768737793,199.48971557617188,26559.380859375,7.904381275177002,351.7389221191406,491.51971435546875,9.50487995147705,66.14635467529297,2.9358019828796387,False,1,1,1,75.13019511126049,54.03522998089134,0.5671528013082616,1.470545768737793,27.90444540857925,0
1408,9.228581428527832,180.9447021484375,10345.3994140625,6.0569891929626465,325.7149621322369,397.0431213378906,18.215463638305664,53.97673416137695,3.8391854763031006,False,0,1,1,110.33086640202146,26.056110361882517,0.55553082489175,2.228581428527832,69.93254344431034,1
1409,8.170588493347168,208.2791748046875,12806.83203125,5.489258766174316,322.92401123046875,472.0282897949219,13.389548301696777,28.566364288330078,3.995857000350952,False,1,1,0,73.49869539020347,27.131492499491042,0.6449789018973294,1.170588493347168,53.50272031287227,1
1410,6.381977081298828,211.9172821044922,20709.279296875,6.171162128448486,278.94927978515625,525.0755004882812,16.68407440185547,74.5298080444336,4.991896152496338,False,0,1,1,102.9601280969473,39.440574237755015,0.7596982559267059,0.6180229187011719,83.28516681458495,1
1411,6.989813804626465,221.00022888183594,20769.51953125,8.361019134521484,307.5231628417969,326.58636474609375,12.286236763000488,62.76861572265625,4.808582782745361,False,1,1,1,102.72546066670839,63.5957948942589,0.7186457960465311,0.010186195373535156,59.07938656329725,0
1413,7.036752223968506,182.10057067871094,17423.408203125,6.815718650817871,334.28981919658617,495.51312255859375,11.558371543884277,85.86412048339844,3.5681965351104736,False,1,1,1,78.77860850473462,35.1623546879979,0.5447386060742827,0.03675222396850586,41.242541294407374,0
1415,7.388518333435059,201.05770874023438,13921.146484375,7.7664947509765625,353.9489804194659,560.7747192382812,14.467095375061035,74.37401580810547,4.409053325653076,False,1,1,1,112.35862029228883,24.82484673784814,0.5680414955113554,0.3885183334350586,63.786194975953094,0
1416,6.966835021972656,158.04306030273438,12256.6787109375,7.105618953704834,371.5174255371094,382.44384765625,14.408080101013184,78.10073852539062,2.9574410915374756,False,1,1,1,102.37832705225674,32.04830919363042,0.42539878082124927,0.03316497802734375,42.61104814089981,0
1417,6.703486919403076,182.1295166015625,24316.875,7.009805679321289,341.3339538574219,479.5375061035156,20.08864402770996,53.925045013427734,4.223883628845215,False,1,1,1,140.81749099530498,50.70901574910766,0.5335815965851963,0.29651308059692383,84.8520946343433,0
1418,7.139671325683594,183.427978515625,16916.4140625,6.5394158363342285,316.09061705164584,363.7677001953125,10.144442558288574,42.31547164916992,3.151388645172119,False,1,1,1,66.33872831645522,46.50334267422306,0.5803018756021883,0.13967132568359375,31.969081089791416,0
1419,6.6487932205200195,213.95999145507812,16388.404296875,7.656506061553955,357.7281188964844,372.6869812011719,15.379518508911133,31.8955078125,5.138047695159912,False,1,1,1,117.75337668725933,43.97364297535013,0.598107835405815,0.35120677947998047,79.02069962738005,0
1420,7.036752223968506,182.05953979492188,17869.455078125,9.832911491394043,361.5377502441406,359.4494323730469,20.20932960510254,49.156639099121094,4.170075416564941,False,1,1,1,198.7165493073826,49.713404498761776,0.5035699291938672,0.03675222396850586,84.27442857149617,0
1421,7.940713405609131,197.0499725341797,10762.9384765625,7.515814781188965,384.7911376953125,406.1167907714844,16.23726463317871,74.61165618896484,2.9901509284973145,False,1,1,1,122.03627353612137,26.50207697547911,0.5120959209255828,0.9407134056091309,48.55187191915593,0
1422,8.228564262390137,182.1968994140625,18132.09375,6.71200704574585,335.780517578125,569.9348754882812,15.11934757232666,63.35970687866211,2.7819440364837646,False,1,1,1,101.48116743253695,31.814325632645897,0.5426071178446623,1.2285642623901367,42.06117881435944,0
1423,8.665692329406738,162.35968017578125,3802.41162109375,6.281552791595459,336.09570040609486,337.9728088378906,19.270708084106445,84.19258117675781,3.494032144546509,False,0,0,1,121.04997016174002,11.250643573717024,0.4830757415121078,1.6656923294067383,67.33247349404019,2
1424,5.064042568206787,214.52932739257812,21035.107421875,9.134812355041504,342.1212419156912,471.1781005859375,13.333518028259277,58.19422149658203,5.122702598571777,False,0,1,1,121.79918522071148,44.64364398742847,0.6270564363799078,1.935957431793213,68.30364745146744,1
1425,7.894322872161865,176.31930541992188,11697.607421875,8.198105812072754,376.78399658203125,383.01910400390625,12.677488327026367,57.28026580810547,2.8650314807891846,False,1,1,1,103.93139073627935,30.540532493165585,0.46795858250730155,0.8943228721618652,36.321403154267955,0
1426,7.0427937507629395,194.04672241210938,16733.125,7.7019267082214355,350.24395751953125,504.92547607421875,19.703420639038086,82.25345611572266,3.965646982192993,False,1,1,1,151.7543016631289,33.13979143409396,0.5540330323821657,0.04279375076293945,78.13681059608052,0
1427,8.30506420135498,177.1743927001953,8451.3193359375,5.807121753692627,335.8717041015625,361.6914367675781,14.35935115814209,50.92667007446289,4.46121072769165,False,1,1,1,83.38650047935835,23.36610285302992,0.5275061578843638,1.3050642013549805,64.06009142939502,0
1428,8.26830768585205,168.68789672851562,13181.673828125,6.383225917816162,298.3070983886719,294.2980651855469,12.366424560546875,79.20647430419922,4.4054083824157715,False,1,1,1,78.93768176560116,44.79021557625294,0.5654840165527804,1.2683076858520508,54.479150419545476,0
1429,7.036752223968506,199.57052612304688,25305.103515625,5.95679235458374,329.13323974609375,287.5960693359375,13.786141395568848,33.781558990478516,4.1330695152282715,False,1,1,1,82.12118166433493,87.98834937510243,0.6063517792084798,0.03675222396850586,56.97908073465214,0
1430,7.397562503814697,217.93679809570312,24502.154296875,5.919098854064941,348.18728247657765,426.00299072265625,12.263150215148926,49.50251388549805,2.459336757659912,False,1,1,1,72.58679838571425,57.5163901966839,0.6259183159121996,0.39756250381469727,30.159216088820813,0
1431,6.367298603057861,183.78948974609375,11619.7099609375,6.035221099853516,343.8280029296875,362.77545166015625,16.643695831298828,73.25922393798828,2.6147661209106445,False,0,1,1,100.44838426059869,32.03003366333804,0.5345390359293669,0.6327013969421387,43.5193719864219,1
1432,8.410625457763672,185.18374633789062,29985.25,8.178008079528809,322.9581823530458,489.90435791015625,17.697765350341797,74.2300796508789,4.352295875549316,False,1,1,1,144.7324680247002,61.20633436841701,0.5733985261350528,1.4106254577636719,77.0259111407322,0
1433,7.098245620727539,207.53538513183594,22671.48046875,6.284582138061523,295.585693359375,297.10650634765625,17.105327606201172,71.02082824707031,4.909571647644043,False,1,1,1,107.49983633962256,76.30758636404147,0.7021157961708157,0.09824562072753906,83.97983143906822,0
1434,7.322502136230469,196.1042938232422,19534.421875,6.661157608032227,297.84136962890625,418.07550048828125,17.161767959594727,69.46736145019531,2.981649160385132,False,1,1,1,114.31724121133811,46.72462702421121,0.6584185850647901,0.32250213623046875,51.170371027450074,0
1435,5.198225021362305,173.1198272705078,11178.4033203125,5.893458366394043,343.2098693847656,390.06561279296875,14.16089916229248,65.4330062866211,3.8073182106018066,False,0,1,1,83.45666964367501,28.657751221940703,0.5044138942636663,1.8017749786376953,53.91504925909203,1
1436,7.036752223968506,213.47470092773438,20626.515625,8.442056655883789,318.73876953125,337.8954162597656,7.689294338226318,77.00312042236328,3.236570119857788,False,1,1,1,64.91345844707303,61.04408219642365,0.6697481469603798,0.03675222396850586,24.886940297894967,0
1437,7.036752223968506,215.75021362304688,36776.13671875,6.669056415557861,294.1110534667969,489.8858642578125,11.180349349975586,66.62102508544922,4.754312992095947,False,1,1,1,74.56238056063285,75.07082634318466,0.7335671690891972,0.03675222396850586,53.15488017076041,0
1438,6.280905246734619,178.7071990966797,16950.015625,7.866135120391846,370.32635498046875,388.5526123046875,10.971431732177734,74.60802459716797,3.0212888717651367,False,0,1,1,86.30276446946482,43.62347606116465,0.4825667852441613,0.7190947532653809,33.14786459975949,1
1439,6.823930263519287,146.13059997558594,13467.8798828125,6.423224449157715,289.5764465332031,412.84051513671875,14.307686805725098,81.52953338623047,4.016144275665283,False,1,1,1,91.9014837014247,32.62247612914135,0.5046356539712383,0.1760697364807129,57.46173446282455,0
1440,6.629993438720703,209.1570281982422,20487.923828125,7.278911590576172,332.8775634765625,524.88330078125,20.751750946044922,60.23684310913086,3.1552135944366455,False,1,1,1,151.05016048591642,39.03329322650758,0.6283302046118181,0.3700065612792969,65.47620669332446,0
1442,6.123193740844727,181.3124237060547,15135.126953125,5.824041843414307,293.8406982421875,391.6103210449219,11.591794967651367,61.94668197631836,5.457830905914307,False,0,1,1,67.51109893188095,38.64843723753747,0.6170432624672408,0.8768062591552734,63.26605682946956,1
1443,7.036752223968506,196.13931274414062,10540.341796875,6.4594597816467285,359.1687316894531,400.6795959472656,13.583559036254883,45.90070724487305,4.1494832038879395,False,1,1,1,87.74245328631241,26.306160526217756,0.5460923930528438,0.03675222396850586,56.36475006995988,0
1444,6.848033428192139,165.81532287597656,6068.455078125,6.132131576538086,373.20684814453125,442.7862548828125,11.118171691894531,64.02760314941406,4.25703763961792,False,1,1,1,68.17809170523833,13.705156827927995,0.44429871331691856,0.15196657180786133,47.33047537612947,0
1446,6.411525726318359,197.68487548828125,19505.296875,8.262397766113281,351.73931019773295,436.0564880371094,12.902108192443848,66.62102508544922,2.2006781101226807,False,0,1,1,106.60234990739991,44.73112398366363,0.5620209888258728,0.5884742736816406,28.393387073545682,1
1450,8.725393295288086,213.61036682128906,18862.673828125,8.670126914978027,324.027099609375,396.22900390625,20.055736541748047,96.59146118164062,4.565542221069336,False,0,1,1,173.88578119031808,47.60548469334802,0.6592361145705623,1.725393295288086,91.56531195599382,1
1452,8.174028396606445,192.3904266357422,19808.537109375,6.955821514129639,377.7001953125,503.5221862792969,13.780973434448242,59.54277038574219,3.9867806434631348,False,1,1,1,95.8579915009841,39.3399488836973,0.5093733826830289,1.1740283966064453,54.94171813653793,0
1453,8.034011840820312,197.60939025878906,25204.673828125,6.501096725463867,330.55218505859375,490.8215026855469,15.107288360595703,89.80094909667969,2.452120780944824,False,1,1,1,98.21394289170712,51.352016239844296,0.5978160139100117,1.0340118408203125,37.04489573274259,0
1454,8.205541610717773,188.27719116210938,19902.82421875,5.002791881561279,354.05491253491783,331.3455810546875,15.062840461730957,57.814334869384766,3.63403058052063,False,1,0,1,75.35625597520038,60.06666542928315,0.5317739818446016,1.2055416107177734,54.73882286743378,1
1455,7.893818378448486,203.29661560058594,16853.67578125,7.334428310394287,339.767578125,398.989501953125,19.31875991821289,58.574607849121094,3.5085036754608154,False,1,1,1,141.69205966585105,42.240900215437605,0.5983402422448123,0.8938183784484863,67.77994017839501,0
1456,7.036752223968506,218.40554809570312,11370.6494140625,6.86682653427124,392.8419189453125,284.5511779785156,16.09552001953125,66.62102508544922,3.2665624618530273,False,1,0,1,110.52514395301114,39.95994483270447,0.5559629382885293,0.03675222396850586,52.57702149980469,1
1457,5.48813533782959,192.5079803466797,21715.7734375,5.454063415527344,380.7126259224317,553.2872314453125,13.081523895263672,87.279541015625,3.652991533279419,False,0,1,1,71.34746089650434,39.24864367739845,0.5056516824851786,1.5118646621704102,47.7866960317906,1
1459,6.867000579833984,184.2484893798828,14464.115234375,6.759352207183838,371.2838134765625,497.7037658691406,14.78286075592041,73.43347930908203,3.4841206073760986,False,1,1,1,99.92256247902196,29.061695324033977,0.4962470277343954,0.13299942016601562,51.50526979567371,0
1460,5.821706771850586,220.12542724609375,40009.72265625,6.6318359375,341.60018666809736,493.11834716796875,12.420833587646484,49.129302978515625,3.908198833465576,False,0,1,1,82.37293056026101,81.13614673818964,0.6443949248059844,1.178293228149414,48.54308733791004,1
1461,7.451888561248779,203.20028686523438,15825.1826171875,6.754242420196533,372.7178205795317,348.9529113769531,11.094898223876953,91.49308776855469,3.9300806522369385,False,1,1,1,74.93763223147289,45.350481557501645,0.5451853254671238,0.4518885612487793,43.603844848196786,0
1463,7.544340133666992,180.11972045898438,17253.3359375,5.741253852844238,344.56025315213066,575.9221801757812,14.861906051635742,58.754981994628906,4.435513973236084,False,1,0,1,85.3259753795628,29.957755581277027,0.5227524599498864,0.5443401336669922,65.92019196095225,1
1464,4.103868007659912,168.2836456298828,22207.470703125,5.8500800132751465,320.8136590576183,344.8695068359375,15.466455459594727,34.71962356567383,3.8088507652282715,False,0,1,1,90.48000196038538,64.39383650493569,0.524552619111228,2.896131992340088,58.90942071264635,1
1465,5.329938888549805,196.0346221923828,24000.5234375,5.729574680328369,335.0923156738281,511.7052001953125,18.588090896606445,68.45803833007812,5.799322128295898,False,0,1,1,106.50185495683854,46.90302811352362,0.5850167623604418,1.6700611114501953,107.7983268594653,1
1466,6.962993621826172,206.81788635253906,24036.59375,7.6914544105529785,356.63256835937494,552.2730712890625,8.574690818786621,88.6201400756836,4.760381698608398,False,1,1,1,65.95184351728449,43.52302322177882,0.5799186729469198,0.037006378173828125,40.818801244977294,0
1467,6.846059799194336,177.82913208007812,16515.669921875,6.147210121154785,308.9017028808594,542.9970703125,12.626473426818848,60.90025329589844,4.709373950958252,False,1,1,1,77.61758524383276,30.415762431193805,0.5756819397430881,0.15394020080566406,59.462785048727255,0
1468,6.279842376708984,175.89064025878906,11582.5048828125,7.059985160827637,335.50794481944826,430.32208251953125,15.674785614013672,86.76025390625,3.2785844802856445,False,0,1,1,110.66375383409104,26.91589701388588,0.5242517873285888,0.7201576232910156,51.39110884590991,1
1469,6.73984956741333,197.37448120117188,34702.41796875,5.86968469619751,261.0679931640625,390.04656982421875,17.757917404174805,91.38460540771484,4.3796305656433105,False,1,1,1,104.23337602362426,88.96993478347807,0.7560271102291313,0.2601504325866699,77.77311784549329,0
1470,5.495035648345947,184.43482971191406,26744.30078125,7.356517314910889,332.0302734375,459.6421813964844,18.417924880981445,71.87557220458984,4.1154279708862305,False,0,1,1,135.49178329166807,58.185044379109094,0.5554759427415746,1.5049643516540527,75.79764322087249,1
1471,7.583770275115967,217.28326416015625,36343.40625,8.53272533416748,375.9643859863281,393.877685546875,17.44230079650879,77.72225952148438,3.642289161682129,False,1,1,1,148.83036189254017,92.27079240924405,0.5779357611551057,0.5837702751159668,63.52990314592353,0
1472,5.866702556610107,159.4331817626953,16298.0009765625,5.784708499908447,313.72025984701,525.2138061523438,11.055445671081543,79.28874206542969,5.302972793579102,False,0,1,1,63.95253054378145,31.031173885029062,0.5082017378547479,1.1332974433898926,58.626727614637275,1
1473,6.394980430603027,220.42239379882812,21051.2578125,8.73950481414795,348.0477600097656,353.36541748046875,19.637041091918945,48.70998764038086,4.7320027351379395,False,0,1,1,171.61801515844672,59.573621841729675,0.6333107650494079,0.6050195693969727,92.92253215697656,1
1474,5.821261405944824,204.04888916015625,37174.00390625,7.867815017700195,329.01956176757807,466.78326416015625,13.988706588745117,96.82695770263672,4.371078968048096,False,0,1,0,110.0605557771305,79.63868176271352,0.6201725132809137,1.1787385940551758,61.145741160259604,2
1475,5.514062404632568,212.55506896972656,27859.748046875,6.646355628967285,286.47479248046875,524.5479736328125,13.067803382873535,99.91838836669922,4.460362911224365,False,0,1,1,86.85326857199925,53.11191615290676,0.741967788465194,1.4859375953674316,58.28714554014141,1
1476,6.730883598327637,192.4360809326172,22296.060546875,7.450541019439697,313.32763456572474,326.3507385253906,11.827401161193848,66.62102508544922,4.359137535095215,False,1,1,1,88.12053750484347,68.31931981922268,0.6141688733748834,0.2691164016723633,51.55726834438883,0
1477,5.198067665100098,200.46444702148438,37200.2421875,7.40109920501709,311.7948913574219,573.1355590820312,17.23865509033203,74.9482192993164,3.2950339317321777,False,0,1,1,127.5849964846202,64.90653307600672,0.6429369176185371,1.8019323348999023,56.80195346007167,1
1478,7.036752223968506,191.01231384277344,9626.8935546875,6.17937707901001,353.0558776855469,271.3684387207031,13.44117546081543,92.48613739013672,4.654177188873291,False,1,1,1,83.05809155751467,35.47536170600995,0.5410257281479816,0.03675222396850586,62.55761222137062,0
1479,7.362331390380859,215.6372528076172,28263.310546875,6.478948593139648,347.7973934868518,417.60821533203125,16.55254364013672,56.39934539794922,3.9335649013519287,False,1,1,1,107.24307933014643,67.67900975493129,0.620008246829374,0.3623313903808594,65.11050469093789,0
1480,7.066141605377197,207.36143493652344,22523.43359375,8.064693450927734,343.29388427734375,503.2533264160156,12.168334007263184,83.6566162109375,4.127599239349365,True,1,1,1,98.13388357707663,44.755657571899064,0.6040347464068525,0.06614160537719727,50.22600619252853,0
1481,5.420347690582275,232.38682556152344,25107.208984375,6.536679744720459,367.2937337138694,473.2680969238281,10.817122459411621,81.22498321533203,3.7567200660705566,True,0,1,1,70.7080652765967,53.0507107800365,0.6327002167422168,1.5796523094177246,40.63690100041413,1
1482,7.0153326988220215,222.11300659179688,16351.2265625,7.838884353637695,353.1898193359375,420.1368713378906,8.840514183044434,66.54393768310547,5.251223087310791,True,1,1,1,69.29976830757914,38.91880870039348,0.628877147083496,0.015332698822021484,46.423512181701426,0
1483,7.036752223968506,246.23976135253906,6974.22509765625,9.812468528747559,417.91183471679693,355.532470703125,13.330090522766113,68.38838195800781,4.138696670532227,True,1,1,1,130.80109373999858,19.616281641581907,0.5892146149203739,0.03675222396850586,55.1692012644653,0
1484,6.044671535491943,150.6710205078125,13593.599609375,6.456238269805908,401.7373962402344,392.2067565917969,19.827392578125,43.564292907714844,4.914883613586426,True,0,1,1,128.01037075335626,34.65926924064634,0.3750485305646388,0.9553284645080566,97.44932688237168,1
1485,6.198650360107422,246.47695922851562,31369.541015625,6.2189483642578125,300.7148678673707,527.0007934570312,10.522934913635254,62.12546920776367,3.574172019958496,True,0,1,1,65.44158886834339,59.524656026268474,0.8196367547666008,0.8013496398925781,37.6107795361595,1
1486,7.678945064544678,178.20054626464844,20243.087890625,7.0994744300842285,357.5332159144916,363.97406005859375,11.913204193115234,58.27370071411133,3.0895495414733887,True,1,1,1,84.57748854939382,55.61684212262093,0.498416756357682,0.6789450645446777,36.806434552318024,0
1487,8.062066078186035,125.70532989501953,35381.671875,4.740110874176025,322.3304891645784,463.4616394042969,7.09122896194458,98.59455871582031,3.0400314331054688,True,1,1,1,33.61321151378547,76.34217978457741,0.38998895149768725,1.0620660781860352,21.557558943659387,0
1488,7.255798816680908,200.16378784179688,32595.12109375,7.57243537902832,324.551513671875,489.27215576171875,12.305634498596191,45.68741989135742,3.968177080154419,True,1,1,1,93.18362203856123,66.61961168909149,0.6167396508506965,0.2557988166809082,48.83093677408692,0
1489,7.036752223968506,239.43995666503906,15426.9150390625,8.731751441955566,392.3121643066406,364.95648193359375,14.162010192871094,70.7659912109375,3.4301674365997314,True,1,1,1,123.6591529225916,42.27056035573844,0.6103301856007627,0.03675222396850586,48.57806620037991,0
1492,8.837786674499512,195.82720947265625,11610.2080078125,7.87006139755249,332.759033203125,514.926025390625,12.29161548614502,87.4290771484375,2.087080240249634,True,0,1,1,96.7357685510683,22.547331874433063,0.5884955458583225,1.8377866744995117,25.653587801879667,1
1493,7.10814094543457,148.62460327148438,23688.205078125,7.003487586975098,339.1126708984375,259.9637756347656,17.21857452392578,56.0449333190918,4.015246391296387,True,1,1,1,120.59007294371986,91.12117612987899,0.4382749911392184,0.10814094543457031,69.1368192204609,0
1494,5.289618492126465,194.056396484375,21776.169921875,6.278292655944824,359.0997314453125,353.7729187011719,14.18147087097168,33.5920295715332,4.548100471496582,True,0,0,1,89.03542441971695,61.554089386686506,0.5403969397663864,1.7103815078735352,64.49875435478134,2
1495,7.169250965118408,162.4782257080078,39624.0859375,5.408353805541992,300.69512939453125,507.0270080566406,16.559228897094727,66.62102508544922,4.53317403793335,True,1,1,1,89.55816862244319,78.14985243335143,0.5403420583992364,0.1692509651184082,75.06586652450551,0
1496,7.695049285888672,153.80978393554688,11598.6826171875,8.053642272949219,349.44907727655306,297.6758728027344,12.907350540161133,73.6887435913086,3.1988790035247803,True,1,1,1,103.95118394201563,38.96413393876114,0.4401493479225097,0.6950492858886719,41.28905263405568,0
1497,8.69314956665039,219.1782989501953,16559.876953125,8.877010345458984,355.3049926757812,545.2286376953125,7.283012866973877,73.33152770996094,4.687846660614014,True,0,1,1,64.651380566238,30.37235350063678,0.6168736799410068,1.6931495666503906,34.14164754765238,1
1498,7.036752223968506,184.78604125976562,18113.017578125,8.319080352783203,381.5132141113281,530.2484130859375,19.385940551757812,70.95756530761719,3.0770349502563477,True,1,1,1,161.2731971643516,34.159494110602694,0.484350302795786,0.03675222396850586,59.65121662135061,0
1499,6.999764442443848,219.14337158203125,16078.458984375,7.652134895324707,355.68890380859375,282.5023498535156,17.297555923461914,65.06507110595703,3.360130786895752,True,1,1,1,132.3632312857535,56.91442544034642,0.6161096638647149,0.00023555755615234375,58.12205019647536,0
1500,6.897922515869141,173.39093017578125,16616.517578125,6.352933406829834,329.33978271484375,337.43609619140625,12.446975708007812,60.1594123840332,4.490105152130127,True,1,1,1,79.07480778940226,49.24344999373169,0.5264803669328647,0.10207748413085938,55.888229754964414,0
1501,6.382314682006836,212.83851623535156,24259.751953125,7.360504627227783,314.8268104232871,342.5814514160156,12.332979202270508,67.74899291992188,2.8813700675964355,True,0,1,1,90.77695048581609,70.81455164030608,0.6760495247311974,0.6176853179931641,35.53587711771161,1
1502,9.917092323303223,196.60374450683594,37215.2265625,7.408017635345459,247.9348602294922,522.5485229492188,5.512039661407471,77.83081817626953,3.3933253288269043,True,0,1,1,40.833287018430156,71.21869999984264,0.7929653116624716,2.9170923233032227,18.704143796552444,1
1503,5.609025478363037,271.6308288574219,26955.330078125,6.7727532386779785,296.65155029296875,443.87255859375,17.048683166503906,72.827392578125,3.3548901081085205,True,0,1,1,115.46652413113407,60.727633406299326,0.9156561887962731,1.390974521636963,57.196458511580204,1
1504,6.277462959289551,225.9419403076172,22807.337890625,7.3892598152160645,342.9208685997145,328.6844177246094,13.225666046142578,50.80335235595703,3.123166084289551,True,0,1,1,97.72788264422888,69.38977508919976,0.6588748610469677,0.7225370407104492,41.30595163745238,1
1505,7.036752223968506,190.26736450195312,15255.115234375,7.597687721252441,366.19232177734375,418.47674560546875,13.312723159790039,68.94488525390625,3.7967374324798584,True,1,1,1,101.14591328756978,36.453913767297585,0.5195831607251952,0.03675222396850586,50.54491434901638,0
1506,7.714312553405762,191.69264221191406,19789.63671875,7.8565568923950195,340.3263244628906,377.9263610839844,18.91702651977539,58.692203521728516,4.425134181976318,True,1,0,1,148.62269508756071,52.363737236071046,0.5632612815102849,0.7143125534057617,83.7103806740106,1
1507,6.3512864112854,162.21334838867188,22337.44921875,6.867963790893555,379.61380004882807,337.0773620605469,11.712149620056152,65.96781158447266,3.7070538997650146,True,0,1,1,80.43861950407336,66.26801935298657,0.42731151486193486,0.6487135887145996,43.417569923660494,1
1508,7.958871364593506,184.82855224609375,26845.66015625,7.6737189292907715,327.2391052246094,389.26422119140625,11.032867431640625,52.510520935058594,4.0079026222229,True,1,1,1,84.66312365453632,68.96513634137597,0.5648119333244717,0.9588713645935059,44.2186583099101,0
1509,6.6181864738464355,164.2545623779297,13776.6220703125,5.925462245941162,334.75695450487115,315.19940185546875,12.082168579101562,61.474422454833984,3.797067880630493,True,1,1,1,71.59243376456288,43.707640133536735,0.4906681091366885,0.38181352615356445,45.87681424006951,0
1510,6.000723361968994,161.00230407714844,21111.6640625,4.339126110076904,301.3071594238281,384.7532958984375,9.26196575164795,71.0022201538086,4.176218509674072,True,0,1,1,40.18883742361368,54.870651486770235,0.5343460933708895,0.9992766380310059,38.6799928079995,1
1511,6.392927646636963,159.16893005371094,21217.158203125,5.298877239227295,317.25677490234375,305.24359130859375,16.865453720092773,62.154380798339844,3.271338939666748,True,0,1,1,89.3679688466409,69.50893888601264,0.5017038000244491,0.6070723533630371,55.172615489686905,1
1512,6.977267742156982,223.2788848876953,20287.359375,5.274744510650635,282.0857238769531,377.0003967285156,14.046277046203613,67.62724304199219,2.3670413494110107,True,1,1,1,74.09052274454052,53.81256756553682,0.7915284794545715,0.022732257843017578,33.24811857364671,0
1513,6.3534369468688965,218.5493621826172,18664.84375,6.690393924713135,312.39300537109375,503.4148864746094,15.422459602355957,94.38693237304688,3.8611092567443848,True,0,1,1,103.18233002773604,37.07646359771471,0.6995974869008461,0.6465630531311035,59.54780153242291,1
1514,6.01993989944458,140.86790466308594,20666.41015625,6.903524875640869,359.714227853749,428.6953430175781,8.398237228393555,67.29095458984375,2.7470271587371826,True,0,1,1,57.97743961774813,48.20768511869492,0.39161059909131196,0.9800601005554199,23.070185751914778,1
1515,7.330196857452393,159.80372619628906,14884.33984375,9.194575309753418,411.1006774902344,404.1959228515625,17.37574005126953,51.15397262573242,2.8847150802612305,True,1,1,1,159.76255046409642,36.82456691279288,0.38872163087438244,0.3301968574523926,50.12405935659626,0
1516,9.241338729858398,157.927490234375,31598.537109375,6.778054237365723,357.23770209797374,464.0254821777344,12.053627014160156,93.87168884277344,3.8425776958465576,True,0,1,0,81.70013765895419,68.09655558781435,0.4420795701708529,2.2413387298583984,46.316998318665355,2
1517,6.593174457550049,176.61282348632812,21857.83984375,4.709044456481934,308.2283882241327,310.43597412109375,14.314281463623047,52.697959899902344,3.9316532611846924,True,1,1,1,67.40658777479621,70.41013798488972,0.5729933700490567,0.40682554244995117,56.278791397969144,0
1519,7.036752223968506,210.73284912109375,13671.416015625,8.546187400817871,418.4705505371094,352.2523193359375,10.353658676147461,45.30400848388672,3.3648908138275146,True,1,1,1,88.48430733046007,38.81142926918632,0.503578682770002,0.03675222396850586,34.83893096887414,0
1520,7.036752223968506,214.7257080078125,21093.216796875,7.366497039794922,291.28326416015625,539.0065307617188,14.670245170593262,62.25962448120117,3.5892515182495117,True,1,1,1,108.06831762224101,39.13350869410203,0.7371714536698492,0.03675222396850586,52.65519975164443,0
1521,5.938321113586426,214.46957397460938,10815.3994140625,7.7955427169799805,317.09439654400217,626.1287231445312,17.477598190307617,59.98973846435547,3.889500141143799,True,0,1,1,136.24736328275503,17.273443937329965,0.6763587614153547,1.0616788864135742,67.97912062805608,1
1522,8.249550819396973,230.93283081054688,32898.75,7.019970893859863,280.67498779296875,364.9311218261719,17.051185607910156,69.7816390991211,4.2848310470581055,True,1,1,1,119.6988266733315,90.15057347046474,0.8227766635127127,1.2495508193969727,73.06144948192377,0
1524,7.605674743652344,210.37142944335938,9583.7099609375,8.509403228759766,371.4716796875,325.6836853027344,11.781265258789062,86.51347351074219,5.554074764251709,True,1,1,1,100.2515366320149,29.426435415709175,0.566318888842388,0.6056747436523438,65.43402806479571,0
1526,7.511816501617432,174.6141357421875,15736.8935546875,8.034283638000488,367.60181406260625,303.108154296875,17.425460815429688,90.66233825683594,2.28551983833313,True,1,1,1,140.00109471402538,51.9184102429518,0.4750089052537702,0.5118165016174316,39.82623638576115,0
1528,6.7882914543151855,182.03689575195312,25661.361328125,6.939853191375732,352.3449401855469,419.8958740234375,11.835382461547852,71.43603515625,4.255948543548584,True,1,1,1,82.13581674692523,61.113630436814006,0.5166439885285353,0.21170854568481445,50.370778749565034,0
1529,7.036752223968506,184.04098510742188,23727.09375,4.964448928833008,277.68084716796875,382.8477478027344,10.213623046875,75.56105041503906,3.7144691944122314,True,1,1,1,50.705009994562715,61.97527300134548,0.6627788207996821,0.03675222396850586,37.93818817095598,0
1530,7.036752223968506,194.76121520996094,38119.1875,6.998157978057861,333.2892150878906,436.92742919921875,13.746598243713379,60.49058151245117,3.356977939605713,True,1,1,1,96.20086617039897,87.24375002645041,0.584360986821131,0.03675222396850586,46.14702704876845,0
1531,6.692531585693359,200.40435791015625,37033.15234375,4.727072238922119,280.84490966796875,376.67279052734375,12.485257148742676,57.818485260009766,2.942115306854248,True,1,1,1,59.018712463625434,98.31650487306742,0.7135766050860932,0.3074684143066406,36.73306616732725,0
1532,6.028100967407227,262.8084716796875,17150.099609375,9.378390312194824,380.3013610839844,514.545654296875,20.637598037719727,76.5290756225586,4.080786228179932,True,0,0,1,193.5474495039216,33.33056927568456,0.6910531959168998,0.9718990325927734,84.21762585503984,2
1533,6.715940475463867,218.0623779296875,17180.1875,8.915970802307129,393.2757568359375,349.0030822753906,14.354595184326172,57.2470817565918,2.404729127883911,True,1,1,1,127.98515154239067,49.2264633846902,0.5544770395450014,0.2840595245361328,34.518913158731266,0
1534,7.490786552429199,202.4580535888672,26551.369140625,7.120772361755371,312.93402099609375,306.3455505371094,17.998159408569336,67.3560791015625,4.3545355796813965,True,1,1,1,128.16079607900792,86.67130633169545,0.6469672178737869,0.4907865524291992,78.37362551339265,0
1538,7.256014823913574,196.6498260498047,44184.23046875,5.265557765960693,260.42559814453125,324.2501525878906,8.14892864227295,69.37504577636719,4.5349602699279785,True,1,0,1,42.90865449657986,136.2658736776003,0.7551094312378553,0.2560148239135742,36.95506763518597,1
1539,7.025821685791016,147.9680633544922,21226.666015625,7.342380523681641,387.4028625488281,421.09991455078125,13.996100425720215,51.17405700683594,4.746091842651367,True,1,1,1,102.76469517330042,50.407671034228066,0.3819488116298922,0.025821685791015625,66.42677805944004,0
1540,7.6068806648254395,183.84010314941406,29339.9296875,5.703617095947266,259.53472900390625,426.9859313964844,14.006982803344727,91.59070587158203,4.564460277557373,True,1,1,1,79.89046657979634,68.71404292602304,0.7083449029987127,0.6068806648254395,63.93431661429622,0
1541,6.983860492706299,202.25628662109375,11848.76953125,7.657534122467041,348.11150637002044,486.9705505371094,16.061439514160156,61.851356506347656,4.159566402435303,True,1,1,1,122.99102113562185,24.33159355088245,0.5810100566601154,0.016139507293701172,66.80862417784738,0
1543,7.32282829284668,230.3428955078125,24682.125,7.4255805015563965,323.8327331542969,349.3132019042969,9.497937202453613,50.6601448059082,3.981968879699707,True,1,1,1,70.52769729554666,70.65900972189216,0.7113020742308923,0.3228282928466797,37.820490361512384,0
1544,6.777506351470947,207.05075073242188,15228.9130859375,6.182409286499023,321.3994140625,523.2417602539062,12.683724403381348,86.16596984863281,4.263180255889893,True,1,1,1,78.41597553885913,29.10492665845832,0.6442163271895139,0.22249364852905273,54.07300344764417,0
1545,8.370365142822266,155.55355834960938,27193.31640625,5.791452407836914,342.3488082408424,356.5198669433594,7.832108020782471,69.41966247558594,2.746649742126465,True,1,1,1,45.35928085539945,76.27433658359323,0.4543715478215011,1.3703651428222656,21.51205747558879,0
1546,6.642755508422852,168.89642333984375,36505.5234375,6.06256103515625,298.552490234375,474.0574951171875,14.29924201965332,71.70689392089844,4.299209117889404,True,1,1,1,86.69002750061918,77.00653135221344,0.5657176821453942,0.35724449157714844,61.475431669800855,0
1547,6.21758508682251,203.70721435546875,15597.640625,7.751461029052734,361.247802734375,452.9220275878906,14.59714412689209,70.8509750366211,4.150166988372803,True,0,1,1,113.14919383507004,34.43780527440882,0.563898831355261,0.7824149131774902,60.58058567994749,1
1548,6.630122184753418,192.52169799804688,36269.703125,4.9738664627075195,277.4992980957031,320.4708557128906,14.786347389221191,80.98020935058594,3.35276460647583,True,1,1,1,73.54531738519017,113.17629158864194,0.6937736369980905,0.36987781524658203,49.575142185637105,0
1549,8.05102252960205,171.7517547607422,28338.6640625,6.392120838165283,319.00506591796875,496.9062805175781,16.19287109375,91.12322235107422,3.7674431800842285,True,1,1,1,103.50678874808364,57.03019888569776,0.538398202950512,1.0510225296020508,61.00572176813148,0
1550,8.41608715057373,208.32601928710938,28234.90625,7.784122943878174,297.3305358886719,444.56011962890625,12.64517593383789,78.75653076171875,4.930083751678467,True,1,1,1,98.43160411596364,63.512008702123126,0.7006546366447115,1.4160871505737305,62.34177640852977,0
1551,7.036752223968506,166.9139862060547,24037.509765625,7.136712551116943,349.8852844238281,411.47845458984375,9.456473350524902,94.901123046875,3.743703842163086,True,1,1,1,67.48813204999396,58.417420010891824,0.47705346054740777,0.03675222396850586,35.40223561567291,0
1552,7.933067798614502,204.7242889404297,12732.888671875,7.71718692779541,331.0871887207031,449.68560791015625,15.669628143310547,55.40407943725586,4.534233093261719,True,1,1,1,120.92544947097122,28.315090408905956,0.6183395048087785,0.933067798614502,71.04974648650386,0
1553,7.917608737945557,181.525390625,15805.650390625,7.2630181312561035,324.27060012084064,291.79608154296875,13.043617248535156,77.13105010986328,3.784085273742676,True,1,1,1,94.73602857327569,54.166766917775604,0.5597960160358598,0.9176087379455566,49.358159946517844,0
1555,7.033945560455322,246.62286376953125,15428.451171875,7.5707688331604,305.6164245605469,516.2178344726562,17.526819229125977,91.60279083251953,3.9317307472229004,True,1,0,1,132.69149676430334,29.887481818113656,0.8069686153719896,0.033945560455322266,68.91073406417217,1
1557,7.58004903793335,225.08856201171875,31749.923828125,5.884795188903809,339.7823088955564,503.9087219238281,18.502405166625977,78.35433959960938,3.9596364498138428,True,1,1,1,108.88286490770952,63.007291566422005,0.6624493255134658,0.5800490379333496,73.26279790699618,0
1558,8.473249435424805,129.24008178710938,20465.587890625,7.212916851043701,381.89067084986715,590.9065551757812,15.292705535888672,63.9398193359375,4.810185432434082,True,1,1,0,110.3050134578607,34.634220380078084,0.3384216774949601,1.4732494354248047,73.56074939123573,1
1559,6.8164167404174805,237.26950073242188,24170.275390625,8.706012725830078,349.7721862792969,477.0239562988281,16.574060440063477,92.94575500488281,4.274738311767578,True,1,1,1,144.2939811098695,50.66889203529816,0.6783543956940167,0.18358325958251953,70.84977114469075,0
1560,6.460033416748047,215.44064331054688,35775.79296875,6.502543926239014,307.5634460449219,365.0941467285156,8.127542495727539,77.5549545288086,3.535597801208496,True,0,1,1,52.849702090842584,97.99059555277483,0.700475447848262,0.5399665832519531,28.7357213771229,1
1561,6.2278265953063965,169.9262237548828,22550.4921875,4.973592758178711,297.4045104980469,460.4153747558594,20.78959083557129,93.30073547363281,4.007347583770752,True,0,1,1,103.39895842529586,48.97858189570468,0.5713639746046648,0.7721734046936035,83.31111660250917,1
1562,7.036752223968506,190.56752014160156,18589.03125,7.470352649688721,362.14697265624994,471.44476318359375,13.760231018066406,90.30631256103516,4.400203704833984,True,1,1,1,102.7937782461413,39.42992405948306,0.5262159675604202,0.03675222396850586,60.54781950506731,0
1565,6.191241264343262,231.3227996826172,29778.357421875,4.381096839904785,248.3043975830078,488.95416259765625,13.022134780883789,54.06085205078125,3.315070629119873,True,0,1,0,57.05123353734416,60.902145106547444,0.9316097540063766,0.8087587356567383,43.1692965405482,2
1566,7.701032638549805,121.57514190673828,16978.927734375,6.812415599822998,354.250244140625,368.2245788574219,12.997262954711914,69.26020812988281,3.3954825401306152,True,1,1,1,88.542756907681,46.110250817447636,0.34319000078172757,0.7010326385498047,44.131979432210755,0
1567,7.036752223968506,187.0432891845703,24634.552734375,9.081880569458008,336.08142882726594,443.8434143066406,11.053924560546875,74.1081771850586,3.4987168312072754,True,1,1,1,100.39042268268531,55.50280095370027,0.5565415776786715,0.03675222396850586,38.67455191088084,0
1568,8.832640647888184,199.42503356933594,25100.130859375,6.817660331726074,318.52738931445367,453.7579650878906,14.632438659667969,82.650634765625,3.4521496295928955,True,0,1,1,99.75899660643336,55.31612166675049,0.6260844110531951,1.8326406478881836,50.51336769901354,1
1569,5.646083354949951,219.34292602539062,22455.6953125,8.283758163452148,386.0387878417969,401.25628662109375,16.650114059448242,31.174039840698242,3.9385056495666504,True,0,0,0,137.92551826236377,55.96347273617033,0.5681888254894507,1.3539166450500488,65.57656828906602,3
1570,7.332103729248047,185.41506958007812,24412.50390625,7.253851890563965,331.66669440094694,310.261962890625,14.942216873168945,66.62102508544922,3.901096820831299,True,1,1,1,108.38862811465333,78.68352149945139,0.5590403623611728,0.3321037292480469,58.29103474009116,0
1571,7.8967437744140625,197.60208129882812,9407.6640625,9.610055923461914,400.2745666503906,270.7940673828125,11.30058765411377,53.201847076416016,4.889458179473877,True,1,1,1,108.5992793240166,34.741027078926635,0.49366634122860015,0.8967437744140625,55.25375073826808,0
1572,5.675294876098633,228.59039306640625,39172.390625,6.014737606048584,317.5173173658851,330.07861328125,11.42337703704834,59.26709747314453,5.021464824676514,True,0,1,1,68.7086154528065,118.67594242752847,0.7199304725891972,1.3247051239013672,57.362085970555654,1
1574,7.986018657684326,180.79556274414062,24712.994140625,5.687865257263184,287.5708923339844,434.95452880859375,8.642494201660156,84.58196258544922,3.1530046463012695,True,1,1,1,49.15734250572132,56.81741986110642,0.628699103195277,0.9860186576843262,27.249824373466254,0
1575,7.036752223968506,263.857666015625,16670.99609375,7.758236885070801,312.0549604266962,427.81146240234375,17.15196990966797,77.81069946289062,4.304051399230957,True,1,1,1,133.06904560481053,38.96809113333981,0.845548696964419,0.03675222396850586,73.82296008927369,0
1576,7.159614086151123,167.8233184814453,30897.990234375,5.484920501708984,315.0603089469613,437.34857177734375,15.581902503967285,61.8535270690918,4.94384241104126,True,1,1,1,85.46549649964072,70.64843046853915,0.5326704544590128,0.15961408615112305,77.03447044382347,0
1577,7.565197944641113,213.4282684326172,11246.4267578125,8.208678245544434,377.2216796875,341.7164611816406,15.669955253601074,67.23005676269531,5.184999942779541,True,1,1,1,128.62962079888985,32.911574367858286,0.5657900363617397,0.5651979446411133,81.24871709327954,0
1578,6.8655686378479,231.44505310058594,22585.7890625,5.676387310028076,360.0304243331291,496.6034240722656,16.154964447021484,91.46170806884766,4.916218280792236,True,1,1,1,91.70183518102749,45.480534209391166,0.6428485950498055,0.1344313621520996,79.42133153999566,0
1580,6.129069805145264,198.02108764648438,22207.482421875,7.387451171875,329.0163195954105,464.851318359375,14.028602600097656,61.44694519042969,3.837639093399048,True,0,1,1,103.6356167178601,47.773301907542766,0.6018579482261909,0.8709301948547363,53.836713763894295,1
1581,5.991371154785156,186.72262573242188,28702.953125,5.922293186187744,338.027587890625,430.1851501464844,17.664554595947266,68.57319641113281,4.539371013641357,True,0,0,1,104.61467132061989,66.72232420971272,0.5523887158004709,1.0086288452148438,80.18596710172824,2
1582,9.723377227783203,190.8974151611328,9076.646484375,9.752087593078613,357.3847045898437,443.03741455078125,13.30782413482666,62.82668685913086,4.072063446044922,True,0,1,1,129.7790666361152,20.487313634878834,0.5341510483669613,2.723377227783203,54.19030420582203,1
1583,7.7363128662109375,225.0631103515625,19496.84765625,7.1583428382873535,289.94598388671875,433.9740295410156,15.153817176818848,74.76509857177734,3.7009167671203613,True,1,1,1,108.47621866039708,44.92630038701664,0.776224269632477,0.7363128662109375,56.08301607556541,0
1584,6.715799331665039,193.16250610351562,16006.97265625,6.3691630363464355,314.45242309570307,316.27801513671875,17.86553382873535,85.19251251220703,4.999752044677734,True,1,1,1,113.78849768657801,50.61044979278801,0.614282133963537,0.28420066833496094,89.3232392894788,0
1585,7.966762542724609,163.92724609375,13354.7060546875,7.476969242095947,370.58783178257113,366.3795471191406,17.125864028930664,66.62102508544922,4.816347599029541,True,1,1,1,128.04955858863195,36.45046816408204,0.4423438429235434,0.9667625427246094,82.48411409704659,0
1586,8.242558479309082,155.61611938476562,24042.1875,7.639210224151611,338.2938537597656,418.2637634277344,13.265852928161621,66.57794952392578,3.5294272899627686,True,1,1,1,101.34063932090385,57.48092362936186,0.460002796962641,1.242558479309082,46.82086334928613,0
1587,6.539546012878418,215.44520568847656,28979.767578125,7.015365123748779,312.3354797363281,426.0834655761719,17.950000762939453,54.98387908935547,4.0764031410217285,True,1,0,1,125.92580932358942,68.01429731830306,0.6897878050247971,0.46045398712158203,73.17143949138881,1
1588,6.785384178161621,216.64706420898438,13098.8583984375,5.5655293464660645,352.03938117140723,343.972412109375,15.238641738891602,65.61470794677734,4.677920818328857,True,1,1,1,84.81110779808387,38.08113063495117,0.6154057619141582,0.2146158218383789,71.28515943341608,0
1589,7.007974624633789,248.9047088623047,26136.314453125,7.773736000061035,335.0542297363281,403.7542419433594,10.905476570129395,75.33302307128906,4.628974914550781,True,1,1,1,84.77629581103702,64.73322549527121,0.7428788716241609,0.007974624633789062,50.48117747435026,0
1591,7.918087005615234,175.3372344970703,29565.7109375,7.4321794509887695,356.5347240352853,322.5334167480469,11.309245109558105,70.11674499511719,4.640042781829834,True,1,1,1,84.05233910945299,91.6671244298655,0.49178164757925796,0.9180870056152344,52.47538113854944,0
1592,5.772769927978516,186.06060791015625,26693.76171875,5.808579444885254,333.0733642578125,312.8693542480469,12.376272201538086,32.76116180419922,4.1546854972839355,True,0,1,1,71.8885603141589,85.31919560350306,0.5586174918734126,1.2272300720214844,51.41951862616861,1
1594,8.733525276184082,203.39613342285156,24578.421875,6.594144821166992,288.678466796875,336.82464599609375,16.701919555664062,68.79306030273438,3.1492018699645996,True,0,1,1,110.13487634152989,72.97097197072114,0.7045767388718743,1.733525276184082,52.59771629669558,1
1595,6.917858123779297,200.70550537109375,27651.609375,6.5297746658325195,321.6964416503906,453.63751220703125,11.28338623046875,91.94217681884766,5.544167518615723,True,1,1,1,73.67796955251833,60.95529705979221,0.6238971861719157,0.08214187622070312,62.55698343896074,0
1596,8.512781143188477,157.6669158935547,33092.66796875,6.765469074249268,305.8555603027344,377.61895751953125,13.309391021728516,43.01942825317383,4.026622295379639,True,0,1,1,90.04427335459513,87.63508087223957,0.5154946839024344,1.5127811431884766,53.59189062601763,1
1597,6.5391154289245605,218.6197052001953,23308.296875,7.177445411682129,355.4438171386719,585.1664428710938,10.742145538330078,40.77385711669922,4.211671829223633,True,1,1,1,77.10116320570887,39.8319095688518,0.6150612109250515,0.46088457107543945,45.242391749205126,0
1598,7.036752223968506,228.75682067871094,32161.83984375,6.961296558380127,314.1432800292969,309.6083984375,19.218374252319336,54.268009185791016,5.537476062774658,True,1,1,1,133.78480254033184,103.87909340373837,0.7281926257635832,0.03675222396850586,106.42128738766314,0
1600,7.274198055267334,156.11082458496094,16255.9013671875,7.654550075531006,381.18048095703125,591.8014526367188,12.312492370605469,59.680519104003906,3.1527628898620605,True,1,1,1,94.24658940539302,27.468505302398754,0.40954569285254905,0.274198055267334,38.81836902775467,0
1601,7.1189799308776855,160.9626007080078,32528.115234375,5.089127540588379,292.28790283203125,440.31787109375,10.008146286010742,61.67980194091797,5.349210739135742,True,1,1,1,50.93273289437457,73.87416522454782,0.5506988096247322,0.11897993087768555,53.535683591970155,0
1602,7.036752223968506,163.40982055664062,32865.5078125,6.066792964935303,317.4674987792969,279.64678955078125,10.811673164367676,81.52645874023438,3.5746052265167236,True,1,1,1,65.59218269276562,117.52506705966265,0.5147292893610936,0.03675222396850586,38.6474634007393,0
1603,5.9419426918029785,249.16357421875,14778.033203125,6.390679359436035,335.79608154296875,517.5468139648438,15.931879043579102,66.55142211914062,4.302179336547852,True,0,1,1,101.81553056083249,28.554002799010274,0.7420085795279248,1.0580573081970215,68.54180081366576,1
1604,7.278911113739014,135.25927734375,22184.52734375,7.156540393829346,357.9097900390625,480.1430969238281,11.316001892089844,54.943992614746094,4.201577186584473,True,1,1,1,80.98342463739027,46.203990934530616,0.37791443746501957,0.27891111373901367,47.545055393151415,0
1606,6.442496299743652,183.07135009765625,11592.4453125,8.960736274719238,408.24267578125,385.0148620605469,16.148258209228516,83.33251953125,2.891018867492676,True,0,1,1,144.7002831089667,30.109085193100686,0.4484375605731979,0.5575037002563477,46.68491916002313,1
1607,7.036752223968506,190.87747192382812,39802.515625,5.216683387756348,288.23150634765625,365.1481628417969,13.680837631225586,91.92574310302734,4.9898762702941895,True,1,1,1,71.36859840140642,109.00374030702982,0.6622366641326183,0.03675222396850586,68.26568705380032,0
1608,6.919726371765137,194.85899353027344,35558.73046875,6.37197732925415,299.7867126464844,394.8293151855469,11.98396110534668,69.85313415527344,4.120827674865723,True,1,0,1,76.36152847793255,90.06101880246263,0.6499920932455192,0.08027362823486328,49.383838577427014,1
1609,6.4723711013793945,164.76890563964844,24246.50390625,7.623012065887451,373.2127990722656,368.0794982910156,12.764141082763672,96.79540252685547,4.134575366973877,True,0,1,1,97.30120148459719,65.87300828476711,0.44148782037417805,0.5276288986206055,52.77430330137395,1
1610,8.25121784210205,167.38536071777344,17617.876953125,7.044432640075684,323.4000244140625,277.4127197265625,12.493510246276855,61.27523422241211,3.495063066482544,True,1,1,1,88.00969136799267,63.50781934938888,0.5175799244402131,1.2512178421020508,43.66560623248347,0
1611,7.036752223968506,191.66517639160156,18964.091796875,8.148358345031738,318.9924011230469,354.1018371582031,15.072450637817383,84.11567687988281,4.600663185119629,True,1,1,1,122.81572893473822,53.555474028356656,0.6008455847724843,0.03675222396850586,69.3432687589393,0
1612,6.707108020782471,211.0865020751953,10794.7841796875,7.967188358306885,373.5718688964844,406.19854736328125,18.781679153442383,66.62102508544922,2.6402463912963867,True,1,1,1,149.63717550076126,26.575142188920992,0.5650492424220451,0.2928919792175293,49.58826060736283,0
1613,7.240194320678711,154.1375732421875,31144.703125,4.807069301605225,261.21331787109375,451.0158386230469,10.851916313171387,66.62102508544922,3.3628218173980713,True,1,0,1,52.16591377263512,69.05456613459593,0.5900831317037586,0.24019432067871094,36.49306093851078,1
1614,6.5284905433654785,184.4291534423828,10835.201171875,6.826330661773682,378.7757263183594,430.4187927246094,13.62132453918457,100.82179260253906,4.585971832275391,True,1,1,1,92.9836653558059,25.17362468797675,0.486908585056642,0.4715094566345215,62.467010654982005,0
1615,7.031839370727539,175.4658660888672,12653.9443359375,7.836606025695801,341.8804262730648,571.8220825195312,13.2164888381958,61.084651947021484,2.725564956665039,True,1,1,1,103.5724160679465,22.12916342449249,0.5132375301166922,0.03183937072753906,36.02239882754111,0
1616,7.494390964508057,205.19070434570312,25058.16015625,6.881659030914307,327.94940185546875,313.0915222167969,16.58907127380371,72.97673797607422,3.5796518325805664,True,1,1,1,114.16033214585241,80.03461703081226,0.6256779325075739,0.49439096450805664,59.383099386081085,0
1617,6.957433700561523,214.38014221191406,15007.421875,6.997159957885742,328.8187561035156,468.5550537109375,17.40726089477539,104.20710754394531,4.892050266265869,True,1,1,1,121.8013889093927,32.02915372294602,0.6519705387257605,0.04256629943847656,85.1571952952454,0
1618,7.036752223968506,179.40817260742188,16589.8125,8.405841827392578,317.8375244140625,327.6509094238281,15.5535888671875,66.62102508544922,3.3273844718933105,True,1,0,1,130.74100786587223,50.63258477914951,0.5644650434957234,0.03675222396850586,51.752770078892354,1
1619,6.962324619293213,205.18301391601562,35229.078125,5.088710308074951,254.7299346923828,360.0589599609375,13.617559432983398,66.62102508544922,4.526768207550049,True,1,0,1,69.2958150574459,97.84252565463014,0.8054923476438157,0.03767538070678711,61.64353510565252,1
1620,6.509621620178223,197.75950622558594,20122.193359375,6.862782001495361,353.011962890625,472.7093811035156,11.058818817138672,64.6633071899414,3.8028197288513184,True,1,1,1,75.8942627360575,42.56778926162411,0.5602062435675934,0.49037837982177734,42.05469437560714,0
1621,8.069297790527344,191.0041046142578,16654.509765625,8.038212776184082,350.57794189453125,418.2000732421875,12.293769836425781,49.00925827026367,3.0213816165924072,True,1,1,1,98.81993776662421,39.82426305352605,0.5448263602588368,1.0692977905273438,37.1441701823951,0
1622,7.213375568389893,213.76718139648438,27377.69921875,6.915301322937012,327.71740722656244,457.5115966796875,17.96873664855957,66.62102508544922,3.4534387588500977,True,1,1,1,124.25922831729076,59.840448542940855,0.6522911997665369,0.21337556838989258,62.053931589705826,0
1623,6.790838241577148,271.6012268066406,14348.5732421875,9.923315048217773,368.8420104980469,610.6295776367188,9.386798858642578,91.40211486816406,3.438279867172241,True,1,1,1,93.14816236856132,23.497999022945926,0.7363619607851499,0.20916175842285156,32.27444153286615,0
1624,6.9752092361450195,175.42103576660156,35701.15625,5.494254112243652,290.05279541015625,401.0588073730469,10.285283088684082,66.42057800292969,5.256483554840088,True,1,1,1,56.50995890559261,89.01726007421931,0.6047900173268564,0.02479076385498047,54.06442141254274,0
1625,7.422225475311279,203.32330322265625,40148.125,5.60231351852417,256.5904541015625,401.77545166015625,9.02566146850586,53.01958465576172,4.486512660980225,True,1,1,1,50.56458525863309,99.92677435661926,0.7924040009289423,0.4222254753112793,40.493744452172905,0
1626,6.50506591796875,226.41961669921875,16982.1328125,6.938467025756836,318.2456970214844,484.09228515625,18.5271053314209,80.46280670166016,2.890998601913452,True,1,1,1,128.54970942478758,35.08036235681453,0.7114616728736847,0.49493408203125,53.56183561064108,0
1627,6.617862224578857,174.2805633544922,33245.62890625,7.022187232971191,326.1684875488281,479.9205322265625,15.918911933898926,60.33979415893555,4.601351261138916,True,1,1,1,111.78558014501778,69.27319546579035,0.5343267957303055,0.3821377754211426,73.24850550300516,0
1628,6.769769191741943,178.33175659179688,16980.2578125,7.051697254180908,369.9062805175781,299.40496826171875,18.703657150268555,62.868526458740234,3.846611976623535,True,1,1,1,131.89252776968988,56.71334665677193,0.4820998331257656,0.23023080825805664,71.94571160088344,0
1629,6.3417510986328125,139.95947265625,18058.3203125,8.361337661743164,417.6024475097656,347.46441650390625,13.314421653747559,58.22098159790039,4.019010543823242,True,0,1,1,111.32637521780816,51.97171106677991,0.33515002882694317,0.6582489013671875,53.51080101131993,1
1631,7.539287567138672,258.4900817871094,26999.3828125,7.002092361450195,266.8031311035156,352.1959228515625,14.650809288024902,59.158843994140625,5.427372455596924,True,1,1,0,102.58631980474274,76.66012291465144,0.9688420062730714,0.5392875671386719,79.51539878202993,1
1632,7.036752223968506,163.16725158691406,36525.55078125,5.512927055358887,284.624267578125,522.6005249023438,14.39551830291748,78.86846160888672,4.645691871643066,True,1,1,1,79.36144232806782,69.89191355707779,0.573272449331309,0.03675222396850586,66.87714236795273,0
1633,7.49080753326416,198.9665069580078,6873.56005859375,8.53432846069336,312.6208911703634,440.47119140625,11.047455787658691,60.93598556518555,3.716367483139038,True,1,1,1,94.28261634686714,15.605016121586022,0.6364466097473122,0.49080753326416016,41.05640546067093,0
1634,6.037428379058838,227.03399658203125,12988.791015625,8.476905822753906,392.3805236816406,306.38629150390625,7.122391223907471,41.19050598144531,3.594217300415039,True,0,1,1,60.37583963787256,42.39351215576787,0.5786066899376214,0.9625716209411621,25.599421757292475,1
1636,6.706695079803467,232.92660522460938,27881.50390625,7.881448268890381,337.11102294921875,443.2087707519531,14.523388862609863,64.12174224853516,4.371882438659668,True,1,1,1,114.46533800963834,62.908285402469886,0.6909492383129442,0.2933049201965332,63.49454871826947,0
1637,7.036752223968506,156.38812255859375,26885.833984375,4.894281387329102,291.9186706542969,554.2213745117188,14.27710247039795,53.48194122314453,4.709676265716553,True,1,1,1,69.87615688585902,48.511001510093344,0.5357249732343108,0.03675222396850586,67.24053064803638,0
1638,7.036752223968506,186.3655548095703,7557.021484375,9.454207420349121,406.0380554199219,288.36871337890625,12.861417770385742,72.18701171875,4.116263389587402,True,1,1,1,121.59451132099093,26.206107346462495,0.45898543711093004,0.03675222396850586,52.940983106427666,0
1639,6.758851528167725,218.15347290039062,22540.775390625,7.19643497467041,304.68060302734375,382.502685546875,18.838735580444336,53.815433502197266,3.639971971511841,True,1,1,1,135.5717356096775,58.929717838367836,0.716007090759254,0.2411484718322754,68.57246949154023,0
1640,7.486780643463135,151.2025909423828,31130.212890625,4.584071159362793,416.2027738261884,351.5754089355469,18.938528060913086,53.13713073730469,2.7484288215637207,False,1,1,1,86.81556028481464,88.54490960085063,0.3632906844639057,0.48678064346313477,52.05119636060681,0
1641,6.904121398925781,228.96041870117188,10836.9697265625,7.792593479156494,362.2965393066406,513.1888427734375,12.704460144042969,40.54603576660156,4.141819000244141,False,1,1,1,99.00069327467281,21.11692383427338,0.6319696525597078,0.09587860107421875,52.61957441244158,0
1643,7.348937034606934,267.65521240234375,15818.26171875,10.574681282043457,353.8161063762354,541.7550659179688,13.408146858215332,54.6191291809082,4.7257466316223145,False,1,1,1,141.78687960845946,29.1981795550888,0.7564811404070103,0.3489370346069336,63.363504851508424,0
1644,7.846057891845703,224.0588836669922,23264.109375,5.922367095947266,300.4026184082031,387.9713439941406,13.406737327575684,43.07518768310547,2.487968683242798,False,1,1,1,79.3996200128422,59.96347326978839,0.74586195056618,0.8460578918457031,33.35554261547054,0
1645,7.036752223968506,229.62062072753906,19955.7109375,7.608653545379639,285.43267822265625,491.8805847167969,11.026909828186035,85.24187469482422,3.1137642860412598,False,1,0,1,83.89993655880926,40.57023496550364,0.8044650715989667,0.03675222396850586,34.33519800840304,1
1646,6.1798095703125,248.83326721191406,15391.5595703125,8.014257431030273,273.0868835449219,487.625732421875,9.696477890014648,69.69702911376953,3.704324245452881,False,0,1,0,77.71006998487064,31.564288993329882,0.911187176295835,0.8201904296875,35.918898143479055,2
1647,6.755669116973877,209.36207580566406,13821.556640625,7.557415008544922,334.6195373535156,499.0709228515625,19.339143753051758,81.09874725341797,3.95951771736145,False,1,1,0,146.15393525172112,27.694574017571725,0.6256720000147727,0.24433088302612305,76.57368232880845,1
1648,7.036752223968506,213.6522979736328,28266.755859375,3.6321136951446533,334.3853351608452,483.7979736328125,15.741910934448242,78.81085205078125,4.312289714813232,False,1,1,1,57.17641029275683,58.42677593023944,0.6389403926219489,0.03675222396850586,67.88368061412712,0
1651,6.980062007904053,164.12718200683594,17625.466796875,6.479557991027832,372.7483215332031,492.70343017578125,11.665753364562988,48.71029281616211,3.969463348388672,False,1,1,1,75.58892543471393,35.772973520427506,0.4403163531130742,0.019937992095947266,46.306780411974614,0
1652,6.381978988647461,235.9451141357422,18982.953125,8.286514282226562,293.77219042311805,511.48516845703125,16.183542251586914,77.83952331542969,3.2990472316741943,False,0,0,1,134.10515400479198,37.11339889903634,0.8031567351312435,0.6180210113525391,53.39027026378017,2
1653,6.648005485534668,191.841796875,15176.291015625,5.661662578582764,354.92507289069033,471.047119140625,15.438286781311035,56.532386779785156,3.8297834396362305,False,1,1,1,87.40637054717763,32.218201463782044,0.5405135083076248,0.35199451446533203,59.125295051419926,0
1654,5.899936676025391,205.91378784179688,30379.359375,9.446147918701172,312.283203125,512.3365478515625,6.306055545806885,55.065242767333984,3.858978748321533,False,0,1,1,59.56793346923769,59.29570990611038,0.6593815649444091,1.1000633239746094,24.334934337003915,1
1655,7.260904312133789,189.0779571533203,21391.162109375,6.576866149902344,356.6222229003906,390.2852783203125,14.391606330871582,81.08245849609375,4.383823394775391,False,1,1,1,94.65166852022958,54.80904159805366,0.5301911784559235,0.26090431213378906,63.09026052167246,0
1657,5.467401027679443,197.0289306640625,12883.1630859375,9.264883041381836,347.4212646484375,355.17572021484375,12.76254653930664,67.15953063964844,3.717822790145874,False,0,1,1,118.24350099686853,36.27264566922509,0.5671182225887117,1.5325989723205566,47.44888638413158,1
1658,6.090015888214111,216.73623657226562,12558.8984375,9.2972993850708,317.9832458496094,409.42724609375,10.754841804504395,30.965845108032227,2.943521738052368,False,0,1,1,99.99098409555245,30.67431033632279,0.6815964008153277,0.9099841117858887,31.657110640873043,1
1659,8.20544719696045,145.7973175048828,17981.25390625,6.580460071563721,359.392578125,420.39422607421875,15.856797218322754,100.7123031616211,3.7399215698242188,False,1,1,1,104.34502095805556,42.77236162682959,0.4056770394643379,1.2054471969604492,59.30317794513394,0
1660,7.670506000518799,123.3366470336914,33843.62109375,5.216368675231934,390.7458190917969,462.9676513671875,18.69873046875,82.90465545654297,3.933826446533203,False,1,1,0,97.53947188379243,73.10148110932823,0.31564418783729087,0.6705060005187988,73.55756043456495,1
1661,6.791097164154053,209.12815856933594,20149.1796875,5.803999900817871,288.3568420410156,291.30419921875,12.327335357666016,57.3035774230957,3.0840396881103516,False,1,1,1,71.54785319324219,69.16886084158523,0.7252408382747821,0.20890283584594727,38.01799149168801,0
1664,6.336342811584473,214.0719757080078,14619.626953125,6.584414005279541,315.9967956542969,370.79559326171875,12.21941089630127,83.66887664794922,3.7888033390045166,False,0,1,1,80.45766024187151,39.42772562396204,0.6774498285253326,0.6636571884155273,46.29694480457442,1
1665,7.473235607147217,223.2649383544922,19932.5859375,5.770106792449951,317.7088623046875,590.3251342773438,13.55691146850586,89.45357513427734,3.877714157104492,False,1,1,1,78.2248269490683,33.765436615087324,0.7027343714373426,0.4732356071472168,52.56982752803742,0
1666,7.036752223968506,214.19308471679688,21671.27734375,8.272939682006836,338.1632273520389,473.4153747558594,15.706893920898438,73.17019653320312,4.246387958526611,False,1,1,1,129.94218599927262,45.77645436451961,0.633401466388341,0.03675222396850586,66.69756521155796,0
1667,7.380105018615723,237.92263793945312,16862.54296875,7.101816654205322,306.18292236328125,478.6545104980469,13.254475593566895,92.86455535888672,5.030452251434326,False,1,1,1,94.13085551315135,35.22904843406831,0.7770604425811222,0.38010501861572266,66.67600659123991,0
1668,10.067632675170898,144.61395263671875,39716.1328125,4.503365993499756,390.91033935546875,415.0507507324219,17.658794403076172,66.62102508544922,3.7767889499664307,False,0,1,1,79.52401420101705,95.68982262223321,0.3699414871072894,3.0676326751708984,66.69353957126714,1
1670,7.036752223968506,171.6950225830078,38971.05078125,8.365578651428223,385.9537353515625,397.44171142578125,17.201608657836914,73.6469955444336,2.64321231842041,False,1,0,1,143.90141015822337,98.054757623176,0.44485907613189174,0.03675222396850586,45.46750390104171,1
1671,6.124847412109375,151.6913604736328,15092.017578125,6.610787868499756,382.3189697265625,388.1375427246094,16.621959686279297,69.1678466796875,4.211967468261719,False,0,1,1,109.88424944474718,38.88316866567554,0.39676650150359305,0.875152587890625,70.01115345736616,1
1672,7.036752223968506,137.25343322753906,20593.93359375,3.961110830307007,393.6846008300781,520.4105224609375,19.249549865722656,50.02993392944336,3.3024191856384277,False,1,1,1,76.2496004516488,39.57247723737816,0.3486380533795434,0.03675222396850586,63.57008279146612,0
1673,7.876495361328125,250.89662170410156,15741.08203125,8.075737953186035,393.4971731714527,391.2587890625,16.543869018554688,59.24608612060547,3.9139046669006348,False,1,1,1,133.6039509256807,40.23189364955994,0.6376071752799477,0.876495361328125,64.75112616031402,0
1674,6.021051406860352,178.2236785888672,18966.36328125,10.213574409484863,309.61250542092824,400.56634521484375,12.841828346252441,60.87015151977539,4.661057472229004,False,0,1,1,131.16096936828126,47.348868571892936,0.5756346235786945,0.9789485931396484,59.856499970382174,1
1675,7.036752223968506,193.16761779785156,20894.400390625,7.331568241119385,359.4265441894531,417.4247741699219,16.787145614624023,38.10700607299805,3.818403959274292,False,1,0,1,123.07610364722404,50.05548696078108,0.5374328089652733,0.03675222396850586,64.10010327979444,1
1676,7.036752223968506,166.6967010498047,14807.4130859375,6.801860809326172,269.70758056640625,536.3369750976562,13.839296340942383,77.55032348632812,3.4347984790802,False,1,1,1,94.13296741010709,27.60841363889363,0.6180645723107392,0.03675222396850586,47.535194023409076,0
1677,6.585450172424316,166.96595764160156,30210.25,9.508298873901367,340.2457580566406,430.0785827636719,23.234325408935547,72.79991912841797,4.27564001083374,False,1,1,1,220.91891012163978,70.24355813215877,0.49072164221687414,0.4145498275756836,99.34161134317583,0
1678,6.3426713943481445,157.04612731933594,21079.60546875,7.275077819824219,318.85345458984375,351.0242614746094,14.019148826599121,64.40750122070312,4.582592010498047,False,0,1,1,101.99039868120599,60.05170503071636,0.4925338727435709,0.6573286056518555,64.2440394067562,1
1679,6.63299036026001,238.3247528076172,12829.0927734375,7.347360610961914,331.3018798828125,451.7344055175781,19.64092254638672,73.20154571533203,4.360851287841797,False,1,1,1,144.30894068027555,28.39963613207374,0.719358284874685,0.36700963973999023,85.6511423808115,0
1680,5.400700092315674,197.9189910888672,9968.962890625,7.878997802734375,339.0722110002313,503.8963623046875,17.40892219543457,77.38284301757812,3.5557374954223633,False,0,1,1,137.16485972580267,19.783756376501444,0.5837074938147163,1.5992999076843262,61.90155740519731,1
1681,7.460147857666016,221.3432159423828,25480.91796875,6.926943302154541,328.43924261791886,438.61962890625,13.089085578918457,58.08399200439453,2.4136288166046143,False,1,1,1,90.6673536822168,58.093428181032984,0.673924387062213,0.4601478576660156,31.592194136281478,0
1683,8.054893493652344,239.13978576660156,28545.35546875,5.096893787384033,281.4503710704975,574.40283203125,17.77801513671875,56.35295486450195,3.5243804454803467,False,1,1,1,90.6126549023611,49.695708007061675,0.8496694604002939,1.0548934936523438,62.656488907305175,0
1684,5.365192413330078,238.2912139892578,16262.939453125,7.507931232452393,255.54467773437497,393.53387451171875,12.465043067932129,27.095703125,3.1807985305786133,False,0,1,1,93.58668616359182,41.3253863647139,0.9324835687028677,1.6348075866699219,39.648790674077645,1
1685,6.920389175415039,252.35279846191406,11086.259765625,9.993375778198242,285.7447509765625,368.629150390625,17.120803833007812,43.667083740234375,3.277601480484009,False,1,1,1,171.0946263280639,30.074289360466857,0.8831406236381646,0.07961082458496094,56.1151719901427,0
1686,7.025456428527832,184.4844207763672,31659.962890625,5.232019424438477,337.5527624071249,559.0028686523438,14.393046379089355,56.290252685546875,2.927051544189453,False,1,1,1,75.30469823223939,56.636494389223856,0.5465350628869217,0.02545642852783203,42.129188629503915,0
1687,7.97424840927124,173.7507781982422,26848.62890625,6.0555338859558105,337.94049072265625,347.748046875,13.757563591003418,75.53536987304688,3.195944309234619,False,1,1,1,83.3093925135131,77.20713047942368,0.5141460773538715,0.9742484092712402,43.968407067600765,0
1688,8.031055450439453,222.62841796875,18134.8359375,8.754512786865234,314.4715576171875,452.97027587890625,12.065962791442871,78.54971313476562,3.3388800621032715,False,1,1,1,105.63162554352675,40.03537729330535,0.7079445242924497,1.0310554504394531,40.286802594428536,0
1690,7.64357852935791,209.86083984375,21885.50390625,9.529228210449219,335.33507213572454,337.6321716308594,8.863614082336426,63.64692306518555,3.762162923812866,False,1,1,1,84.46340135993523,64.82055230612724,0.6258243072558363,0.6435785293579102,33.3463602715517,0
1691,7.7313151359558105,169.0496826171875,38356.2265625,6.028454303741455,297.329345703125,525.87939453125,16.07111930847168,74.90970611572266,5.1642842292785645,False,1,1,1,96.8840083610985,72.93730632620063,0.5685603674566939,0.7313151359558105,82.99582799159452,0
1692,6.268402576446533,154.68190002441406,23050.33203125,6.832938194274902,290.7032470703125,421.22021484375,13.881357192993164,65.89139556884766,3.389705181121826,False,0,1,1,94.85045575237564,54.72275822535647,0.5320955340237584,0.7315974235534668,47.05370839809166,1
1693,7.3699116706848145,155.64480590820312,19283.40234375,5.435024738311768,399.9407958984375,391.32421875,18.148561477661133,63.69861602783203,3.821721076965332,False,1,1,1,98.63788059586022,49.27730350058406,0.3891696148910964,0.36991167068481445,69.35873991577864,0
1694,7.036752223968506,241.18067932128906,25696.3203125,5.694556713104248,333.9019775390625,386.2983703613281,14.53115463256836,33.91835021972656,4.142385959625244,False,1,1,0,82.74848416204804,66.51935969065913,0.7223098239086171,0.03675222396850586,60.193650927094495,1
1695,6.320375442504883,165.82154846191406,20481.642578125,7.605958461761475,354.2890319824219,422.3410339355469,14.793959617614746,46.04306411743164,2.7286174297332764,False,0,0,1,112.52224233655443,48.4955069100749,0.4680403089703918,0.6796245574951172,40.36705606739383,2
1696,7.290088653564453,205.21310424804688,26115.6171875,5.137890815734863,357.7940979003906,402.8747863769531,7.960477352142334,63.69851303100586,4.700618267059326,False,1,1,1,40.90006347643748,64.82316095661928,0.5735508351835001,0.2900886535644531,37.41916525599231,0
1697,6.356511116027832,164.61817932128906,17538.541015625,8.345191955566406,345.14495849609375,430.9595031738281,15.329438209533691,47.02138137817383,3.415525436401367,False,0,1,1,127.92710442955286,40.69649432432706,0.4769537401375614,0.643488883972168,52.358086130405354,1
1700,7.700362205505371,220.57179260253906,29432.208984375,6.356293678283691,322.7503356933594,444.9576110839844,13.02743911743164,77.82980346679688,3.786487102508545,False,1,1,1,82.80622890635641,66.14609613380378,0.6834130519036492,0.7003622055053711,49.32823019687021,0
1701,6.054607391357422,228.19802856445312,10215.8125,5.983973979949951,306.796875,441.4985046386719,17.229148864746094,65.3402099609375,4.889163494110107,False,0,1,1,103.09877850332487,23.138951478945103,0.7438081884655603,0.9453926086425781,84.2361256641052,1
1702,4.221420764923096,120.56012725830078,34370.1953125,7.960887908935547,411.5808410644531,436.77459716796875,14.395838737487793,64.60147094726562,4.278712272644043,False,0,1,1,114.60365854425254,78.69092080140243,0.2929196768576055,2.7785792350769043,61.595651881093545,1
1703,8.545890808105469,255.3248748779297,31056.578125,3.619779109954834,353.58933383813405,426.88336181640625,13.782988548278809,34.44829177856445,5.0368828773498535,False,0,0,1,49.891374019806335,72.75190562616702,0.7220943895120937,1.5458908081054688,69.42329901753465,2
1704,7.752176284790039,182.06471252441406,13655.6806640625,6.81724739074707,337.7537841796875,328.2172546386719,15.231128692626953,92.25506591796875,4.7255072593688965,False,1,1,1,103.83437233794393,41.6056146636476,0.539045661405554,0.7521762847900391,71.97480920539056,0
1705,5.58812952041626,220.81752014160156,8730.3125,8.32189655303955,300.2204284667969,412.70855712890625,6.478625774383545,80.63780212402344,3.165618419647217,False,0,1,1,53.91445350027561,21.153698725271298,0.7355179676938776,1.4118704795837402,20.508857085389764,1
1706,8.649868965148926,178.58876037597656,18503.765625,7.240819931030273,356.2630920410157,329.5041809082031,15.28065299987793,83.78347778320312,3.081681251525879,False,0,0,1,110.64445680067365,56.15639084712734,0.5012833601470363,1.6498689651489258,47.090101860796494,2
1707,7.899256706237793,187.70065307617188,32210.81640625,4.996763229370117,320.5323486328125,400.1498107910156,19.87360382080078,46.9133415222168,4.4481706619262695,False,1,1,1,99.30369280684681,80.4968925565123,0.5855903570768858,0.899256706237793,88.40118146243185,0
1708,5.952268123626709,136.89053344726562,28105.96484375,7.330957412719727,389.80975341796875,423.9639892578125,15.373780250549316,68.96979522705078,4.769768238067627,False,0,1,1,112.70452828928865,66.29328313156682,0.35117267306883865,1.047731876373291,73.3293687381015,1
1709,8.04018783569336,201.80921936035156,11861.55078125,7.200309753417969,300.3984375,420.5492248535156,7.168607234954834,90.76177215576172,3.2211389541625977,False,1,1,1,51.61619259226791,28.20490456777485,0.6718051544077902,1.0401878356933594,23.091080011604845,0
1710,4.31321907043457,191.1193389892578,12770.83203125,8.231574058532715,284.9459533691406,499.85479736328125,13.501270294189453,76.44396209716797,3.9235901832580566,False,0,1,1,111.13670631088826,25.54908360001077,0.670721363327964,2.6867809295654297,52.97345158779535,1
1711,6.707016944885254,209.77880859375,14794.4111328125,7.809291362762451,339.5622785632815,553.6444702148438,8.027568817138672,78.2371826171875,3.165632486343384,False,1,1,1,62.68962382766222,26.7218619565542,0.6177918491522413,0.2929830551147461,25.41233263389131,0
1712,5.853560447692871,186.80775451660156,19790.857421875,6.615780830383301,313.52676269505156,489.796875,19.67070198059082,65.04000854492188,3.756873846054077,False,0,1,1,130.13705308337558,40.40625490203208,0.5958271386946031,1.146439552307129,73.90034580440579,1
1713,8.817402839660645,175.75497436523438,23173.3203125,6.730860710144043,367.1541748046875,552.0745239257812,7.733109474182129,91.443359375,3.864098310470581,False,0,1,0,52.05048272701515,41.97498574239652,0.47869528919297805,1.8174028396606445,29.881495253871208,2
1714,7.036752223968506,171.4349822998047,39207.58984375,4.710509777069092,354.4446105957031,381.6854248046875,20.212087631225586,97.41888427734375,2.8125035762786865,False,1,1,1,95.20923640186538,102.7222607755868,0.48367213576193907,0.03675222396850586,56.846568746880166,0
1715,7.036752223968506,193.57716369628906,19671.3515625,7.568896770477295,342.67340087890625,322.7356872558594,18.511585235595703,77.7103042602539,3.4815173149108887,False,1,1,1,140.1122777061155,60.95189431577485,0.5649027985098629,0.03675222396850586,64.4484045241752,0
1716,7.4764084815979,246.18472290039062,27109.896484375,9.791960716247559,341.16363525390625,339.72998046875,16.217679977416992,77.60301971435547,3.478193759918213,False,1,1,1,158.80288524754178,79.79836329773178,0.7216030571240925,0.4764084815979004,56.408233297802326,0
1717,7.691486358642578,155.18531799316406,36578.22265625,7.690727710723877,405.16937255859375,536.8895874023438,16.2149658203125,77.5820541381836,4.042497634887695,False,1,1,1,124.70488696271786,68.12987892929368,0.3830134460316554,0.6914863586425781,65.5489609783981,0
1718,7.367372035980225,176.335205078125,16663.6015625,8.062782287597656,313.4435787948357,354.76495361328125,10.682920455932617,37.363372802734375,3.8172152042388916,False,1,1,1,86.13406183190818,46.97082207757668,0.5625739892121737,0.3673720359802246,40.77900639006066,0
1719,8.927906036376953,188.05441284179688,22139.87890625,4.252721309661865,376.3345642089844,438.5155944824219,8.597972869873047,92.82832336425781,5.4743547439575195,False,0,1,1,36.56478244360369,50.488236072638124,0.4997000813288765,1.9279060363769531,47.06835356860756,1
1720,5.621227264404297,221.64944458007812,11123.8857421875,8.809432983398438,314.871337890625,326.3508605957031,19.312536239624023,84.37732696533203,3.440753221511841,False,0,0,1,170.1324937424215,34.08566377853853,0.7039365518659391,1.3787727355957031,66.44967128205053,2
1721,6.4506449699401855,201.5966796875,27682.5078125,5.655138969421387,316.10589599609375,573.0337524414062,14.642708778381348,66.62102508544922,5.241539001464844,False,0,1,1,82.80655303051299,48.30868626193516,0.6377504551583586,0.5493550300598145,76.75032914897747,1
1722,7.566517353057861,205.39657592773438,30823.73046875,7.816636085510254,354.1759643554687,395.2972717285156,12.095251083374023,63.7677001953125,3.275141954421997,False,1,1,1,94.54417608160838,77.97607672825835,0.5799280471264845,0.5665173530578613,39.61366427242638,0
1723,6.11563777923584,240.97515869140625,15765.787109375,10.08834457397461,339.4024353027344,407.3195495605469,21.3050479888916,63.071598052978516,3.723625421524048,False,0,1,1,214.93266527700325,38.706188022839484,0.7099983173852805,0.8843622207641602,79.33201829822656,1
1724,7.595228672027588,188.37327575683594,32869.47265625,6.745588302612305,365.20867919921875,326.62713623046875,13.883329391479492,73.43821716308594,3.4976041316986084,False,1,1,1,93.65122434447767,100.63301210963753,0.5157962720220112,0.5952286720275879,48.5583902413714,0
1726,7.131221771240234,165.90902709960938,18969.82421875,7.690362453460693,333.1106298711288,510.9823303222656,16.4277400970459,47.137001037597656,4.713192462921143,False,1,1,1,126.3352756375325,37.12422730872496,0.4980598387560766,0.13122177124023438,77.42710080822417,0
1727,7.39972448348999,258.01995849609375,18535.046875,5.497159004211426,339.8389892578125,354.66729736328125,14.979000091552734,73.00849914550781,3.795124053955078,False,1,1,1,82.34194522736288,52.260377431287125,0.7592417759373394,0.39972448348999023,56.8471635516471,0
1728,7.0024800300598145,168.9525909423828,20518.5546875,10.135987281799316,356.25835007111544,457.64678955078125,9.812921524047852,56.9218635559082,3.3524363040924072,False,1,0,1,99.46364776504379,44.83491441687108,0.47424176986845396,0.002480030059814453,32.89719436642781,1
1729,5.345345497131348,238.51022338867188,10315.353515625,7.822600841522217,281.7716979980469,496.3508605957031,12.624612808227539,87.34283447265625,2.3628859519958496,False,0,1,1,98.7573067775329,20.782382612296647,0.8464662144452099,1.6546545028686523,29.830520253947725,1
1730,6.185951232910156,174.79612731933594,22198.9296875,7.608495712280273,316.5194629775224,479.09185791015625,13.744283676147461,51.49711227416992,5.205724239349365,False,0,1,1,104.57332341833171,46.33543499987327,0.5522444816592672,0.8140487670898438,71.54895068541464,1
1731,6.0700907707214355,161.5302734375,26764.494140625,6.2415266036987305,334.8664531188452,485.86627197265625,18.780519485473633,81.94610595703125,4.69945764541626,False,0,1,1,117.21911199986607,55.0861330153107,0.48237221570176264,0.9299092292785645,88.2582558808981,1
1732,7.095569133758545,196.73492431640625,30235.169921875,5.984901428222656,308.2037048339844,453.9547424316406,16.0627384185791,31.555009841918945,4.861276149749756,False,1,1,1,96.133906102521,66.60392992771537,0.6383275755366115,0.09556913375854492,78.0854071739077,0
1733,7.036752223968506,189.76165771484375,16737.107421875,7.031423568725586,394.01514993195326,410.479736328125,14.545465469360352,60.14011764526367,3.0928168296813965,False,1,1,1,102.27532871934454,40.77450334289185,0.48161005297894177,0.03675222396850586,44.98646039918731,0
1734,3.928556442260742,191.66600036621094,17328.162109375,7.692417144775391,306.47955322265625,406.0856018066406,9.57860279083252,45.48073959350586,5.060835838317871,False,0,1,1,73.68260833119348,42.6712052572469,0.6253794020692366,3.071443557739258,48.475736284856794,1
1735,6.352972984313965,244.84671020507812,13858.7041015625,9.179441452026367,307.15543351054714,403.56048583984375,12.520126342773438,59.046993255615234,4.155494689941406,False,0,1,1,114.92776673546177,34.341082820287205,0.7971426929015334,0.6470270156860352,52.02731853479054,1
1736,5.999125003814697,219.7161102294922,19345.791015625,6.029641628265381,264.2850646972656,497.4771423339844,16.381195068359375,46.303524017333984,5.04697322845459,False,0,1,1,98.77273570491525,38.88779871568307,0.8313602951790455,1.0008749961853027,82.67545296010212,1
1737,8.899588584899902,208.10655212402344,17915.0859375,4.793574333190918,334.57177734375,381.15936279296875,14.3987398147583,48.299495697021484,3.9286136627197266,False,0,1,1,69.02142960631954,47.001563228631035,0.6220086857123016,1.8995885848999023,56.567085962205965,1
1738,7.375337600708008,194.8680877685547,28767.7578125,5.074145793914795,349.9852294921875,495.0370788574219,14.247681617736816,77.09423065185547,5.127395153045654,False,1,0,1,72.29481375367641,58.11232932447312,0.5567894607852734,0.3753376007080078,73.05349366892142,1
1739,8.97932243347168,184.30921936035156,24967.322265625,6.264584064483643,335.21691894531256,485.58319091796875,8.280180931091309,63.94417953491211,4.264944076538086,False,0,1,0,51.87188951195594,51.41718799410754,0.5498207530527393,1.9793224334716797,35.31450861472149,2
1740,8.532377243041992,216.4541015625,30268.421875,6.298969745635986,330.97845458984375,436.16497802734375,11.895700454711914,55.92182540893555,2.3800880908966064,False,0,1,0,74.93065726737859,69.39672676724106,0.6539824508418608,1.5323772430419922,28.312814985133173,2
1741,7.213537693023682,176.6400604248047,34727.41015625,5.162278175354004,287.7069091796875,332.1994934082031,10.327476501464844,77.26146697998047,3.497480869293213,False,1,1,1,53.313306549993285,104.53781760900978,0.6139583519717481,0.21353769302368164,36.12015149194849,0
1742,7.036752223968506,184.66688537597656,14368.1279296875,8.129911422729492,334.75341796875,472.3299865722656,16.073450088500977,73.71022033691406,4.5831098556518555,False,1,1,1,130.67572547717646,30.419681806650487,0.551650483346417,0.03675222396850586,73.66638751493701,0
1744,6.582764148712158,219.184814453125,21961.52734375,6.987977981567383,348.9000244140625,341.2099304199219,15.17836856842041,68.98196411132812,3.668879747390747,False,1,1,1,106.06610535223626,64.36368148007475,0.6282166766626172,0.4172358512878418,55.68760903910993,0
1745,7.036752223968506,204.24057006835938,14665.4052734375,8.581319808959961,360.3887939453125,359.6221923828125,15.163178443908691,58.94560623168945,4.377501964569092,False,1,1,1,130.12008354750833,40.780034000366584,0.5667228641205453,0.03675222396850586,66.376843427322,0
1747,5.986593723297119,275.8865051269531,21229.083984375,8.9404296875,313.36802139594045,354.1118469238281,11.7833833694458,92.22772979736328,5.0514936447143555,False,0,1,1,105.34851049538702,59.95022224995285,0.8803913782190914,1.0134062767028809,59.52368620398829,1
1748,6.841220855712891,166.6769561767578,28263.8046875,7.1157145500183105,318.7901916503906,532.1847534179688,21.469491958618164,78.22774505615234,5.09236478805542,False,1,1,1,152.7707763114404,53.10900857806628,0.522842170240627,0.15877914428710938,109.33048486750613,0
1749,7.036752223968506,157.8273468017578,21716.423828125,5.406394004821777,301.84934547844995,478.99896240234375,18.928979873657227,80.20284271240234,3.825770139694214,False,1,1,0,102.33752330633251,45.337099842289014,0.5228679427107047,0.03675222396850586,72.41792597551057,1
1750,7.146117210388184,181.43441772460938,33266.5703125,8.38173770904541,373.1971435546875,485.1092224121094,15.469980239868164,52.812931060791016,4.775201797485352,False,1,1,1,129.66531673469035,68.57542323873612,0.4861623953235322,0.1461172103881836,73.87227744848133,0
1751,7.036752223968506,237.7056884765625,21862.75390625,8.961424827575684,318.1726989746094,434.3883056640625,11.665328979492188,59.77564239501953,3.9432907104492188,False,1,1,1,104.5379687386594,50.32997797327387,0.7470964306350977,0.03675222396850586,45.99978339916561,0
1752,7.507575511932373,172.5040283203125,18328.6953125,6.907736301422119,351.41864013671875,377.07513427734375,10.678255081176758,68.8521957397461,3.703001022338867,False,1,1,1,73.76257026008989,48.60754156865581,0.4908789919690121,0.507575511932373,39.54158948239274,0
1753,7.997175693511963,214.8196258544922,20575.572265625,6.191399097442627,312.0080871582031,513.5404052734375,17.70310401916504,70.29121398925781,4.817668437957764,False,1,1,1,109.60698224619136,40.066121407921734,0.6885065932828264,0.9971756935119629,85.28768548701464,0
1754,5.174345970153809,234.3285675048828,11746.607421875,6.961265563964844,314.9867858886719,407.102294921875,13.771679878234863,36.183536529541016,3.689145088195801,False,0,1,1,95.8683208943039,28.85419104619649,0.7439314195350781,1.8256540298461914,50.80572517899509,1
1755,7.036752223968506,191.15048217773438,23172.28125,7.132153511047363,290.70916748046875,365.1405944824219,12.679500579833984,69.0744400024414,4.018446445465088,False,1,1,1,90.43214457879003,63.461257216237215,0.6575316601704524,0.03675222396850586,50.951894035306395,0
1756,6.479092597961426,180.9586639404297,28165.873046875,7.160083770751953,371.40539550781256,370.2898254394531,16.94256591796875,66.62102508544922,3.089597225189209,False,0,1,1,121.31019126414321,76.06439884591445,0.48722680295417625,0.5209074020385742,52.34570464774151,1
1757,7.811512470245361,258.8916015625,20911.904296875,6.361756324768066,289.1421813964844,421.1330261230469,9.6316499710083,71.7032241821289,4.546070098876953,False,1,1,1,61.27421012101422,49.6562913617434,0.8953781818230054,0.8115124702453613,43.78615593604991,0
1758,7.437216758728027,242.72996520996094,20185.587890625,6.121662139892578,306.16925048828125,413.65594482421875,10.262777328491211,64.52918243408203,3.8668744564056396,False,1,1,1,62.82525542197254,48.798012199255986,0.792796677099534,0.43721675872802734,39.684871503321574,0
1759,7.953877925872803,178.06654357910156,18677.279296875,5.699540138244629,368.21768188476557,356.2943420410156,18.63860321044922,61.462806701660156,2.8602240085601807,False,1,1,1,106.23146711877052,52.42092573646313,0.48359041908051936,0.9538779258728027,53.31058038855372,0
1760,6.396569728851318,243.72470092773438,12278.9853515625,6.794551372528076,299.7083334827194,489.4493103027344,17.638038635253906,66.62102508544922,4.188249588012695,False,0,1,1,119.84255961786766,25.087348307591544,0.8132062838639113,0.6034302711486816,73.87250804745418,1
1761,7.036752223968506,208.36705017089844,22444.08984375,5.404248237609863,338.0636901855469,540.8995361328125,9.98041820526123,84.57008361816406,3.594444513320923,False,1,1,1,53.9366574963924,41.494008226964105,0.6163544196070906,0.03675222396850586,35.87405945854948,0
1762,8.058135986328125,191.27793884277344,29298.359375,6.1291728019714355,356.645263671875,278.50262451171875,12.60620403289795,65.51136016845703,3.1306090354919434,False,1,1,1,77.26560289454073,105.19958051083864,0.5363254690028065,1.058135986328125,39.465096248645295,0
1763,7.036752223968506,149.83889770507812,20283.783203125,10.005870819091797,383.1131286621094,355.1849365234375,17.003494262695312,53.799720764160156,2.0288751125335693,False,1,1,1,170.13476706569782,57.10766719038174,0.3911087511859228,0.03675222396850586,34.49796633568985,0
1764,7.036752223968506,220.9851531982422,26492.716796875,4.949787616729736,351.96943182742615,388.9690246582031,21.08555030822754,70.266357421875,4.875382900238037,False,1,1,1,104.36899580759655,68.11009373315709,0.6278532525481928,0.03675222396850586,102.80013141484142,0
1768,6.957802772521973,219.23995971679688,20215.6328125,7.054093360900879,306.6473693847656,431.37066650390625,17.42714500427246,56.435646057128906,4.587745666503906,False,1,1,1,122.93270787409529,46.86371683423964,0.7149578991716304,0.042197227478027344,79.95130897288618,0
1769,9.663159370422363,131.71189880371094,24387.96875,4.234142780303955,349.3296852367434,428.90643310546875,18.143474578857422,65.36046600341797,5.2702178955078125,False,0,1,1,76.8220618976975,56.86081347989982,0.37704181463252107,2.6631593704223633,95.62006441218546,1
1770,6.73271369934082,197.7669677734375,33820.64453125,7.396764278411865,353.17633056640625,321.3645324707031,19.340497970581055,85.37196350097656,3.8854050636291504,False,1,1,1,143.05710451549112,105.24075001678187,0.5599666514919113,0.2672863006591797,75.14566874800494,0
1771,4.886056900024414,272.9203796386719,15496.611328125,6.9851789474487305,266.5622253417969,569.581298828125,17.301536560058594,79.59798431396484,3.0793731212615967,False,0,1,1,120.85432893783582,27.207022654713573,1.023852416691337,2.113943099975586,53.27788663956926,1
1772,9.610219955444336,156.92955017089844,33954.43359375,4.6390275955200195,314.8370130486551,485.379150390625,11.047843933105469,66.62102508544922,4.961971759796143,False,0,1,1,51.2512528766747,69.95445415500355,0.49844695244964576,2.610219955444336,54.81908960270448,1
1774,6.950786590576172,201.8054962158203,21709.6484375,6.1207709312438965,352.30377197265625,417.1844482421875,19.68349266052246,49.23680877685547,3.9979751110076904,False,1,1,1,120.47814970187846,52.03848915494194,0.5728167328809257,0.049213409423828125,78.69411375447135,0
1775,6.023022651672363,170.73228454589844,10925.3603515625,8.200972557067871,305.7965393066406,508.8510437011719,12.244622230529785,62.96779251098633,3.668088674545288,False,0,1,1,100.41781088423795,21.47064541840242,0.5583198697234929,0.9769773483276367,44.91436012789177,1
1778,7.7096171379089355,189.80291748046875,32910.5234375,5.758055686950684,367.7618713378906,397.8455810546875,15.240349769592285,66.62102508544922,4.140423774719238,False,1,1,1,87.7547826619184,82.72185220087765,0.5161027603918724,0.7096171379089355,63.10150652105676,0
1779,6.081615447998047,209.05967712402344,10120.1123046875,9.406773567199707,280.92624228890685,410.50909423828125,7.996294975280762,101.15867614746094,4.010036945343018,False,0,1,0,75.2193362090029,24.652589728403584,0.7441799480051593,0.9183845520019531,32.065438276736586,2
1780,8.146185874938965,191.38241577148438,20506.69921875,5.4769487380981445,354.05669574036597,445.93121337890625,9.416901588439941,57.3636474609375,5.177963733673096,False,1,1,1,51.57588727160055,45.986238589087705,0.540541719824685,1.1461858749389648,48.760374908510585,0
1781,8.141860961914062,210.37655639648438,25433.46484375,8.390811920166016,385.2366638183594,321.8674621582031,11.48352336883545,85.30072021484375,4.136950492858887,False,1,1,1,96.35608476872949,79.0184400566423,0.5460969206959513,1.1418609619140625,47.506767660460355,0
1782,7.703356742858887,211.3446807861328,12861.9462890625,9.245306015014648,347.6308288574219,598.6629028320312,10.542342185974121,91.11869812011719,4.732125282287598,False,1,1,0,97.46717962432922,21.484455119456037,0.6079572426669241,0.7033567428588867,49.88768399277524,1
1783,7.036752223968506,149.0428466796875,27687.73828125,8.660711288452148,284.9457702636719,288.5177001953125,15.736641883850098,62.75730514526367,3.7713050842285156,False,1,1,0,136.29051200578942,95.96547513910332,0.5230568820822125,0.03675222396850586,59.34767754524728,1
1785,6.047651290893555,177.4442596435547,28633.845703125,8.174384117126465,303.97100636690243,386.66119384765625,15.51492977142334,30.556310653686523,2.5898678302764893,False,0,1,1,126.82499550185548,74.05409719071157,0.5837538954146833,0.9523487091064453,40.18161750400827,1
1786,6.152857780456543,171.1252899169922,24978.482421875,8.216485977172852,323.8243713378906,406.09442138671875,10.88121509552002,65.7147216796875,4.403083324432373,False,0,1,1,89.40535124694179,61.50905071552127,0.5284509275244841,0.847142219543457,47.91089673664601,1
1787,9.074922561645508,184.91505432128906,21633.72265625,7.427380561828613,394.19653320312506,339.3553466796875,6.658138751983643,66.62102508544922,3.8404788970947266,False,0,1,1,49.45253034444113,63.749467347925076,0.4690935568347854,2.074922561645508,25.5704413709218,1
1788,7.436537265777588,167.32846069335938,31935.69140625,7.896364688873291,338.81447947771187,398.57421875,14.824433326721191,69.2527847290039,4.497629165649414,False,1,1,1,117.05913185367763,80.12482951426514,0.49386454928795964,0.4365372657775879,66.6748036944864,0
1789,7.036752223968506,259.6710510253906,11949.59765625,9.435445785522461,279.0010070800781,469.2876281738281,11.752420425415039,73.9970474243164,3.4583523273468018,False,1,0,1,110.88932577267042,25.463270100017418,0.9307172501357434,0.03675222396850586,40.64401053019219,1
1790,7.130099296569824,275.6797790527344,9480.6181640625,8.415947914123535,295.61883544921875,383.455078125,18.322879791259766,94.41629791259766,1.9861916303634644,False,1,1,1,154.2044019599889,24.724195036602907,0.9325514651367303,0.13009929656982422,36.39275048555601,0
1791,6.792125225067139,165.79428100585938,17782.603515625,4.9706010818481445,307.7527160644531,370.6005859375,15.138093948364258,96.60054016113281,4.042637825012207,False,1,1,1,75.24542615685823,47.98320386530837,0.5387256450156274,0.20787477493286133,61.19783119424574,0
1793,8.885626792907715,171.83978271484375,19113.01171875,6.503297328948975,404.10430908203125,399.67254638671875,17.623594284057617,76.83123016357422,2.9933009147644043,False,0,1,1,114.61147363399232,47.821677630153715,0.4252362036919653,1.8856267929077148,52.75272089190639,1
1794,9.475316047668457,149.55809020996094,32568.154296875,5.333859920501709,310.3626919581796,436.203125,13.927946090698242,71.83406066894531,4.701538562774658,False,0,1,1,74.28971342808381,74.66281728773076,0.4818816616922235,2.475316047668457,65.48277564566433,1
1795,7.036752223968506,168.96302795410156,21030.234375,5.564002513885498,404.34307861328125,440.9520568847656,12.352721214294434,72.03364562988281,4.6910176277160645,False,1,1,1,68.73057188966095,47.69279108454881,0.4178704582150878,0.03675222396850586,57.94683296651738,0
1796,7.183108806610107,225.11607360839844,5097.82568359375,6.081664085388184,361.6313781738281,294.9912109375,5.537059307098389,81.45394134521484,4.006424903869629,False,1,1,1,33.67453472664465,17.281279839190024,0.622501493434258,0.18310880661010742,22.183812302162096,0
1797,6.157443046569824,155.83570861816406,25937.7109375,8.1631441116333,298.1924133300781,533.288330078125,14.35649585723877,68.12075805664062,4.7701544761657715,False,0,1,1,117.19414462070654,48.63731198667501,0.5226011834280427,0.8425569534301758,68.48270297546287,1
1799,7.036752223968506,162.93536376953125,24916.625,6.374495506286621,388.3127136230469,494.2887878417969,14.297696113586426,84.80297088623047,4.301273345947266,False,1,1,1,91.14059962630836,50.40904338207612,0.4195983227788463,0.03675222396850586,61.4982992018231,0
1800,7.488133430480957,177.35305786132812,24786.05078125,8.613304138183594,369.2106628417969,387.8680725097656,14.149473190307617,48.96599578857422,3.4740347862243652,False,1,1,1,121.87371598319442,63.90330237022188,0.4803573548388141,0.48813343048095703,49.15576206987771,0
1801,7.323544979095459,184.13607788085938,21044.203125,6.842947006225586,327.2611999511718,379.4924621582031,8.335244178771973,90.31206512451172,4.898420810699463,False,1,1,1,57.03763419928691,55.453546955495334,0.5626578321709849,0.323544979095459,40.829533547558185,0
1802,7.036752223968506,253.6620330810547,13568.271484375,9.228602409362793,256.0895080566406,554.5736694335938,13.711737632751465,97.71405029296875,3.0670340061187744,False,1,1,1,126.54017495416065,24.466129944046276,0.9905209862577813,0.03675222396850586,42.054365602627286,0
1803,6.530796051025391,138.00767517089844,19174.59375,7.347951412200928,319.806478344414,490.6441345214844,16.337949752807617,66.62102508544922,3.1816349029541016,False,1,1,0,120.05046095861053,39.080450293409,0.43153495655812446,0.4692039489746094,51.98139117624305,1
1804,6.9314703941345215,156.84120178222656,35793.7578125,7.2863359451293945,384.6548156738281,398.64794921875,17.85824203491211,72.23652648925781,4.249333381652832,False,1,1,0,130.1211508558008,89.78788876967485,0.40774532121671475,0.06852960586547852,75.88562401658783,1
1805,7.7746453285217285,194.73385620117188,13829.939453125,5.60312032699585,379.17727019771144,321.9056701660156,18.870939254760742,66.62102508544922,3.9118168354034424,False,1,1,1,105.73614332785382,42.9627083083992,0.513569433067715,0.7746453285217285,73.81965787664876,0
1806,8.107500076293945,173.6646728515625,27277.580078125,6.643620014190674,354.0372924804687,330.2115173339844,16.257001876831055,66.62102508544922,4.647800445556641,False,1,1,1,108.00534303965014,82.60638579704467,0.49052649551209815,1.1075000762939453,75.55930056655052,0
1807,6.306864261627197,220.96998596191406,22418.908203125,7.1533637046813965,283.9759826660156,350.90924072265625,19.86138153076172,61.836185455322266,4.6191725730896,False,0,1,1,142.0756857669803,63.888052913818534,0.7781291329966729,0.6931357383728027,91.74314883056286,1
1808,7.036752223968506,165.7379608154297,22900.119140625,5.735689163208008,379.37493896484375,473.8049011230469,13.082871437072754,63.03516387939453,4.0691657066345215,False,1,1,1,75.03928392526177,48.33238119321495,0.4368711355335923,0.03675222396850586,53.23637179604475,0
1809,6.60968017578125,216.4280242919922,17963.8671875,7.725314140319824,346.28533935546875,466.1029968261719,11.468432426452637,41.25286865234375,3.589146375656128,False,1,1,1,88.59724319137695,38.54055277756319,0.6249990948788781,0.39031982421875,41.161882677859694,0
1810,6.632205963134766,232.73854064941406,9809.904296875,8.336777687072754,302.3257751464843,458.3667907714844,13.304852485656738,65.31883239746094,3.4437406063079834,False,1,1,1,110.91959733221756,21.40186521576297,0.7698269847048916,0.3677940368652344,45.818460765793816,0
1811,7.036752223968506,247.1640167236328,18939.6171875,7.086374759674072,305.04003906249994,419.4530944824219,12.758113861083984,60.3192024230957,4.287440776824951,False,1,1,1,90.40877604623347,45.153122939090835,0.8102674543085923,0.03675222396850586,54.699657603387095,0
1812,5.7167558670043945,197.1042022705078,12641.52734375,8.702061653137207,287.0125732421875,345.08392333984375,17.27396583557129,58.41151428222656,4.08067512512207,False,0,1,1,150.31911569532713,36.63319688952082,0.6867441358307422,1.2832441329956055,70.48944269742424,1
1813,7.740453720092773,182.54107666015625,19713.50390625,8.854386329650879,382.3415832519531,489.04705810546875,8.866966247558594,57.87745666503906,3.5413167476654053,False,1,1,1,78.51154472785856,40.31003466682447,0.4774293045243712,0.7404537200927734,31.400736073463122,0
1814,6.27727746963501,148.18601989746094,22916.572265625,5.035633087158203,325.53003153942836,474.6179504394531,9.604154586791992,61.83571243286133,3.61932110786438,False,0,1,1,48.362998611431976,48.28425093514075,0.4552145887784181,0.7227225303649902,34.76051941916876,1
1816,6.513016700744629,185.3385467529297,26262.544921875,6.74215030670166,289.01434326171875,410.101318359375,12.924653053283691,83.65219116210938,3.7299609184265137,False,1,1,1,87.13995354720919,64.0391622316653,0.6412780210836013,0.4869832992553711,48.20845077297008,0
1817,6.234197616577148,227.5608673095703,22195.2109375,9.455598831176758,344.7468876201751,351.18011474609375,13.039764404296875,63.163970947265625,3.8854923248291016,False,0,1,1,123.29878106008982,63.20178718076205,0.6600809893321055,0.7658023834228516,50.66590451047523,1
1818,7.277143955230713,194.880859375,18270.10546875,6.121931552886963,344.8797607421875,402.6645812988281,15.45975112915039,76.98722839355469,4.931353569030762,False,1,1,1,94.64353823732563,45.37301335132393,0.5650689921337914,0.2771439552307129,76.23749890706313,0
1819,6.04451322555542,211.57737731933594,30191.693359375,7.714291572570801,329.1670227050781,431.096435546875,10.619831085205078,66.62102508544922,5.12777853012085,False,0,1,1,81.92447344272296,70.0346623164261,0.6427660187154765,0.9554867744445801,54.4561418322246,1
1820,6.643026351928711,205.23312377929688,20511.369140625,5.908111095428467,313.35382080078125,455.6932678222656,16.021940231323242,52.153472900390625,3.709988594055176,False,1,1,1,94.65940285097258,45.0113498354637,0.6549565044391783,0.35697364807128906,59.44121551284297,0
1821,5.150456428527832,186.56085205078125,18655.541015625,7.024306297302246,314.84221736854204,379.5379333496094,17.604066848754883,58.83197021484375,4.147028923034668,False,0,1,1,123.65635762383863,49.15329754216491,0.5925534797001093,1.849543571472168,73.00457438482226,1
1822,6.1105451583862305,166.63729858398438,21319.794921875,7.681244373321533,311.2535705566406,340.6306457519531,13.62381362915039,95.49468231201172,6.064559459686279,False,0,1,1,104.64784178209266,62.589186044085025,0.5353747356234285,0.8894548416137695,82.62242782166686,1
1823,7.831117630004883,182.473876953125,19130.9609375,6.803061485290527,340.27593994140625,433.46044921875,10.79399585723877,75.89569854736328,3.807997465133667,False,1,1,1,73.43221748876658,44.13542441495037,0.5362526555603473,0.8311176300048828,41.10350886302854,0
1824,6.980727195739746,200.46722412109375,30862.78515625,6.1962761878967285,391.66687011718744,422.4895935058594,9.066902160644531,48.25046920776367,5.437618732452393,False,1,1,1,56.18102995599111,73.04981130327454,0.5118309433455085,0.019272804260253906,49.302357034033776,0
1825,8.55278205871582,217.80331420898438,39030.60546875,6.986705303192139,373.7461853027344,340.5662536621094,19.084882736206055,53.856056213378906,2.9408481121063232,False,0,1,1,133.34045142385094,114.6050289318123,0.5827572887461218,1.5527820587158203,56.12574136454214,1
1826,6.4493794441223145,275.7467041015625,8607.6123046875,7.701630592346191,272.19757080078125,384.38067626953125,16.078304290771484,54.40446090698242,3.7154288291931152,False,0,1,1,123.8291601988567,22.393457355432474,1.0130388095577092,0.5506205558776855,59.73779528647174,1
1828,8.360795974731445,218.13961791992188,28722.17578125,5.536705017089844,310.2865905761719,471.5535888671875,10.644554138183594,49.771942138671875,3.715951442718506,False,1,1,1,58.93575630156556,60.9096747399157,0.7030262468379045,1.3607959747314453,39.55464630687857,0
1830,5.404510498046875,258.90350341796875,10168.1767578125,9.648197174072266,248.7119598388672,396.9112243652344,15.512207984924316,65.80532836914062,3.998175859451294,False,0,1,1,149.66484124376802,25.61826450853293,1.0409772917423314,1.595489501953125,62.020535492112,1
1832,7.036752223968506,233.84661865234375,32496.640625,6.637384414672852,347.9864501953125,424.6497802734375,13.027999877929688,55.98397445678711,4.296188831329346,False,1,1,1,86.47184334413032,76.52574440883791,0.6719992052825468,0.03675222396850586,55.9707475701216,0
1833,7.161715030670166,238.33358764648438,13680.763671875,9.27411937713623,284.4078369140625,478.7669677734375,16.83629035949707,74.38358306884766,3.909973621368408,False,1,1,1,156.1417666621037,28.5749948600757,0.8379993652583511,0.16171503067016602,65.82945118733278,0
1834,6.854947090148926,149.85348510742188,16203.0908203125,5.734803676605225,375.7186584472656,350.3446960449219,11.718894958496094,75.49873352050781,4.938999176025391,False,1,1,0,67.20556189373383,46.24899693639407,0.3988449371342834,0.14505290985107422,57.87961254394031,1
1835,7.309556484222412,244.8397674560547,22277.626953125,7.715571880340576,369.0388488769531,477.2353820800781,12.475118637084961,60.80690383911133,3.707413673400879,False,1,0,1,96.25267456020538,46.680585184914726,0.6634525539457172,0.3095564842224121,46.25042541242692,1
1836,9.31346607208252,133.14175415039062,41982.609375,6.628036975860596,417.2453918457031,267.80169677734375,10.368229866027832,75.43614959716797,4.493612766265869,False,0,1,1,68.72101092625462,156.76752508830347,0.31909700246738565,2.3134660720825195,46.59081008956173,1
1837,7.036752223968506,216.27162170410156,26964.31640625,6.383548259735107,418.4942321777344,573.1596069335938,19.892681121826172,50.1705207824707,4.5010247230529785,False,1,1,1,126.98588995669888,47.0450395195575,0.5167851897549353,0.03675222396850586,89.53744953714886,0
1838,7.036752223968506,250.62347412109375,30797.51953125,6.3814520835876465,355.14645567107544,338.8141784667969,17.508516311645508,74.72782135009766,3.3651745319366455,False,1,1,1,111.72975789747852,90.89796530864523,0.7056904818093475,0.03675222396850586,58.919213183946795,0
1839,6.187938213348389,249.52711486816406,12682.1513671875,6.253223896026611,263.2684020996094,274.76470947265625,14.352954864501953,57.62336730957031,3.5461831092834473,False,0,1,1,89.752240337295,46.15640540363203,0.947805023050008,0.8120617866516113,50.898206108804516,1
1840,7.036752223968506,240.98419189453125,11429.201171875,5.515977382659912,267.6808166503906,323.15753173828125,8.66628360748291,88.67926788330078,3.802426815032959,False,1,1,1,47.803024370592084,35.36727451478372,0.9002669448255833,0.03675222396850586,32.952909175773584,0
1841,7.96533727645874,151.54188537597656,25274.609375,7.106043338775635,352.3161926269531,527.688232421875,15.792625427246094,52.268489837646484,3.390982151031494,False,1,1,1,112.22308071906082,47.89685987709624,0.4301303434733271,0.9653372764587402,53.55251094171763,0
1842,9.26439094543457,160.42869567871094,19607.755859375,3.9887490272521973,416.6983947753906,427.7938232421875,14.992989540100098,95.80480194091797,3.175520658493042,False,0,1,0,59.80327244367663,45.834593087240165,0.384999551966563,2.2643909454345703,47.61054801715795,2
1843,7.754044532775879,193.44985961914062,19019.279296875,8.107067108154297,377.9900207519532,597.4860229492188,8.939818382263184,45.721309661865234,3.760298013687134,False,1,0,1,72.47570755971901,31.832174368134638,0.5117856252461802,0.7540445327758789,33.616381305547975,1
1844,9.393891334533691,252.73924255371094,13150.20703125,7.166592121124268,325.20838853267935,368.8345947265625,14.397393226623535,50.77529525756836,3.0485658645629883,False,0,1,0,103.18024486264812,35.653399067258256,0.7771608934102047,2.3938913345336914,43.89140152937489,2
1845,8.176079750061035,201.55369567871094,21856.98828125,5.241047382354736,320.2601318359375,464.8033447265625,15.627640724182129,61.65474319458008,4.1123223304748535,False,1,1,1,81.90520550985502,47.02416297603023,0.6293436959946639,1.1760797500610352,64.26589592269238,0
1846,8.337696075439453,168.46917724609375,30969.046875,5.45216178894043,301.57652100920876,302.4223327636719,14.529864311218262,41.39276885986328,3.454197406768799,False,1,1,1,79.21917099611346,102.40330629549597,0.5586282914985984,1.3376960754394531,50.18901962451264,0
1847,7.036752223968506,207.4268798828125,11963.3232421875,7.66454553604126,325.6329650878906,502.0530090332031,17.012855529785156,64.49982452392578,2.8135268688201904,False,1,1,1,130.39580590612968,23.82880493316096,0.6369959478452392,0.03675222396850586,47.86612614840669,0
1848,7.1910247802734375,151.30667114257812,23781.328125,9.214408874511719,403.7884216308594,465.1268310546875,16.884214401245117,77.51544189453125,4.270645618438721,False,1,0,1,155.57805501799157,51.128695413993874,0.3747177052693798,0.1910247802734375,72.10649625345741,1
1849,8.613698959350586,235.94444274902344,20862.455078125,7.622564792633057,378.75872802734375,418.6975402832031,13.608075141906738,66.62102508544922,3.9492201805114746,False,0,1,1,103.72843447220339,49.827030304947094,0.6229412675317904,1.613698959350586,53.74128496833464,1
1850,7.793039321899414,257.6577453613281,17398.38671875,8.271245956420898,251.38394165039062,439.70159912109375,9.55703067779541,54.23543167114258,3.389270067214966,False,1,1,0,79.04855134910576,39.56862270675951,1.024957054316165,0.7930393218994141,32.39135800770714,1
1852,7.036752223968506,164.31710815429688,25236.701171875,4.365238189697266,350.5843505859375,413.6922302246094,15.421144485473633,45.979400634765625,3.72377610206604,False,1,1,1,67.31696883682889,61.003565614876216,0.46869493008166513,0.03675222396850586,57.42488930151421,0
1853,3.9782845973968506,160.8184814453125,14433.7802734375,8.410892486572266,311.2953186035156,414.3282165527344,20.771484375,78.27323913574219,3.75156569480896,False,0,1,1,174.7067218646407,34.836585252850696,0.5166106629876112,3.0217154026031494,77.92558821151033,1
1854,5.9640655517578125,241.03089904785156,22168.33203125,6.208117961883545,358.34082401256836,486.5168762207031,13.172988891601562,64.71923828125,4.696721076965332,False,0,1,1,81.77946894964407,45.56539160139675,0.672630306746092,1.0359344482421875,61.869854573815246,1
1855,7.5320587158203125,185.50656127929688,24454.7265625,5.791102409362793,337.0449491221667,393.9718933105469,15.070247650146484,74.7806396484375,3.80856990814209,False,1,1,1,87.27334747645727,62.072261792420285,0.5503911606213278,0.5320587158203125,57.39609170859694,0
1856,7.233538627624512,231.5608367919922,16621.494140625,6.073040962219238,330.28877599091004,475.8216552734375,8.688714981079102,35.83396911621094,3.6790151596069336,False,1,1,1,52.76692198914134,34.9321934415554,0.7010859978398994,0.23353862762451172,31.965914132893886,0
1857,7.036752223968506,202.81114196777344,11900.0556640625,8.948087692260742,367.533447265625,379.5645751953125,13.59185791015625,58.82255935668945,3.1538002490997314,False,1,1,1,121.62113648082595,31.351860553865517,0.5518168289847653,0.03675222396850586,42.86600486277894,0
1861,7.036752223968506,207.39109802246094,25110.037109375,6.329791069030762,345.5926208496094,420.2191162109375,22.34641456604004,92.3277587890625,2.7392349243164062,False,1,1,1,141.44813534497916,59.75462819501024,0.6001027941872867,0.03675222396850586,61.212079212549725,0
1862,7.036752223968506,162.26368713378906,28790.546875,7.621233940124512,377.7193908691406,364.2735900878906,14.210090637207031,99.11859893798828,4.476991176605225,False,1,1,1,108.29842505652778,79.0355040260207,0.42958791798014084,0.03675222396850586,63.61845040153639,0
1863,6.314077377319336,124.84799194335938,31114.634765625,5.713940620422363,349.4511653262338,396.6729736328125,18.423227310180664,73.10199737548828,4.363865852355957,False,0,1,1,105.26922688691593,78.43900834037616,0.35726878023010006,0.6859226226806641,80.39649254908909,1
1865,8.822610855102539,216.4325714111328,27109.240234375,7.322162628173828,353.2616632380354,384.0185546875,15.955491065979004,78.8288803100586,4.415596008300781,False,0,1,1,116.82870039747286,70.59356854733731,0.6126692854656763,1.822610855102539,70.45300266141567,1
1866,6.922652244567871,185.81898498535156,14682.666015625,9.886831283569336,341.06640625,560.7877197265625,22.466127395629883,64.39542388916016,2.877354383468628,False,1,1,0,222.11881115576762,26.18221739342292,0.5448176103991008,0.0773477554321289,64.64301014138027,1
1867,7.036752223968506,169.6735382080078,25541.15234375,5.45729923248291,393.2647094726563,359.77813720703125,16.8203067779541,60.376041412353516,3.611330270767212,False,1,1,1,91.79344726945601,70.99139617275067,0.431448674873677,0.03675222396850586,60.743683030816555,0
1869,6.548017501831055,176.00653076171875,38368.01171875,7.415053844451904,278.09332275390625,291.12152099609375,19.422534942626953,81.36856842041016,5.930227756500244,False,1,1,1,144.01914239532744,131.79380025110208,0.6329045529962906,0.4519824981689453,115.18005581836223,0
1870,6.581082820892334,217.5384979248047,24480.671875,5.837152004241943,310.6329040527344,476.45867919921875,11.434239387512207,48.551910400390625,3.5113697052001953,False,1,1,0,66.74339335779905,51.3804719955234,0.7003073222003781,0.418917179107666,40.1498417873172,1
1871,7.864649772644043,218.15310668945312,23045.7265625,7.432011127471924,349.9228515625,414.3651428222656,14.785982131958008,72.60797882080078,3.5859334468841553,False,1,1,1,109.88958373531295,55.61695259866029,0.6234320082038329,0.864649772644043,53.02154787201971,0
1872,6.13690710067749,151.78431701660156,20561.6953125,8.487855911254883,384.15606689453125,363.6184997558594,13.713703155517578,96.5828628540039,4.704585075378418,False,0,0,1,116.39993639375461,56.547439884819084,0.3951110751640488,0.8630928993225098,64.51728319361791,2
1873,6.947028636932373,168.87953186035156,17540.029296875,6.409476280212402,387.2998962402344,372.0228271484375,15.19819164276123,74.00736999511719,2.6001877784729004,False,1,1,1,97.41244883640047,47.14772312272329,0.43604331698440646,0.05297136306762695,39.518152164396724,0
1874,6.203322410583496,214.85011291503906,29426.474609375,8.034868240356445,369.7266845703125,319.7666931152344,10.247862815856934,65.30863952636719,3.487920045852661,False,0,1,1,82.34022747065865,92.02482669683721,0.5811052361114467,0.7966775894165039,35.7437261425755,1
1875,7.036752223968506,240.1345672607422,38097.328125,5.4004974365234375,339.45682377814137,359.5763244628906,13.514886856079102,72.7710189819336,3.2124927043914795,False,1,0,1,72.98711182115949,105.9506019367556,0.7074082762003292,0.03675222396850586,43.41647542583041,1
1877,7.036752223968506,205.3041534423828,12190.171875,7.044833183288574,313.4117126464844,374.523193359375,11.838313102722168,47.65364074707031,5.026270866394043,False,1,1,1,83.39894098021705,32.54850983488857,0.6550621578680289,0.03675222396850586,59.5025682554633,0
1878,5.9212470054626465,200.9437255859375,17397.40234375,6.756199836730957,279.2023010253906,380.49981689453125,11.255356788635254,31.966297149658203,3.7467756271362305,False,0,1,1,76.04343969772617,45.72249847586601,0.719706550154675,1.0787529945373535,42.17129649038088,1
1879,8.829806327819824,216.1221466064453,17732.9140625,7.856311798095703,377.25384521484375,301.8959655761719,16.210712432861328,64.40935516357422,4.423885822296143,False,0,0,1,127.35641134182515,58.738492811316775,0.5728825531532555,1.8298063278198242,71.71434090105504,2
1880,7.036752223968506,187.61343383789062,13427.068359375,7.317569732666016,325.38608492385544,507.5674743652344,18.1376895904541,79.34988403320312,5.3246378898620605,False,1,1,1,132.7238083675984,26.453760359079702,0.5765871435627232,0.03675222396850586,96.57662922788859,0
1881,6.832217216491699,164.27439880371094,14015.044921875,6.055984973907471,281.67803955078125,389.97808837890625,14.836636543273926,44.36757278442383,3.1454155445098877,False,1,1,1,89.85044796939337,35.93803165761412,0.5831991676827053,0.16778278350830078,46.66738721145725,0
1882,9.281302452087402,215.90762329101562,36622.23046875,3.903496265411377,329.37867319793963,383.2600402832031,19.03487777709961,80.31759643554688,4.069976806640625,False,0,1,1,74.30257431547034,95.5545231016887,0.6554997035456711,2.2813024520874023,77.47151107003447,1
1883,7.4562506675720215,226.5382843017578,9163.294921875,5.726223468780518,318.1875171581563,417.1252136230469,10.066075325012207,67.3042221069336,4.279697418212891,False,1,1,0,57.640596764597376,21.967731991833208,0.7119647106620823,0.4562506675720215,43.079756579991226,1
1884,7.088251113891602,172.68930053710938,25399.109375,6.941216468811035,355.2530822753906,298.6717529296875,13.63778305053711,66.62102508544922,3.2306454181671143,False,1,1,0,94.66280430846018,85.04021234287656,0.4861021864889527,0.08825111389160156,44.05884132617484,1
1885,5.6486287117004395,167.03009033203125,14547.8857421875,7.735347747802734,337.91027129873345,347.7923278808594,10.68976879119873,75.28868865966797,5.370004177093506,False,0,1,1,82.68907894353106,41.82923122255253,0.49430308583329,1.3513712882995605,57.40410306090098,1
1886,4.293961048126221,192.36073303222656,24600.759765625,8.261634826660156,261.3570556640625,475.87640380859375,10.79942798614502,53.61984634399414,5.105120658874512,False,0,1,1,89.22093035834405,51.695691396004136,0.7360074202223629,2.7060389518737793,55.1323829160965,1
1887,9.678050994873047,188.36874389648438,26402.703125,4.074141025543213,395.9042053222656,325.0011291503906,16.917993545532227,91.41687774658203,3.02970027923584,False,0,1,1,68.92629157372812,81.23880403979656,0.4757937422446894,2.678050994873047,51.25644976900912,1
1889,5.897391319274902,172.0343780517578,30575.357421875,8.649614334106445,393.55490112304693,426.5058288574219,16.31165885925293,74.54398345947266,2.9616024494171143,False,0,1,1,141.08955828204853,71.6880175637837,0.4371292979040835,1.1026086807250977,48.30864883161985,1
1890,9.494242668151855,274.828369140625,21879.705078125,5.265718460083008,364.6826477050782,581.0781860351562,13.636013984680176,62.11964416503906,3.189025640487671,True,0,1,1,71.80341056108045,37.65363348048245,0.7536096661480621,2.4942426681518555,43.485598231193535,1
1891,7.036752223968506,173.47418212890625,18318.720703125,7.597653388977051,282.5981140136719,407.6429748535156,20.200592041015625,79.10401916503906,4.1812639236450195,True,1,1,1,153.4770965797652,44.93814879250547,0.6138547035974168,0.03675222396850586,84.46400673736935,0
1894,7.0403947830200195,199.0792236328125,22505.51953125,7.9535722732543945,314.26913350895614,531.4766845703125,14.690954208374023,58.41286087036133,3.9319164752960205,True,1,1,1,116.8455660593736,42.345262063753495,0.6334673112072324,0.04039478302001953,57.76360488972523,0
1895,8.053043365478516,211.78323364257812,37086.546875,8.267537117004395,251.44349670410156,512.8990478515625,19.1666202545166,73.24898529052734,3.301574945449829,True,1,1,1,158.46074436174422,72.30769282579266,0.8422696771892841,1.0530433654785156,63.28003322126324,0
1896,7.044375419616699,229.60317993164062,12575.279296875,7.837778091430664,390.4676818847656,558.1765747070312,15.75478458404541,36.26752853393555,4.276699066162109,True,1,1,1,123.48250544804068,22.529213593290155,0.5880209553716148,0.04437541961669922,67.3784725181722,0
1897,6.309891700744629,133.64991760253906,31062.37109375,6.975602149963379,252.1089324951172,381.05877685546875,17.200008392333984,71.1815414428711,3.6030404567718506,True,0,1,1,119.9804155209531,81.51595737687377,0.5301276545407606,0.6901082992553711,61.9723260943947,1
1898,6.203572750091553,139.12908935546875,6698.2392578125,3.876812696456909,355.4387743395822,601.5261840820312,13.368165016174316,68.29869079589844,4.305549144744873,True,0,1,1,51.82587186303567,11.135407608064558,0.3914291265001867,0.7964272499084473,57.55729145219766,1
1899,6.8794050216674805,214.7318878173828,20509.33203125,9.035250663757324,321.3832702636719,306.7843017578125,12.477303504943848,79.69207763671875,4.700470447540283,True,1,1,1,112.73556477494549,66.85261223238291,0.6681489268967292,0.12059497833251953,58.64919638997935,0
1900,7.754884243011475,210.72076416015625,18857.05859375,5.693751811981201,376.484619140625,375.6726989746094,14.708599090576172,43.29981994628906,5.128389835357666,True,1,1,1,83.74711272367313,50.19544564996204,0.5597061682930038,0.7548842430114746,75.43143006846185,0
1901,7.916669845581055,201.455810546875,39431.25390625,7.5254411697387695,276.2069091796875,432.5899963378906,17.821922302246094,70.2396011352539,4.275192737579346,True,1,1,1,134.1178278172083,91.15156186898778,0.7293655702379681,0.9166698455810547,76.19215279626587,0
1902,6.405392646789551,183.86724853515625,20526.306640625,8.450272560119629,366.1766357421875,548.6376953125,13.448796272277832,69.05413818359375,4.531920909881592,True,0,1,1,113.64599410626852,37.41322694117862,0.5021271978763924,0.5946073532104492,60.94888103907351,1
1903,7.795957565307617,239.27825927734375,27849.142578125,6.47599458694458,356.17071533203125,484.10479736328125,18.692249298095703,50.128414154052734,4.251876354217529,True,1,1,1,121.0509052722864,57.52709469577801,0.6718077829124014,0.7959575653076172,79.47713279771233,0
1904,6.963979244232178,180.40150451660156,12878.1767578125,6.424098491668701,347.06545489550916,358.5164794921875,16.32962417602539,66.30262756347656,4.489870548248291,True,1,1,1,104.90311403872147,35.92073853936299,0.5197910119032848,0.036020755767822266,73.31789865189967,0
1905,6.967861175537109,183.9334716796875,13401.0439453125,6.457686424255371,371.7883605957031,433.23944091796875,14.58423137664795,66.02915954589844,4.893215179443359,True,1,0,1,94.18039296917868,30.93218818209517,0.49472627623482146,0.032138824462890625,71.36378235272787,1
1906,6.622791290283203,195.8671112060547,13900.716796875,6.363537311553955,387.35693359375,310.85113525390625,11.758374214172363,52.40618896484375,5.609290599822998,True,1,1,1,74.82485303509975,44.71824347947938,0.5056501993735444,0.3772087097167969,65.95613794875817,0
1907,7.369988441467285,236.47671508789062,18998.34765625,7.404434680938721,359.9305725097656,357.0661926269531,18.02033042907715,58.27125549316406,3.4638524055480957,True,1,1,1,133.43035959103418,53.20679469336329,0.6570064687252097,0.36998844146728516,62.41976490553043,0
1908,7.036752223968506,134.3111572265625,8076.822265625,5.322112083435059,285.4793495231685,599.6145629882812,9.253350257873535,100.33566284179688,3.373936414718628,True,1,1,1,49.24736721968566,13.470023496265265,0.47047591001038896,0.03675222396850586,31.220215393185526,0
1909,6.944868564605713,198.4764404296875,16904.201171875,6.34140682220459,299.52166748046875,470.5997619628906,15.045816421508789,61.146087646484375,4.241135120391846,True,1,1,1,95.41164290099368,35.9205475698635,0.6626446808893554,0.05513143539428711,63.81134044022929,0
1910,5.2848100662231445,148.86276245117188,11130.2109375,6.820468902587891,335.66046142578125,485.805419921875,13.77334976196289,60.94434356689453,3.9902427196502686,True,0,1,0,93.94070373593422,22.910841374266816,0.443492097268046,1.7151899337768555,54.959008612869184,2
1911,6.851442813873291,197.3395538330078,15349.142578125,7.446411609649658,354.91558496500807,373.54986572265625,11.36727523803711,79.15582275390625,4.935556411743164,True,1,1,1,84.64541030260261,41.08994258997029,0.5560182805059003,0.14855718612670898,56.10382818514336,0
1912,7.760189533233643,206.20883178710938,34250.1640625,7.930381774902344,299.131591796875,347.1807861328125,19.350765228271484,80.62187194824219,4.590527534484863,True,1,0,1,153.45895589669817,98.65224497402198,0.6893582515275652,0.7601895332336426,88.83022059373252,1
1913,7.280560493469238,228.53953552246094,29690.91796875,7.871025085449219,322.2696533203125,392.5325927734375,15.16818904876709,84.37071228027344,2.9197959899902344,True,1,1,1,119.38919650368189,75.63936967203045,0.7091562375131645,0.2805604934692383,44.28801756000394,0
1914,6.834259986877441,182.4544677734375,21670.5703125,6.407648086547852,325.9504089355469,397.3374938964844,16.50665855407715,74.462646484375,2.658843517303467,True,1,1,1,105.76885909933117,54.53945472260474,0.5597614306099995,0.1657400131225586,43.88862208884984,0
1915,6.728975296020508,187.2027130126953,26376.0625,8.457661628723145,337.8619079589844,488.97637939453125,17.68978500366211,77.13188934326172,4.59378719329834,True,1,1,1,149.61421584583513,53.94138358731855,0.5540805519909061,0.2710247039794922,81.26310780202402,0
1916,8.01641845703125,255.25949096679688,30854.830078125,8.761916160583496,343.7196144022046,442.4995422363281,11.094202041625977,93.27423095703125,5.3200154304504395,True,1,1,0,97.20646815730106,69.72850153123478,0.7426387076225026,1.01641845703125,59.021326049984964,1
1917,6.864916801452637,170.82778930664062,20464.7734375,7.074062824249268,365.94134521484375,400.96527099609375,14.003873825073242,51.603004455566406,4.493746757507324,True,1,1,1,99.06428322142801,51.03876786042301,0.46681740413762324,0.13508319854736328,62.92986259396457,0
1918,5.808975696563721,157.55223083496094,7965.2080078125,6.680188179016113,262.9957580566406,377.6972961425781,17.401039123535156,69.46111297607422,3.59993314743042,True,0,1,1,116.24221585563646,21.08886684673756,0.5990675720403134,1.1910243034362793,62.64257754054779,1
1919,8.458797454833984,241.76834106445312,29317.142578125,5.783275604248047,313.88555908203125,328.5794372558594,18.296001434326172,84.510986328125,3.8274314403533936,True,1,1,0,105.81081875042582,89.22391106925025,0.7702435913307675,1.4587974548339844,70.02669112249077,1
1920,6.987335205078125,224.034423828125,13505.033203125,5.871180057525635,319.4682889126572,479.82550048828125,15.921412467956543,73.06421661376953,3.8702926635742188,True,1,1,1,93.47747936950645,28.145717893768165,0.7012728051644065,0.012664794921875,61.620525868471304,0
1921,7.288736820220947,233.97781372070312,31617.076171875,8.53388786315918,331.8381652832031,490.0470886230469,12.225341796875,31.802024841308594,3.5313847064971924,True,1,1,0,104.3296959833242,64.51844494412859,0.705096150757468,0.28873682022094727,43.17238505318528,1
1922,8.116350173950195,224.7635040283203,16514.607421875,5.290690898895264,335.6413770564949,416.5966491699219,12.063501358032227,91.85615539550781,2.5260162353515625,True,1,1,1,63.824256843751755,39.641719190826436,0.6696537397438772,1.1163501739501953,30.472600285575027,0
1923,7.463915824890137,215.47906494140625,27150.39453125,7.782915115356445,382.958740234375,403.7034912109375,14.777091979980469,56.956939697265625,5.075843811035156,True,1,1,0,115.00885253200249,67.25330608996505,0.5626691383172546,0.4639158248901367,75.0062108716811,1
1924,7.5123610496521,224.47164916992188,17895.556640625,8.635030746459961,336.04456433844365,472.3421325683594,13.848388671875,74.58297729492188,3.5158026218414307,True,1,1,1,119.58126197056845,37.886852281059696,0.6679817867128656,0.5123610496520996,48.68820120085729,0
1925,6.415108680725098,192.42796325683594,19310.0625,6.845300674438477,328.57616903976,529.7302856445312,16.021438598632812,62.5335578918457,6.0730061531066895,True,0,1,1,109.67156444469583,36.45263068176763,0.5856418718178827,0.5848913192749023,97.29829519111809,1
1926,7.059940338134766,178.8053741455078,39484.640625,8.591113090515137,281.3861999511719,520.2728881835938,10.79548168182373,75.84754180908203,2.9499387741088867,True,1,1,1,92.74520399513221,75.89217398384692,0.6354447145634387,0.059940338134765625,31.846009998394038,0
1928,7.425102233886719,204.4862823486328,18608.94140625,7.434492588043213,318.18328857421875,338.9352722167969,16.244754791259766,94.60530853271484,2.5587728023529053,True,1,1,1,120.7715090902002,54.90411555467394,0.6426682011562231,0.42510223388671875,41.566636740767535,0
1929,6.742622375488281,209.21734619140625,15488.95703125,7.452361583709717,351.05224609375,408.85357666015625,13.921281814575195,70.20523834228516,4.964672565460205,True,1,1,1,103.74642579093688,37.88387304788267,0.5959721036496709,0.25737762451171875,69.11460590086153,0
1930,7.682923316955566,217.78892517089844,31150.513671875,8.02166748046875,357.22889010802123,594.7025756835938,12.194231986999512,77.16979217529297,3.5427310466766357,True,1,1,1,97.81807417940581,52.37998773368079,0.6096621258582413,0.6829233169555664,43.20088425072049,0
1931,7.041665554046631,178.28575134277344,25419.76953125,6.7727508544921875,316.4338684082031,388.3392639160156,11.557096481323242,73.25621795654297,3.0997462272644043,True,1,1,0,78.27333506933064,65.45763415591627,0.563421834951501,0.04166555404663086,35.82406621611244,1
1932,7.185276508331299,212.48316955566406,25645.06640625,8.142513275146484,352.8691711425782,435.2829895019531,8.930242538452148,75.60098266601562,2.959153890609741,True,1,1,1,72.71461841962446,58.915847772220566,0.602158494791405,0.18527650833129883,26.425961951749287,0
1933,6.597292423248291,191.78744506835938,25039.35546875,7.294577598571777,395.7395324707031,501.53265380859375,14.695390701293945,80.05003356933594,4.318305492401123,True,1,1,1,107.19666781191881,49.92567329101649,0.4846304926534653,0.402707576751709,63.459186378378035,0
1934,6.908853054046631,184.94422912597656,16965.314453125,6.404354095458984,351.3453369140625,434.3502197265625,11.812941551208496,77.3713607788086,4.693949222564697,True,1,1,1,75.65426060289974,39.059067184877094,0.5263887382823708,0.09114694595336914,55.44934781049733,0
1936,7.036752223968506,165.89297485351562,11566.8759765625,8.326154708862305,354.47862297289186,369.2897644042969,7.4018683433532715,66.68695068359375,3.6030895709991455,True,1,1,1,61.62910096138967,31.32195110768676,0.4679914771566085,0.03675222396850586,26.669594633844895,0
1937,6.2819037437438965,160.3066864013672,17095.26953125,6.730576992034912,305.093994140625,424.4461975097656,14.374966621398926,41.27983093261719,4.457729816436768,True,0,1,1,96.75181960325745,40.27664658388188,0.525433764527152,0.7180962562561035,64.0797173184933,1
1938,7.036752223968506,210.36911010742188,13812.41015625,8.37828254699707,342.49835205078125,489.5450439453125,14.82390308380127,69.193359375,3.285371780395508,True,1,1,1,124.19884848538823,28.214789014549204,0.61421933341744,0.03675222396850586,48.702032866838636,0
1939,7.362912654876709,180.8677978515625,20430.90625,6.664786338806152,323.2432286367159,437.3895263671875,9.675167083740234,69.03511047363281,3.2494399547576904,True,1,1,1,64.48292140537887,46.71100923010509,0.5595408697494911,0.362912654876709,31.438874490861963,0
1940,7.369087219238281,198.20408630371094,28232.017578125,8.899711608886719,289.5997009277344,424.4542541503906,18.156753540039062,31.599403381347656,2.715186595916748,True,1,1,1,161.58987025998067,66.51368724792727,0.6844070797875684,0.36908721923828125,49.29897383727803,0
1941,7.7081098556518555,188.9978485107422,15456.2197265625,5.047915935516357,322.7546081542969,523.0526733398438,16.090192794799805,57.285762786865234,4.896625995635986,True,1,1,1,81.22194061440041,29.550025236120117,0.5855775352239491,0.7081098556518555,78.78765631381157,0
1942,6.504112720489502,171.72254943847656,20852.763671875,7.704989910125732,282.1055603027344,359.4609375,13.475273132324219,83.62226104736328,5.396623134613037,True,1,1,1,103.82684352074648,58.01120911465878,0.6087173490854968,0.49588727951049805,72.72097073113036,0
1943,8.18592357635498,240.97911071777344,23641.47265625,6.611448764801025,318.6889953613281,410.1582336425781,13.10991096496582,56.91398239135742,3.5669450759887695,True,1,1,1,86.67550465597469,57.63988299991528,0.7561576128111823,1.1859235763549805,46.76233236313601,0
1944,6.1491851806640625,150.5635986328125,20596.390625,6.9069108963012695,366.20257109952604,431.6512756347656,12.82938003540039,64.39490509033203,4.2756147384643555,True,0,1,1,88.61138475929693,47.715347410931635,0.4111483919121478,0.8508148193359375,54.853486364718265,1
1945,7.080445766448975,196.65895080566406,36966.8515625,8.986783981323242,294.31573486328125,530.0529174804688,13.822057723999023,85.7772216796875,2.6649460792541504,True,1,1,1,124.21584694295962,69.74181307872969,0.6681904052082972,0.08044576644897461,36.83503853879574,0
1946,6.628427505493164,215.2455291748047,18059.330078125,6.93178653717041,320.66889456963855,374.4550476074219,11.621074676513672,77.9408187866211,3.4052786827087402,True,1,1,1,80.55480899010945,48.22829908499478,0.6712391882986998,0.37157249450683594,39.572997866098376,0
1947,4.70469856262207,160.21182250976562,5128.45751953125,8.283068656921387,357.7310791015625,344.6937255859375,14.219532012939453,34.288414001464844,4.109924793243408,True,0,1,1,117.78135993246906,14.87830245803051,0.44785547418547,2.2953014373779297,58.441207168298206,1
1948,7.976901054382324,234.7793731689453,15360.8349609375,5.736026763916016,377.1781311035156,613.633544921875,14.19127368927002,48.9158821105957,4.753607749938965,True,1,1,1,81.40152569571,25.03258673360268,0.6224628449681985,0.9769010543823242,67.45974859081889,0
1949,6.80964469909668,179.7195281982422,35001.14453125,8.68198299407959,303.6661276739504,360.93280029296875,13.633349418640137,72.7179183959961,3.1838035583496094,True,1,1,1,118.36450780497853,96.97413038068439,0.5918326452246802,0.1903553009033203,43.405906391290046,0
1950,7.036752223968506,177.6853485107422,20325.701171875,5.849569797515869,353.6267700195312,279.6649169921875,13.96432113647461,44.54298400878906,4.0322675704956055,True,1,0,1,81.68527116273435,72.67876613842142,0.502465772029823,0.03675222396850586,56.307879262592905,1
1951,6.967696666717529,177.05589294433594,22886.96484375,6.430934906005859,315.28289794921875,507.7900695800781,15.28803825378418,35.767601013183594,4.819637298583984,True,1,1,1,98.31637885061355,45.07170614345588,0.5615778513025331,0.0323033332824707,73.682799390117,0
1952,6.444555282592773,166.6351776123047,24855.830078125,9.492361068725586,287.4123840332031,479.4794006347656,10.697067260742188,65.65532684326172,3.551905393600464,True,0,1,1,101.54042481540819,51.83920308855824,0.5797773035878543,0.5554447174072266,37.994970899137115,1
1953,6.277742385864258,149.5632781982422,15751.44921875,8.25775146484375,317.5014343261719,605.3983764648438,15.218378067016602,82.7034683227539,5.255012035369873,True,0,1,1,125.66958377545234,26.018320836455672,0.47106331360232934,0.7222576141357422,79.97275990098115,1
1954,7.036752223968506,166.9229736328125,21190.154296875,6.589980602264404,285.8993835449219,410.68829345703125,15.290614128112793,75.59522247314453,2.5054640769958496,True,1,1,1,100.76485050097335,51.59668435373934,0.5838521614816026,0.03675222396850586,38.31008441319182,0
1956,7.78166389465332,216.7828826904297,35055.6171875,7.78420352935791,306.6433410644532,447.1671142578125,10.60954475402832,36.87208557128906,4.822967529296875,True,1,1,1,82.58685571918795,78.39489083916382,0.7069544743119328,0.7816638946533203,51.16948984930059,0
1957,6.084360122680664,155.27142333984375,27310.060546875,7.817129135131836,338.75317787112084,436.9889221191406,12.657512664794922,66.62102508544922,4.2981109619140625,True,0,1,1,98.94541103026859,62.49600184815025,0.4583615240372903,0.9156398773193359,54.40339393512113,1
1958,7.154736042022705,198.14732360839844,32680.978515625,8.972661018371582,283.1084899902344,531.6026611328125,19.80628776550293,81.92682647705078,4.629955768585205,True,1,1,1,177.71510615217812,61.47632591700636,0.6998989077132038,0.15473604202270508,91.70223629414886,0
1959,6.748811721801758,166.3909149169922,22475.09375,8.895421981811523,317.6203308105469,527.4596557617188,12.819270133972168,55.53626251220703,3.3125128746032715,True,1,1,1,114.03281734051598,42.6100716175781,0.5238673291741301,0.2511882781982422,42.46399736180001,0
1960,8.128270149230957,231.16754150390625,19954.576171875,5.138838291168213,349.0673522949219,386.0711364746094,15.018084526062012,63.34096908569336,4.678741931915283,True,1,1,1,77.17550782252829,51.68626772361958,0.6622433731538229,1.128270149230957,70.2657418091344,0
1961,7.036752223968506,205.23519897460938,22613.296875,6.485809803009033,266.6393737792969,313.0096435546875,11.623604774475098,28.400876998901367,3.9784955978393555,True,1,1,1,75.38848979259319,72.24472877559884,0.7697107718786356,0.03675222396850586,46.24446042627369,0
1963,5.940475940704346,175.63772583007812,17177.0703125,10.410835266113281,307.99761962890625,402.8872985839844,15.15200424194336,74.35442352294922,3.997969627380371,True,0,1,1,157.74502011432196,42.63492626905042,0.5702567619562777,1.0595240592956543,60.577252753228095,1
1964,7.614877700805664,246.03085327148438,33347.97265625,8.222533226013184,345.8088073730469,445.766845703125,10.763690948486328,98.36865234375,2.990780830383301,True,1,1,1,88.50480645846619,74.81034738875348,0.7114649694118682,0.6148777008056641,32.19184055290316,0
1965,6.718249320983887,197.61749267578125,21043.626953125,6.630674362182617,337.03875732421875,641.5258178710938,15.554505348205566,63.68435287475586,4.4889044761657715,True,1,1,1,103.13685982877905,32.802463025036005,0.5863346211526229,0.2817506790161133,69.8226886821044,0
1966,6.866356372833252,185.63148498535156,13979.3818359375,7.043424606323242,375.43402099609375,462.5351257324219,17.194992065429688,74.55779266357422,4.346153736114502,True,1,1,1,121.11163021918037,30.22339499854812,0.4944450265812164,0.13364362716674805,74.73207900762645,0
1967,7.036752223968506,142.2774200439453,21208.619140625,9.502685546875,272.257412033252,429.6901550292969,16.29271697998047,58.9629020690918,2.601517677307129,True,1,1,1,154.8245661649853,49.357935812657914,0.5225841914048024,0.03675222396850586,42.38579123478121,0
1968,7.553844451904297,212.26443481445312,14319.4013671875,5.793011665344238,362.8526611328125,450.5359191894531,18.176483154296875,66.62102508544922,4.374563694000244,True,1,1,1,105.29657894777483,31.783040431417994,0.584987949562733,0.5538444519042969,79.51418329139415,0
1969,7.366672039031982,234.2006378173828,15547.1865234375,7.851400375366211,364.1056823730469,393.25390625,15.161577224731445,64.73230743408203,3.3944501876831055,True,1,1,1,119.03961311340026,39.53472867480963,0.6432215933785109,0.3666720390319824,51.46521865606155,0
1970,6.5677595138549805,187.6663818359375,20156.578125,7.298510551452637,353.3427838677659,390.4268798828125,12.353896141052246,85.21437072753906,3.824428081512451,True,1,1,1,90.16504133701983,51.62702444929769,0.5311170621643493,0.43224048614501953,47.246587317928515,0
1971,6.333640098571777,185.43634033203125,18506.2890625,6.572681903839111,356.9710388183594,366.8131103515625,16.43962860107422,76.7643814086914,3.9820022583007812,True,0,1,1,108.0524494121164,50.451547367845116,0.5194716647781523,0.6663599014282227,65.46263821510365,1
1972,5.892413139343262,139.3622589111328,11006.048828125,5.311990261077881,339.3279113769531,446.494384765625,10.567070960998535,89.69288635253906,3.3118131160736084,True,0,1,1,56.1321780329431,24.64991538303983,0.41070084077350477,1.1075868606567383,34.9961642071155,1
1973,7.918039321899414,197.3575897216797,22899.0625,8.283955574035645,295.35107421875,358.0973815917969,12.957784652709961,71.69435119628906,3.3861098289489746,True,1,1,1,107.34171240097021,63.94646711535211,0.6682135474723021,0.9180393218994141,43.876481973945374,0
1974,6.5491251945495605,194.27685546875,7412.7978515625,5.83698034286499,354.8211975097656,361.0372314453125,11.67219066619873,57.316978454589844,4.421058654785156,True,1,1,1,68.1303474767742,20.531948467905845,0.5475345224149649,0.45087480545043945,51.603439565100416,0
1975,6.80479621887207,223.99569702148438,17196.0546875,7.112622261047363,374.30914306640625,344.71832275390625,15.457383155822754,60.151344299316406,4.8473124504089355,True,1,1,1,109.94252753164346,49.88436500920163,0.5984243253799465,0.1952037811279297,74.926765821961,0
1976,7.036752223968506,203.05430603027344,20106.107421875,8.682329177856445,351.335693359375,346.0305480957031,11.556302070617676,62.9515266418457,4.704273700714111,True,1,0,1,100.3356186558467,58.10500683948043,0.5779495487941309,0.03675222396850586,54.36400790831476,1
1977,7.176170825958252,206.29490661621094,25794.94921875,7.794726848602295,321.2840881347656,485.2544250488281,15.57487678527832,49.15195846557617,4.742966651916504,True,1,1,1,121.40191024188152,53.1575763847941,0.6420949981425274,0.17617082595825195,73.8711212002836,0
1978,7.0850958824157715,206.6766815185547,21823.09375,5.8899455070495605,324.0479269152099,387.61810302734375,17.679899215698242,55.023284912109375,3.9328393936157227,True,1,1,1,104.13364295059091,56.30050176516145,0.6377966458487385,0.08509588241577148,69.53220411065377,0
1979,7.20170259475708,147.71109008789062,37308.99609375,5.677451133728027,279.1644592285156,395.9768371582031,13.326125144958496,63.62689208984375,3.8832502365112305,True,1,1,1,75.65842431244619,94.22014748964706,0.5291185345261312,0.20170259475708008,51.748678620938335,0
1980,7.776043891906738,215.53379821777344,38895.35546875,7.7646684646606445,342.26251220703125,349.43109130859375,6.124625205993652,65.83299255371094,5.42594575881958,True,1,1,1,47.555684194844616,111.31051679396712,0.6297324126974991,0.7760438919067383,33.231884160820755,0
1981,7.036752223968506,209.751953125,20214.216796875,6.045077800750732,323.78839111328125,539.4647216796875,20.278989791870117,72.7352066040039,4.258488655090332,True,1,1,1,122.58807101248476,37.47087797783098,0.6478056602214936,0.03675222396850586,86.35784796537155,0
1982,7.046548366546631,128.48251342773438,30569.810546875,4.449122428894043,281.7247009277344,348.26458740234375,15.142005920410156,58.15730285644531,2.8692262172698975,True,1,1,1,67.36863815894321,87.77754490375649,0.4560569681983074,0.04654836654663086,43.445840368896825,0
1983,7.036752223968506,199.8458709716797,12635.3681640625,7.886383533477783,332.6151428222656,293.8342590332031,13.217535972595215,54.549617767333984,4.480574607849121,True,1,1,1,104.23855804742516,43.001684564062444,0.6008321469526,0.03675222396850586,59.222156057142456,0
1985,6.2667999267578125,187.82962036132812,27577.212890625,9.141596794128418,322.9178466796875,277.0508117675781,13.290251731872559,59.454322814941406,3.6528446674346924,True,0,0,1,121.49412262524584,99.53846594111931,0.5816637937821334,0.7332000732421875,48.54722516763536,2
1986,6.630251884460449,160.92037963867188,22557.779296875,5.305394172668457,338.6308288574219,416.8980712890625,15.79310131072998,53.276031494140625,5.181202411651611,True,1,1,1,83.78862766230941,54.10861981926898,0.4752088866404346,0.3697481155395508,81.8272545986124,0
1987,6.775630950927734,154.37254333496094,15525.3935546875,6.084132671356201,343.03216552734375,597.979248046875,17.11854362487793,56.1240234375,3.0175442695617676,True,1,1,1,104.15149055415623,25.963097514560207,0.4500235208194553,0.22436904907226562,51.655963218493525,0
1988,7.036752223968506,204.73728942871094,25680.716796875,7.9801926612854,318.6772766113282,311.63555908203125,20.37683868408203,69.0205307006836,4.323784828186035,True,1,1,0,162.61109852690788,82.40624654681613,0.6424596411872732,0.03675222396850586,88.10506594862818,1
1990,7.7737579345703125,251.4628448486328,21688.6171875,6.194910049438477,395.0882568359375,355.8316955566406,14.324552536010742,67.58431243896484,4.0409746170043945,True,1,0,1,88.73931445904236,60.951897757786305,0.6364725852041244,0.7737579345703125,57.88515319796534,1
1991,7.295141220092773,182.40664672851562,13706.1865234375,5.887885093688965,300.6082458496094,424.6501770019531,18.0634708404541,73.83690643310547,5.0561041831970215,True,1,1,1,106.35564070179498,32.27641770439682,0.6067918915736581,0.29514122009277344,91.3307904794774,0
1992,7.036752223968506,129.88330078125,8906.9755859375,6.8279008865356445,327.5517883300781,525.2247314453125,17.657411575317383,32.18537902832031,3.842113971710205,True,1,1,1,120.56305614903431,16.958408535845013,0.396527526370387,0.03675222396850586,67.84178771776442,0
1993,7.657541751861572,230.82000732421875,35056.23046875,7.656806945800781,364.130126953125,305.62939453125,18.481395721435547,72.205078125,4.792527675628662,True,1,1,1,141.50847912798054,114.70176292373543,0.6338942855998242,0.6575417518615723,88.572600479225,0
1994,7.664793491363525,223.57847595214844,20259.7265625,7.385414123535156,351.16131591796875,510.0469055175781,14.205221176147461,73.19246673583984,5.481690883636475,True,1,1,1,104.91144110226014,39.7213007345272,0.6366831002754678,0.6647934913635254,77.86863142132734,0
1995,7.036752223968506,209.8660888671875,20116.91015625,6.941061496734619,370.3836975097656,338.9571838378906,11.342561721801758,51.15966796875,3.6195456981658936,True,1,1,1,78.72941844153411,59.34941360181256,0.5666180496376628,0.03675222396850586,41.05492048632868,0
1996,7.800421237945557,210.67030334472656,19873.30078125,7.284675598144531,341.7882756338975,448.59564208984375,7.024746894836426,55.80350112915039,3.3459103107452393,True,1,1,1,51.17300228795648,44.3011453351762,0.6163766218651893,0.8004212379455566,23.5041730658088,0
1997,7.264069080352783,216.6223907470703,19412.11328125,6.93245792388916,354.75925560248453,301.95355224609375,19.21099090576172,67.71258544921875,3.96028208732605,True,1,1,1,133.17938613041042,64.28840817590586,0.6106180084535481,0.2640690803527832,76.08094316387178,0
1998,7.544305801391602,211.0511474609375,34359.40234375,8.166792869567871,365.81231689453125,447.5206604003906,18.553478240966797,60.16274642944336,3.7140965461730957,True,1,1,1,151.52241380401028,76.77724249922198,0.5769383291291642,0.5443058013916016,68.90940945427246,0
1999,7.749773979187012,229.48976135253906,21995.068359375,7.7489213943481445,320.440673828125,398.5447692871094,18.20291519165039,41.064247131347656,4.31718635559082,True,1,1,1,141.05295896808457,55.188450581172795,0.7161692612076499,0.7497739791870117,78.58537709736993,0
2000,7.442023277282715,194.7638702392578,34565.703125,8.49334716796875,294.8362121582031,350.0851135253906,18.962013244628906,79.95832061767578,2.894651174545288,True,1,1,1,161.05096149025485,98.73514094382625,0.6605832714814834,0.44202327728271484,54.88841391030837,0
2001,6.559252738952637,164.63592529296875,30660.208984375,8.852270126342773,272.5242614746094,533.5838623046875,10.958305358886719,83.6623306274414,4.216314792633057,True,1,1,1,97.00587916381483,57.46089995016844,0.6041147448598548,0.4407472610473633,46.20366498686417,0
2002,7.035036563873291,220.50189208984375,19746.494140625,7.059382915496826,371.9126281738281,536.1838989257812,15.303433418273926,67.9017562866211,4.557028770446777,True,1,1,1,108.03279642140615,36.827838626557636,0.5928862716484506,0.035036563873291016,69.73818637369095,0
2003,7.880685806274414,226.00384521484375,19486.8828125,6.208573818206787,356.33807373046875,472.36907958984375,11.9952392578125,55.02916717529297,3.579983711242676,True,1,1,1,74.4733283991809,41.25351047144507,0.6342399570570483,0.8806858062744141,42.94276115542743,0
2004,7.498372554779053,236.7144012451172,21736.373046875,6.588566303253174,407.31207275390625,299.1942443847656,20.73766326904297,68.31434631347656,4.242241859436035,True,1,1,0,136.63146942262756,72.6497029343659,0.581162250024873,0.49837255477905273,87.97418318682321,1
2005,7.036752223968506,200.9699249267578,12700.48828125,7.713783264160156,395.0903625488281,464.02490234375,15.089339256286621,63.62456512451172,3.7561004161834717,True,1,1,1,116.3958926223786,27.37027299554539,0.5086682528057167,0.03675222396850586,56.677073460471775,0
2007,6.373288154602051,180.9589080810547,17502.87890625,6.471639633178711,367.73251342773443,411.581298828125,11.598645210266113,66.62102508544922,4.538108825683594,True,0,0,1,75.0622520339366,42.52593330542263,0.49209384805872564,0.6267118453979492,52.63591419468139,2
2008,5.756475925445557,171.9718017578125,8086.826171875,7.304627895355225,330.1337890625,442.7587585449219,11.364750862121582,95.89849090576172,4.002081394195557,True,0,1,1,83.01527617121565,18.26463282214187,0.5209154801308139,1.2435240745544434,45.482657974964695,1
2009,6.918062210083008,188.91287231445312,14052.4462890625,6.192192554473877,343.1299264931334,338.3208312988281,17.8601016998291,66.73703002929688,3.566298484802246,True,1,0,1,110.593188767828,41.535858710144154,0.5505578417325128,0.08193778991699219,63.694453630514545,1
2010,8.813504219055176,236.392822265625,40684.390625,6.608774662017822,303.5298156738281,278.3551330566406,14.576057434082031,72.87269592285156,4.242459774017334,True,0,1,1,96.32987904247784,146.160015201018,0.7788125227896531,1.8135042190551758,61.838337327859335,1
2011,7.361599922180176,231.79318237304688,29169.720703125,7.929904460906982,375.0971984863281,389.27264404296875,13.853116035461426,39.53278732299805,3.7515885829925537,True,1,1,1,109.85388664706761,74.93390834052875,0.6179549799104684,0.3615999221801758,51.971191957508154,0
2013,7.036752223968506,192.74227905273438,32349.1015625,8.750629425048828,272.0850524902344,581.981201171875,13.583036422729492,64.43604278564453,3.952594518661499,True,1,1,1,118.86011820224667,55.58444403664162,0.7083898089229376,0.03675222396850586,53.68823531126009,0
2014,6.550877094268799,145.8062744140625,25070.0078125,5.716378688812256,285.21893310546875,369.61309814453125,8.654765129089355,66.62102508544922,4.824825763702393,True,1,1,1,49.473914940601844,67.82770380845398,0.5112082578646269,0.44912290573120117,41.757733773623386,0
2015,6.510855674743652,223.86062622070312,15147.171875,7.6675333976745605,389.3911437988281,437.0513610839844,12.085025787353516,52.33907699584961,4.2256083488464355,True,1,1,1,92.66233883629138,34.65764710759396,0.574899119332456,0.48914432525634766,51.066585863065484,0
2016,7.347030162811279,199.6137237548828,19073.259765625,5.76683235168457,336.99432373046875,413.2142333984375,12.482481956481934,56.79408264160156,4.29788064956665,True,1,1,1,71.98438077595893,46.15828347102343,0.5923355650411495,0.3470301628112793,53.648217659328566,0
2017,8.111952781677246,217.2664794921875,38184.46875,7.254121780395508,311.9102172851563,281.0692138671875,13.027920722961426,78.58209228515625,4.430750370025635,True,1,1,1,94.50612346970047,135.85432601732336,0.6965673670028883,1.111952781677246,57.72346456392597,0
2018,7.036752223968506,237.08395385742188,35434.28125,7.617648601531982,381.3375244140625,365.0325012207031,13.453871726989746,33.43986892700195,3.825936794281006,True,1,1,1,102.48686714629412,97.07157865240175,0.621716820551537,0.03675222396850586,51.47366286582701,0
2019,5.985012531280518,151.3609619140625,20155.43359375,7.723292350769043,275.0797424316406,478.3323669433594,18.016265869140625,99.06123352050781,3.764099597930908,True,0,0,1,139.14488837655517,42.136880011717416,0.5502439402691853,1.0149874687194824,67.81501911424857,2
2020,7.036752223968506,212.70533752441406,25626.48046875,8.590184211730957,338.6635437011719,330.2533874511719,11.052838325500488,64.47200012207031,4.2192254066467285,True,1,1,1,94.94591727852912,77.5964194915108,0.6280727313360517,0.03675222396850586,46.63441627851034,0
2021,7.036752223968506,161.03897094726562,25583.4921875,6.796914100646973,379.17191769050237,467.4798889160156,14.10555362701416,52.33146286010742,4.514174461364746,True,1,1,1,95.8742363448846,54.72640158295614,0.42471228223710594,0.03675222396850586,63.67492994647819,0
2022,6.433722496032715,177.2525177001953,20321.228515625,6.378918170928955,373.0517578125,375.0282287597656,11.684647560119629,61.62982177734375,3.6414899826049805,True,0,1,1,74.53541064214778,54.185863631231996,0.47514188986650624,0.5662775039672852,42.549527040445355,1
2023,6.770095348358154,201.65084838867188,25887.630859375,9.367532730102539,327.61944580078125,519.38037109375,17.720300674438477,90.06484985351562,5.203461170196533,True,1,0,1,165.99549655506053,49.84329838075242,0.6155032930975299,0.2299046516418457,92.20689648364805,1
2024,7.927969455718994,224.72105407714844,27402.01953125,6.875298976898193,343.28631591796875,315.9134216308594,14.137120246887207,32.43852615356445,4.847262382507324,True,1,1,1,97.19692836971035,86.73901635154292,0.6546169858871698,0.9279694557189941,68.52633116971901,0
2025,7.3388261795043945,229.97869873046875,12603.400390625,5.975488185882568,351.3188171386719,370.8606262207031,19.38933753967285,79.97164916992188,4.017061233520508,True,1,0,1,115.86075740040451,33.984196394956165,0.6546153717268057,0.33882617950439453,77.88815617426371,1
2026,7.0783610343933105,198.41244506835938,16648.599609375,6.931096076965332,348.5479736328125,472.2760009765625,17.249616622924805,59.63089370727539,3.2634646892547607,True,1,1,1,119.55875010431009,35.25184328591232,0.569254333717998,0.07836103439331055,56.29351475209705,0
2027,6.751668453216553,176.79315185546875,32040.505859375,7.931912899017334,363.26437267016485,467.14837646484375,11.2149076461792,47.53239440917969,3.735173463821411,True,1,0,1,88.95567062001692,68.58742833113293,0.4866790268180623,0.24833154678344727,41.88962543921639,1
2028,7.7441253662109375,203.39622497558594,21403.001953125,7.623241424560547,333.2109069824219,424.3287353515625,16.949810028076172,48.416725158691406,3.612260103225708,True,1,1,1,129.21249394446204,50.43967122554788,0.6104128649543366,0.7441253662109375,61.22712252167457,0
2029,7.560391902923584,223.2322540283203,14739.068359375,6.7316107749938965,372.0289001464844,481.3417663574219,8.900408744812012,62.134281158447266,4.257804870605469,True,1,1,1,59.91408740842644,30.6207966125459,0.6000400865104397,0.560391902923584,37.89620370404009,0
2030,7.8306074142456055,213.24925231933594,18821.388671875,6.4751129150390625,316.5724182128906,405.27874755859375,16.872394561767578,55.90576934814453,3.551568031311035,True,1,1,1,109.25065993453609,46.440601040184745,0.6736191764574687,0.8306074142456055,59.92345713723989,0
2031,6.74693489074707,154.33216857910156,25137.427734375,8.495903968811035,274.88409423828125,330.0837097167969,15.98363208770752,69.94325256347656,3.4855358600616455,True,1,1,1,135.79540328996973,76.15470536182336,0.5614445188082631,0.2530651092529297,55.711522815736544,0
2032,6.542281627655029,146.05538940429688,35965.74609375,8.578678131103516,292.88098488351983,474.0077209472656,21.36638641357422,54.127342224121094,3.794055461883545,True,1,1,0,183.29535186683643,75.87586536776139,0.4986851193623877,0.4577183723449707,81.06525507313563,1
2033,8.549692153930664,236.86151123046875,17828.294921875,4.752267360687256,341.0363464355469,423.1100769042969,15.31324291229248,80.93130493164062,3.0390188694000244,True,0,1,1,72.77262447836301,42.13630412723843,0.6945345063995962,1.549692153930664,46.53723416216303,1
2034,7.499844551086426,231.5388641357422,22452.634765625,7.821007251739502,324.7331012024428,380.99908447265625,14.338248252868652,66.62102508544922,4.663869380950928,True,1,1,1,112.13954356292697,58.93094136373299,0.7130128174964986,0.4998445510864258,66.87171700302724,0
2035,5.763772964477539,183.07362365722656,22025.697265625,8.952896118164062,317.62312377169815,376.5813903808594,10.547398567199707,63.29975509643555,3.253200054168701,True,0,1,0,94.42976368901145,58.48854396352551,0.5763863188135834,1.236227035522461,34.31279759015297,2
2036,7.276863098144531,165.79795837402344,30396.904296875,7.835638523101807,281.8968811035156,475.64605712890625,12.326183319091797,83.39988708496094,6.0837721824646,True,1,0,1,96.58351685789057,63.90656198529253,0.5881510896354668,0.27686309814453125,74.98969119264984,1
2037,7.493290901184082,216.3818817138672,9465.32421875,4.947531223297119,341.46063232421875,501.3453369140625,11.247507095336914,52.95136260986328,3.748746871948242,True,1,0,1,55.64739253843527,18.87984888446791,0.6336949580609821,0.49329090118408203,42.164057040859916,1
2038,6.116024017333984,158.72889709472656,22481.02734375,8.46706485748291,329.1550435859193,458.9929504394531,15.495284080505371,66.62102508544922,3.9843087196350098,True,0,1,1,131.19957529476142,48.97902521868144,0.4822313973477431,0.8839759826660156,61.737995475179105,1
2039,5.226895332336426,127.1175537109375,7907.33056640625,6.761928558349609,335.46185302734375,475.3323669433594,12.72500991821289,79.42001342773438,5.138055801391602,True,0,1,1,86.04560797124577,16.63537158350741,0.3789329611842426,1.7731046676635742,65.38181103303941,1
2040,7.036752223968506,255.95359802246094,15097.0244140625,8.482420921325684,361.97140502929693,471.4774169921875,14.570931434631348,40.28730010986328,3.227940797805786,True,1,1,1,123.596773644319,32.02067339376297,0.7071099920023649,0.03675222396850586,47.03410403987732,0
2041,6.420639991760254,180.29299926757812,26034.52734375,9.71061897277832,308.9578857421875,473.0648193359375,17.724395751953125,57.59663391113281,3.1399402618408203,True,0,1,1,172.11485366994748,55.03374215242237,0.5835520211789419,0.5793600082397461,55.65354383835802,1
2042,7.669012546539307,205.59564208984375,11579.44140625,4.263278961181641,356.1365051269531,407.72161865234375,10.829045295715332,83.24380493164062,4.589512825012207,True,1,1,1,46.16724097890619,28.40036154110141,0.5772944883570976,0.6690125465393066,49.700042267323624,0
2043,7.1280622482299805,191.40081787109375,25227.544921875,6.607844352722168,319.2508544921875,419.30499267578125,12.865365982055664,78.46849060058594,4.510595321655273,True,1,1,1,85.01233595023041,60.165143039965,0.5995311040780519,0.12806224822998047,58.03045961004318,0
2045,6.615350246429443,179.24066162109375,26392.86328125,9.309160232543945,322.64882174772947,496.3635559082031,12.786595344543457,78.26236724853516,4.4534430503845215,True,1,1,1,119.0324648910555,53.172443693587006,0.5555286397596351,0.38464975357055664,56.944374175236135,0
2046,6.504876136779785,159.18214416503906,13403.0859375,6.958284378051758,296.076904296875,359.97442626953125,15.636850357055664,63.514312744140625,3.748443365097046,True,1,1,1,108.80565156143348,37.23343916167807,0.5376378275955966,0.49512386322021484,58.61384797192068,0
2047,7.4591240882873535,195.02871704101562,33173.5,7.5513739585876465,312.7723973813277,534.1669921875,17.33405113220215,38.36806869506836,3.5447514057159424,True,1,1,1,130.895902316538,62.10323816910874,0.6235483631239076,0.4591240882873535,61.44490211762559,0
2048,7.036752223968506,221.6731414794922,32269.505859375,8.765237808227539,303.96173095703125,357.35858154296875,12.819740295410156,51.374237060546875,4.804828643798828,True,1,1,1,112.36807232898718,90.30007235238268,0.7292797683848848,0.03675222396850586,61.59665537744877,0
2049,7.0960469245910645,221.50823974609375,17240.021484375,9.181472778320312,322.61688232421875,442.5436096191406,16.576200485229492,78.1220932006836,4.785637378692627,True,1,1,1,152.19393352311454,38.95666115313551,0.6865984119110272,0.09604692459106445,79.32768463881712,0
2050,6.989442348480225,197.6858367919922,12150.7216796875,7.984166145324707,341.1001281738281,303.5968017578125,14.330885887145996,70.85686492919922,3.8530476093292236,False,1,1,1,114.42017393266269,40.022561401545666,0.5795536849276579,0.01055765151977539,55.21758560703779,0
2051,7.036752223968506,184.74139404296875,32328.71484375,8.396587371826172,292.938232421875,617.144775390625,8.348505973815918,51.45707321166992,5.493180751800537,False,1,1,1,70.0989598333581,52.38432873534908,0.6306496488524713,0.03675222396850586,45.8598523216574,0
2052,8.297725677490234,222.4363250732422,20320.109375,7.3218584060668945,297.138671875,374.1195373535156,15.7792329788208,93.44632720947266,4.166105270385742,False,1,1,1,115.53330962726704,54.314483184780855,0.7485943277629717,1.2977256774902344,65.73794567570985,0
2054,7.036752223968506,174.917724609375,28990.787109375,4.660411357879639,417.34027099609375,468.8429870605469,10.018238067626953,53.3470458984375,3.6690568923950195,False,1,1,1,46.689110476310816,61.83474606136394,0.41912495952705997,0.03675222396850586,36.757485431680834,0
2055,9.380006790161133,166.26976013183594,32471.45703125,7.34253454208374,354.6152834836857,498.31304931640625,12.779885292053223,56.79331588745117,4.566253662109375,False,0,1,1,93.83674920076874,65.16276667976504,0.4688736425276257,2.380006790161133,58.35619801617577,1
2056,8.998374938964844,169.22833251953125,21790.01171875,7.923357009887695,384.746885557522,436.9215087890625,18.22219467163086,73.2178726196289,4.516932964324951,False,0,0,0,144.38095388700458,49.871684571606025,0.43984327991236544,1.9983749389648438,82.30843179463591,3
2058,7.301563262939453,177.6628875732422,23441.267578125,9.107017517089844,326.2906188964844,478.467041015625,14.003396034240723,55.183345794677734,2.774960994720459,False,1,1,0,127.52917298257671,48.99243943610957,0.5444927826291963,0.3015632629394531,38.858877788641166,1
2059,7.031683921813965,201.00210571289062,24510.5078125,5.818273544311523,401.2688293457031,371.61639404296875,12.846818923950195,89.19243621826172,4.422183036804199,False,1,1,1,74.74630667378005,65.9564759236899,0.5009163197144475,0.031683921813964844,56.81098472238773,0
2060,4.348674774169922,197.2763671875,9848.03515625,10.810937881469727,330.98520054231017,295.74951171875,19.958236694335938,81.74641418457031,4.360949993133545,False,0,1,1,215.76725712613552,33.298567648411385,0.5960277567342598,2.651325225830078,87.03687217512197,1
2061,5.294195175170898,234.27139282226562,26811.203125,3.611358165740967,369.6084594726562,570.9750366210938,12.775773048400879,44.675682067871094,3.522454023361206,False,0,0,1,46.13789232199588,46.95687439630636,0.6338366619710999,1.7058048248291016,45.002073175889336,2
2062,7.257931232452393,187.765625,24354.3359375,7.196253776550293,342.426143406999,346.2917785644531,10.892952919006348,61.56116485595703,4.266922473907471,False,1,1,1,78.38845358118397,70.32894620869011,0.548339044979073,0.2579312324523926,46.47938561732417,0
2063,9.250492095947266,184.4420166015625,22749.177734375,7.401662826538086,375.0083312988281,436.4937744140625,15.402960777282715,44.788970947265625,3.9963390827178955,False,0,1,1,114.00752220383765,52.11798888264763,0.4918344493065518,2.2504920959472656,61.55545414382573,1
2064,9.680475234985352,199.5316619873047,32916.33203125,6.127804279327393,335.50671339188165,461.3000793457031,16.109678268432617,76.54383850097656,2.79584002494812,False,0,1,1,98.71695543188889,71.35557402587521,0.5947173437317439,2.6804752349853516,45.04008329192084,1
2065,7.036752223968506,184.9937286376953,19764.626953125,7.505091667175293,367.3123252695947,293.4779968261719,12.934159278869629,66.62102508544922,3.0179848670959473,False,1,1,0,97.07205102576245,67.34619664684936,0.5036414936478779,0.03675222396850586,39.03509697223717,1
2066,6.741245746612549,196.8330078125,23565.732421875,7.594583988189697,315.57461547851557,500.14288330078125,11.663073539733887,31.778484344482422,3.5009706020355225,False,1,1,1,88.57619155794191,47.117999998781926,0.623728898125431,0.25875425338745117,40.83207759198672,0
2067,6.811702251434326,261.3895568847656,15149.490234375,7.056107044219971,302.7734647932908,397.787109375,11.993515968322754,66.25765228271484,3.2750084400177,False,1,1,1,84.62753250904689,38.084417114705765,0.8633172533792021,0.18829774856567383,39.27886602174408,0
2068,6.96694278717041,222.8902587890625,25441.056640625,7.383783340454102,311.46270999620924,647.3499145507812,17.39128303527832,38.73264694213867,4.356931209564209,False,1,1,0,128.4134659450101,39.30031661312433,0.7156242173457973,0.033057212829589844,75.77262383076868,1
2069,7.446089267730713,179.14683532714844,17763.310546875,9.87651538848877,328.4590148925781,364.1341857910156,12.982491493225098,49.051239013671875,2.948657512664795,False,1,1,1,128.22177701376222,48.78232034024793,0.5454160996017173,0.4460892677307129,38.280921074604976,0
2070,6.2106475830078125,192.21673583984375,19330.03515625,8.792885780334473,331.8231092184417,401.3832702636719,18.225492477416992,61.27421569824219,3.2121238708496094,False,0,1,1,160.25467364427277,48.1585470550215,0.5792747096888641,0.7893524169921875,58.542539444701106,1
2071,7.341547012329102,187.6724090576172,21273.45703125,7.784003257751465,327.88884391249405,332.08428955078125,16.842334747314453,55.01914978027344,4.025643825531006,False,1,1,1,131.1007885412364,64.06041368583477,0.5723659464770832,0.34154701232910156,67.80124088305274,0
2072,7.051396369934082,187.41888427734375,15423.3876953125,8.8715238571167,341.56268310546875,561.790771484375,14.280606269836426,66.62102508544922,3.172091007232666,False,1,0,1,126.69073921694417,27.45397121263943,0.548710069919324,0.05139636993408203,45.29938272637855,1
2073,6.642613887786865,226.52783203125,13730.2587890625,9.06076717376709,257.45947265625,275.07171630859375,12.779230117797852,66.62102508544922,3.807720899581909,False,1,1,1,115.78962875735851,49.915196383708846,0.8798582115245884,0.35738611221313477,48.65974160010546,0
2074,10.14629077911377,242.1517333984375,24649.673828125,4.803372383117676,347.0697326660156,348.4840393066406,17.61479949951172,73.00154876708984,4.481552600860596,False,0,1,1,84.61044145010965,70.73401067789239,0.6977034005260151,3.1462907791137695,78.94165051067466,1
2075,7.036752223968506,235.67745971679688,24008.9921875,5.635028839111328,381.09771728515625,460.7452697753906,13.452537536621094,72.85946655273438,3.1709938049316406,False,1,1,1,75.80543697808753,52.109036620376244,0.6184173990263865,0.03675222396850586,42.65791318923584,0
2076,8.469537734985352,128.62008666992188,15273.048828125,10.725523948669434,390.09520237934305,553.3462524414062,16.93086814880371,69.73668670654297,4.149553298950195,False,1,1,0,181.59243180175872,27.601250994540727,0.3297146069874818,1.4695377349853516,70.25553978095923,1
2078,5.841118812561035,194.6168975830078,17721.958984375,5.646296977996826,410.3586730957031,622.9635620117188,17.629541397094727,93.07069396972656,4.237560272216797,False,0,1,1,99.5416263138859,28.44782590284759,0.4742604698484322,1.1588811874389648,74.70624424173002,1
2079,8.114665031433105,236.49327087402344,26631.212890625,6.266781806945801,275.09088134765625,496.9897766113281,18.588533401489258,58.31334686279297,2.6545944213867188,False,1,1,1,116.49028293825722,53.585031504313946,0.8596914185441681,1.1146650314331055,49.34501706935407,0
2080,5.585116863250732,143.5054168701172,22234.697265625,9.252852439880371,368.387451171875,437.1246643066406,11.575215339660645,52.42437744140625,4.148343086242676,False,0,1,1,107.1037594977197,50.865803351607894,0.389550230400256,1.4148831367492676,48.0179645260514,1
2081,5.903993606567383,196.27471923828125,19399.22265625,7.641894340515137,328.269287109375,324.0456848144531,18.505373001098633,77.15779876708984,3.820021152496338,False,0,1,1,141.41610520621725,59.86570260144705,0.5979076518814794,1.0960063934326172,70.69091629903141,1
2083,9.578227043151855,205.74874877929688,33080.58984375,5.659847736358643,356.69830322265625,333.0699157714844,16.984960556030273,68.90608978271484,3.419238805770874,False,0,1,1,96.13229055518877,99.32025733337613,0.5768144853608991,2.5782270431518555,58.07563624766635,1
2085,7.036752223968506,210.7447052001953,12229.298828125,6.950981140136719,387.3888244628906,422.0270690917969,14.680843353271484,77.32232666015625,2.5167691707611084,False,1,1,1,102.04626526989159,28.977522284210238,0.5440133822868448,0.03675222396850586,36.948293952286804,0
2086,9.687259674072266,190.16287231445312,18752.576171875,7.073006629943848,366.9192717242126,461.0702209472656,9.106873512268066,64.2282485961914,3.0858354568481445,False,0,1,1,64.41297673033205,40.67184406894923,0.518268966638297,2.6872596740722656,28.102313185187995,1
2087,6.527440547943115,181.072998046875,22444.08203125,10.474976539611816,271.86279296875,351.06378173828125,11.996365547180176,66.62102508544922,3.567180633544922,False,1,1,1,125.66164766731981,63.93163617217134,0.6660455276115823,0.47255945205688477,42.79320285282665,0
2088,7.036752223968506,193.62948608398438,18753.2109375,8.685011863708496,327.34063720703125,478.1026916503906,13.172901153564453,52.67395782470703,2.3734376430511475,False,1,1,0,114.40680279816661,39.224232002418695,0.5915229075881518,0.03675222396850586,31.265059466061757,1
2089,7.744772434234619,208.9203338623047,27648.16015625,5.622572422027588,332.82379150390625,397.0574645996094,12.486191749572754,73.18455505371094,5.016321182250977,False,1,1,1,70.20451738729616,69.63264149812072,0.6277205493349838,0.7447724342346191,62.634748159029186,0
2090,8.289224624633789,191.8588104248047,22526.279296875,7.979154586791992,346.3193326516074,292.8608093261719,18.003679275512695,72.5755844116211,4.291001319885254,False,1,1,0,143.65414007033905,76.91803922753098,0.553993935024754,1.289224624633789,77.25381153401577,1
2091,7.249257564544678,223.7035369873047,24311.90625,7.39251708984375,275.62249755859375,306.7822265625,9.697257041931152,77.19964599609375,4.361486434936523,False,1,1,1,71.6871384070837,79.24809218306818,0.8116301759007102,0.24925756454467773,42.2944550444754,0
2092,7.744098663330078,219.65872192382812,30809.705078125,6.790680885314941,335.07492182153896,405.0322570800781,12.758776664733887,70.371826171875,5.104188442230225,False,1,1,1,86.64078081721073,76.06728714440733,0.6555510632492735,0.7440986633300781,65.1232003891314,0
2093,7.036752223968506,214.216064453125,19026.671875,7.634724140167236,334.5608584159318,421.1402893066406,16.82573890686035,74.62943267822266,3.986882448196411,False,1,1,1,128.4598750083578,45.17893992319353,0.6402902743228785,0.03675222396850586,67.082243125697,0
2094,6.890274524688721,185.744140625,12218.095703125,8.02293586730957,350.65786743164057,394.4405822753906,17.064897537231445,86.63182067871094,4.100697040557861,False,1,1,1,136.91057852341692,30.97575711319382,0.5297019041830231,0.1097254753112793,69.97797482834812,0
2095,6.0473809242248535,230.58628845214844,20278.3828125,9.360798835754395,305.7765808105468,333.53076171875,12.59384822845459,55.30183410644531,2.2167296409606934,False,0,1,1,117.88847983458527,60.79913782825412,0.7541005497766182,0.9526190757751465,27.917156661775607,1
2097,10.164838790893555,194.30279541015625,28915.642578125,7.3016886711120605,316.52520751953125,279.1654357910156,18.452308654785156,63.06245803833008,2.9376862049102783,False,0,1,1,134.7330130605078,103.57887749467842,0.6138619932325762,3.1648387908935547,54.20709258390889,1
2098,8.722311019897461,145.24661254882812,20256.353515625,10.651998519897461,352.9494049508393,612.3280029296875,13.053339958190918,94.82670593261719,3.009289264678955,False,0,1,1,139.04415791436804,33.080887017460334,0.4115224734761527,1.722311019897461,39.28127580438877,1
2100,4.894278049468994,184.55271911621094,10922.5419921875,7.461702823638916,352.8302307128906,338.6810607910156,21.624717712402344,91.0079345703125,3.5949909687042236,False,0,1,1,161.35721721502705,32.25022956532271,0.5230637925221426,2.105721950531006,77.74066487686468,1
2101,6.071183204650879,138.22398376464844,14852.5302734375,8.093541145324707,362.1678686568942,389.30279541015625,17.023530960083008,100.4409408569336,5.036334037780762,False,0,1,1,137.78064826414084,38.15161465675519,0.38165722402596686,0.9288167953491211,85.73618841748066,1
2102,9.032563209533691,156.26565551757812,24897.556640625,7.639634132385254,416.530517578125,342.74603271484375,13.599564552307129,62.50210952758789,3.62613582611084,False,0,1,1,103.89569753938213,72.64141431710674,0.3751601588546476,2.0325632095336914,49.313868242627905,1
2103,9.913703918457031,160.09825134277344,32129.99609375,6.109516143798828,405.2955627441406,541.2207641601562,11.546323776245117,46.0819091796875,5.554666519165039,False,0,1,1,70.54245151249779,59.36578594548603,0.3950160467185424,2.9137039184570312,64.135978099348,1
2104,7.036752223968506,165.740234375,19919.32421875,7.278151512145996,351.9650573730469,420.1207275390625,17.776052474975586,46.002342224121094,3.428095817565918,False,1,1,1,129.37680320073014,47.4133335149111,0.4708996828865107,0.03675222396850586,60.93801114229609,0
2105,4.229224681854248,207.6692352294922,21214.37109375,6.844547748565674,304.2751159667969,488.45587158203125,13.489423751831055,65.30757141113281,3.7331395149230957,False,0,1,1,92.32900497004357,43.43149972096458,0.6825048242513813,2.770775318145752,50.35790084150267,1
2106,9.135452270507812,233.1753387451172,32105.287109375,6.749696254730225,337.21019406481076,370.9298095703125,16.334775924682617,68.6970443725586,3.6436867713928223,False,0,1,1,110.2547758806877,86.5535370694861,0.6914836566560557,2.1354522705078125,59.51880695043201,1
2107,3.9065675735473633,152.81884765625,17857.716796875,7.363059997558594,324.3828430175782,342.4087829589844,7.637198448181152,75.20134735107422,3.2047958374023438,False,0,1,1,56.23315038721921,52.153208776951516,0.4711064425095453,3.0934324264526367,24.475661796146596,1
2108,7.384048938751221,148.29617309570312,14417.9794921875,9.084967613220215,347.96209716796875,316.57958984375,13.493983268737793,58.86150360107422,5.337986946105957,False,1,1,1,122.5924009698183,45.54298479494716,0.42618484563832404,0.3840489387512207,72.03070653949453,0
2109,7.036752223968506,180.68060302734375,8692.5380859375,8.671792984008789,396.52874755859375,534.339111328125,10.299786567687988,87.65201568603516,3.913601875305176,False,1,1,1,89.31761689446466,16.26783045707427,0.45565574673747816,0.03675222396850586,40.30926402654677,0
2111,5.7061309814453125,199.11782836914062,25815.609375,6.383545398712158,319.34966164307895,483.8240966796875,11.637606620788574,79.4739761352539,4.326394557952881,False,0,1,1,74.28919019615705,53.35742783132528,0.6235103764355142,1.2938690185546875,50.3488779517761,1
2113,6.519847869873047,183.2259979248047,14284.6474609375,8.389078140258789,373.0915832519531,495.41796875,11.638474464416504,58.66164779663086,3.2722861766815186,False,1,1,1,97.63607171539661,28.833527108727772,0.491101932229782,0.4801521301269531,38.084419107570966,0
2114,7.910640716552734,190.42759704589844,16461.501953125,5.4544758796691895,394.3058776855469,294.17864990234375,17.65865135192871,82.41702270507812,3.8866026401519775,False,1,1,1,96.31868786658288,55.957500323806975,0.482943844714427,0.9106407165527344,68.63216096592942,0
2115,6.587464809417725,211.16928100585938,28990.296875,8.883665084838867,267.202392578125,504.90875244140625,14.05469036102295,68.97647857666016,4.096841335296631,False,1,1,1,124.85716203844095,57.41690291048652,0.7902971158980933,0.4125351905822754,57.579836425833946,0
2116,4.300029277801514,218.31988525390625,17639.857421875,7.527317047119141,331.8346252441406,424.20941162109375,15.0057373046875,70.05083465576172,4.5864481925964355,False,0,1,1,112.95294221816584,41.582899617625934,0.6579177336764181,2.6999707221984863,68.82303673966089,1
2117,8.575939178466797,215.13671875,15778.7294921875,7.532773017883301,316.9595031738281,359.830078125,14.94467544555664,79.4639892578125,4.002128601074219,False,0,1,1,112.57484795731216,43.85050168834326,0.6787514364359111,1.5759391784667969,59.810513034433825,1
2118,8.884934425354004,145.2777099609375,17621.390625,8.267973899841309,341.47747802734375,286.8907775878906,15.194724082946777,42.28905487060547,4.714163303375244,False,0,0,1,125.62958213309412,61.421948491110484,0.42543862738691596,1.884934425354004,71.63041067673976,2
2120,7.036752223968506,219.07464599609375,31044.73828125,6.772326946258545,263.9005432128906,411.4711608886719,16.208927154541016,70.85266876220703,1.9846148490905762,False,1,1,1,109.77215413863996,75.44815082241293,0.8301409405937584,0.03675222396850586,32.16847751872956,0
2122,8.107091903686523,213.02926635742188,24531.869140625,6.237222194671631,322.0970458984375,517.4900512695312,14.352031707763672,59.860286712646484,2.7691640853881836,False,1,1,1,89.51681070629456,47.405489309479016,0.6613822399451974,1.1070919036865234,39.7431307574916,0
2123,4.908899784088135,161.24319458007812,13516.9111328125,8.206212043762207,343.3052978515625,535.2244873046875,14.356101036071777,71.44491577148438,4.19642972946167,False,0,0,1,117.80920922367932,25.254657490779312,0.4696787236301764,2.0911002159118652,60.24436918692709,2
2124,5.0989670753479,197.14263916015625,21682.75390625,7.7559051513671875,292.2514343261719,424.6661071777344,10.927590370178223,51.2209587097168,4.333667278289795,False,0,1,1,84.75335444409575,51.05835735112437,0.6745651700226282,1.9010329246520996,47.35654081779603,1
2125,6.09309196472168,208.90802001953125,21456.603515625,9.600683212280273,263.4534912109375,459.01556396484375,19.296764373779297,31.007234573364258,4.523557662963867,False,0,0,1,185.26212177467096,46.74482774297288,0.7929597678373772,0.9069080352783203,87.29002635341749,2
2126,10.033933639526367,213.6474151611328,25433.232421875,5.202937602996826,319.01007080078125,362.26214599609375,13.994461059570312,68.02076721191406,2.9015355110168457,False,0,1,1,72.81230768051319,70.20670702906546,0.6697199682602923,3.033933639526367,40.605425721885695,1
2127,8.978998184204102,213.09176635742188,19030.716796875,5.291516304016113,316.9403381347656,473.150390625,15.89107894897461,66.0870361328125,4.656316757202148,False,0,1,1,84.08790334690639,40.221285100315384,0.6723403115524954,1.9789981842041016,73.99389720013278,1
2128,5.514747619628906,228.7359161376953,35343.62890625,4.3466081619262695,344.01198690049927,526.1123657226562,14.930981636047363,46.7805061340332,2.7981584072113037,False,0,1,1,64.89912664481471,67.17885976795834,0.6649068177352413,1.4852523803710938,41.779251792823516,1
2129,7.036752223968506,200.8398895263672,20743.34765625,6.9059882164001465,264.6435241699219,450.3617248535156,10.209152221679688,70.49560546875,3.808912992477417,False,1,1,1,70.5042849423553,46.05930403374679,0.758907248523886,0.03675222396850586,38.88577253933545,0
2130,6.731277942657471,229.12889099121094,15058.138671875,5.119307518005371,315.8800964355469,443.95843505859375,13.78257942199707,76.27384185791016,4.190484046936035,False,1,1,1,70.55726245253572,33.917901877390214,0.7253666592209504,0.2687220573425293,57.7556791935076,0
2131,7.191962242126465,228.40994262695312,15395.46875,7.398602485656738,334.7776184082031,294.91558837890625,13.932292938232422,50.74836349487305,4.102718830108643,False,1,1,1,103.07949716370422,52.20296689782638,0.6822736329588595,0.19196224212646484,57.160280584275824,0
2132,7.036752223968506,190.38259887695312,30524.09375,6.375449180603027,387.6686096191406,382.0567626953125,19.195322036743164,73.65780639648438,4.938389301300049,False,1,0,0,122.37880015056544,79.89413262774414,0.4910962447356661,0.03675222396850586,94.7939729812615,2
2133,7.127711296081543,173.6901092529297,19309.5703125,6.533392429351807,372.5372314453125,295.3858337402344,7.273399353027344,88.79092407226562,3.3961849212646484,False,1,1,1,47.519972268721176,65.37067131022398,0.4662355709061293,0.12771129608154297,24.701809209087514,0
2135,7.036752223968506,184.02003479003906,13361.2255859375,9.25865650177002,335.08999633789057,467.44415283203125,19.581926345825195,80.08423614501953,4.411057472229004,False,1,1,1,181.30232967895608,28.583576190662228,0.5491660039153036,0.03675222396850586,86.37700252839022,0
2136,7.955026149749756,244.39590454101562,32405.4140625,3.318045139312744,307.64355468750006,433.91180419921875,16.254484176635742,67.68077087402344,3.9559166431427,False,1,1,1,53.933112214322136,74.68202909948933,0.7944125596743183,0.9550261497497559,64.301384480053,0
2137,7.775049686431885,195.17874145507812,22329.740234375,6.105129718780518,416.9491882324219,371.6158752441406,10.96418285369873,66.62102508544922,4.6994829177856445,False,1,1,1,66.9377585822599,60.08822997568872,0.4681115744927825,0.7750496864318848,51.525990028435444,0
2139,7.667520999908447,163.3458251953125,25035.271484375,8.258578300476074,329.5970764160156,431.8677673339844,16.078500747680664,89.0936508178711,4.618164539337158,False,1,1,0,132.78555737898387,57.96976139468229,0.49559245632854415,0.6675209999084473,74.25316199864483,1
2140,7.272362232208252,229.08714294433594,16404.759765625,7.5897536277771,272.27691650390625,518.6094970703125,17.878955841064453,67.10441589355469,3.9965813159942627,False,1,1,0,135.6968699555855,31.63220077276884,0.8413755563434764,0.27236223220825195,71.45470086388468,1
2142,7.036752223968506,221.12696838378906,27158.677734375,7.875936508178711,274.6587829589844,472.0960998535156,15.759417533874512,35.71040344238281,4.688955307006836,False,1,1,1,124.12017190267397,57.52785859759077,0.8050970196416898,0.03675222396850586,73.89520448079747,0
2143,7.69252347946167,220.81915283203125,26686.84765625,8.286211013793945,299.9588317871094,564.5269775390625,13.861775398254395,77.01593780517578,4.52243185043335,False,1,1,1,114.86159597575352,47.27293587511584,0.7361648622921327,0.6925234794616699,62.6889345646191,0
2144,8.15751838684082,236.3444366455078,27931.208984375,6.203675746917725,325.3239440917969,511.5876770019531,13.381574630737305,80.68695831298828,4.469430446624756,False,1,1,1,83.01494999227452,54.5971104962156,0.7264895197887089,1.1575183868408203,59.808017078398734,0
2145,7.187766075134277,184.15660095214844,31125.740234375,6.3777899742126465,352.916015625,472.27410888671875,14.807893753051758,61.96388626098633,3.784120798110962,False,1,1,1,94.44163631741958,65.90609051561376,0.5218142342001688,0.18776607513427734,56.034858727140545,0
2146,5.689554214477539,202.36471557617188,17493.650390625,5.520355701446533,385.1973571777344,479.23785400390625,21.692974090576172,66.62102508544922,3.732170343399048,False,0,1,0,119.7529332022441,36.50306462222691,0.5253533319478233,1.310445785522461,80.96187456097232,2
2147,8.758824348449707,197.2152099609375,19572.146484375,7.493432998657227,376.8382873535157,518.3855590820312,19.18592071533203,35.7860107421875,3.5275652408599854,False,0,1,1,143.7684113978903,37.75596388386635,0.5233417517700005,1.758824348449707,67.67958702930082,1
2148,9.814247131347656,177.71221923828125,30575.947265625,6.393927097320557,380.8915749591817,536.7206420898438,12.339004516601562,46.25904846191406,4.317531108856201,False,0,1,1,78.89469533265947,56.968085090974924,0.46656904603562516,2.8142471313476562,53.27403585274442,1
2149,9.969273567199707,237.02285766601562,26944.681640625,5.588774681091309,334.3262023925781,379.1379699707031,13.008179664611816,86.18505859375,3.643378973007202,False,0,1,1,72.69978515666935,71.0682751496475,0.7089568668588464,2.969273567199707,47.39372826714657,1
2150,7.036752223968506,179.1549530029297,18282.068359375,7.874879360198975,326.1868591308593,397.2211608886719,9.438369750976562,57.851078033447266,2.757856845855713,False,1,1,1,74.32602314589167,46.024910335715866,0.5492402512199801,0.03675222396850586,26.029672631448193,0
2151,9.149127006530762,162.6832733154297,21463.05859375,9.820674896240234,337.2731548595602,501.56689453125,15.667044639587402,83.6915512084961,4.805641174316406,False,0,1,1,153.86095199027113,42.79201595036838,0.482348714948339,2.1491270065307617,75.29019479985436,1
2152,7.036752223968506,146.2503204345703,25623.33984375,7.307749271392822,342.6457228549429,464.1846008300781,8.354866981506348,69.00157165527344,3.5828824043273926,False,1,1,0,61.05527309668696,55.20075362846658,0.42682663244466623,0.03675222396850586,29.934505898535008,1
2153,5.840811729431152,157.882568359375,16087.26953125,9.458000183105469,277.5404357910156,550.1373901367188,11.870382308959961,52.247066497802734,5.049463748931885,False,0,1,1,112.27007805167523,29.2422761848813,0.568863298569565,1.1591882705688477,59.93906515505569,1
2154,7.036752223968506,209.95327758789062,18668.36328125,4.45325231552124,347.58160400390625,479.5613708496094,16.092975616455078,68.79917907714844,3.772078037261963,False,1,1,1,71.66608092760544,38.927996242166905,0.6040402442630158,0.03675222396850586,60.7039598770225,0
2158,7.904053211212158,217.77163696289062,23575.9921875,7.4930243492126465,279.1466979980469,548.1553955078125,10.329558372497559,65.1805419921875,3.1372804641723633,False,1,1,1,77.39963240173756,43.00968728520761,0.7801333053356806,0.9040532112121582,32.40672168556466,0
2159,6.7440643310546875,158.5348358154297,16304.529296875,7.133913516998291,362.9191691002037,514.74853515625,9.333898544311523,38.54230880737305,3.534126043319702,False,1,1,1,66.58722499155465,31.67474631132476,0.4368323551816165,0.2559356689453125,32.98717393115521,0
2160,8.66397476196289,206.92315673828125,29551.333984375,6.030275821685791,339.0322570800781,329.7108459472656,9.13990306854248,63.76576232910156,3.689241409301758,False,0,1,1,55.11613648678349,89.62803091856264,0.610334715375098,1.6639747619628906,33.71930887747112,1
2161,4.161111831665039,181.73638916015625,25815.388671875,8.534628868103027,297.2392272949219,399.29217529296875,9.343334197998047,46.63808059692383,4.16824197769165,False,0,1,1,79.74188977056838,64.65287878050916,0.6114145505042043,2.838888168334961,38.94527781569741,1
2162,8.515976905822754,212.30462646484375,28553.55859375,7.225366115570068,342.6040954589844,341.7403564453125,9.003646850585938,60.72520065307617,2.1656816005706787,False,0,1,1,65.0546448707828,83.55337018783135,0.6196791826459095,1.515976905822754,19.499032322350104,1
2163,9.999807357788086,215.10897827148438,33462.03515625,6.194121837615967,365.89532470703125,373.936767578125,13.792034149169922,77.87210083007812,2.659977674484253,False,0,1,1,85.42953990851856,89.48581142070526,0.5878975847964781,2.999807357788086,36.68650292251641,1
2164,7.038092136383057,204.92327880859375,24607.087890625,8.080155372619629,280.7456359863281,365.8452453613281,10.807557106018066,59.91244125366211,4.237697601318359,False,1,1,1,87.32674061508533,67.26092011681283,0.7299250702819406,0.03809213638305664,45.79915882428395,0
2166,5.972599983215332,186.46746826171875,23124.578125,7.012553691864014,340.43807590372205,446.2193603515625,16.45540428161621,64.68881225585938,5.164944648742676,False,0,1,0,115.39440604616266,51.82334100196261,0.5477280037463402,1.027400016784668,84.99125228723096,2
2167,8.180755615234375,178.0796356201172,25623.8671875,7.574081897735596,391.9182434082032,353.50701904296875,19.749406814575195,74.29530334472656,3.8454227447509766,False,1,1,0,149.58362464529,72.48474778346812,0.4543795502274143,1.180755615234375,75.94481816010739,1
2168,7.0102434158325195,162.1232452392578,26395.248046875,6.622597694396973,347.04548033590805,574.5814208984375,12.277989387512207,51.628692626953125,3.279006242752075,False,1,1,1,81.31218420956884,45.93822048694884,0.4671527334549487,0.010243415832519531,40.259603850096255,0
2169,8.179890632629395,258.9019470214844,17291.619140625,5.1844096183776855,331.14571626790723,434.5042419433594,12.813028335571289,51.09571075439453,4.2957377433776855,False,1,1,1,66.42798734348162,39.79620319353034,0.7818369180720057,1.1798906326293945,55.04140942808135,0
2170,7.036752223968506,162.51268005371094,24642.8125,7.26757287979126,330.9053649902343,414.6507263183594,11.583353042602539,73.94618225097656,3.215740203857422,False,1,1,1,84.18286242946579,59.43028885869965,0.4911152757145287,0.03675222396850586,37.24905407457118,0
2171,6.8651251792907715,216.7444610595703,13529.0390625,5.618492603302002,402.31341552734375,553.6167602539062,15.692770957946777,86.37808227539062,3.955153703689575,False,1,1,1,88.16971755253644,24.437553212546526,0.5387452969638635,0.13487482070922852,62.0673211754754,0
2172,7.950816631317139,147.117919921875,20827.91796875,9.22612476348877,326.4915871686471,474.8540344238281,10.714240074157715,60.25551986694336,4.543685436248779,False,1,1,1,98.85091567015024,43.861726793919246,0.45060248181917084,0.9508166313171387,48.68213658542345,0
2173,7.036752223968506,204.25827026367188,26321.689453125,5.937495708465576,353.25147119272356,487.27362060546875,20.407808303833008,70.3405990600586,3.3055877685546875,False,1,1,1,121.17127422319663,54.01829339006761,0.5782234083719108,0.03675222396850586,67.45980151215917,0
2174,9.581188201904297,223.2962188720703,28292.78125,5.665430545806885,306.76892554972864,398.47930908203125,11.350768089294434,44.574119567871094,3.9291775226593018,False,0,1,1,64.30698825145873,71.00188274311061,0.7278971223830031,2.581188201904297,44.59918284137416,1
2175,7.274756908416748,195.11802673339844,21496.74609375,6.571089744567871,360.69781494140625,418.37359619140625,11.382543563842773,81.23561096191406,4.271580696105957,False,1,1,1,74.79571527946428,51.381698649389726,0.5409459611618344,0.27475690841674805,48.621453359895895,0
2176,7.036752223968506,260.84503173828125,11803.7353515625,5.260670185089111,336.04046630859375,424.05841064453125,12.318942070007324,70.20332336425781,2.816074848175049,False,1,0,1,64.80589125952747,27.835163806294286,0.7762310111857487,0.03675222396850586,34.6910629194731,1
2177,8.026773452758789,169.33384704589844,19168.52734375,8.081496238708496,405.52734375,350.5773620605469,15.177534103393555,68.0039291381836,3.735983371734619,False,1,0,1,122.65718476944494,54.677025283116976,0.4175645594264169,1.026773452758789,56.70301503421342,1
2178,7.879543304443359,170.19091796875,37000.95703125,6.217222690582275,346.0636901855469,517.5767822265625,15.871769905090332,68.91118621826172,4.066229343414307,False,1,1,1,98.6783279936285,71.4888268376082,0.4917907376694418,0.8795433044433594,64.53825651999841,0
2179,6.448971271514893,237.4611053466797,18736.19140625,5.599870204925537,268.5435202680121,235.0422821044922,11.545476913452148,56.715511322021484,3.759326219558716,False,0,1,1,64.65317216929634,79.71413125663223,0.8842555732695874,0.5510287284851074,43.403214078050496,1
2180,5.189413547515869,171.23892211914062,12289.9013671875,10.786499977111816,301.2308349609375,501.5597229003906,12.284333229064941,54.473934173583984,4.876273155212402,False,0,1,1,132.50496009414292,24.50336576393097,0.5684641201252925,1.8105864524841309,59.90176435457306,1
2181,6.538084030151367,197.42819213867188,15979.060546875,7.4249444007873535,273.7192687988281,452.1872253417969,18.584959030151367,77.7308120727539,5.143750190734863,False,1,1,1,137.99228748978476,35.33726654807545,0.7212798437018084,0.4619159698486328,95.59638655614071,0
2182,5.915806770324707,195.74407958984375,12431.802734375,6.661616325378418,380.72534179687506,367.8540344238281,21.300647735595703,90.3948974609375,4.513200759887695,False,0,1,1,141.89674269657917,33.79547738290142,0.5141346203850614,1.084193229675293,96.13409954639064,1
2183,8.136497497558594,184.2318572998047,30031.83984375,6.215307235717773,373.6528015136719,400.6119079589844,15.28878116607666,37.7870979309082,4.204185962677002,False,1,1,1,95.02447220682188,74.96492034345573,0.49305627058173523,1.1364974975585938,64.27687916486002,0
2184,7.036752223968506,187.873291015625,29532.615234375,7.98103666305542,274.493408203125,469.1321105957031,16.169212341308594,78.92552947998047,4.586748123168945,False,1,1,1,129.04707650871205,62.95159615896456,0.6844364371481096,0.03675222396850586,74.16410435961734,0
2185,6.493764400482178,205.1505584716797,19821.337890625,6.344963550567627,298.3799743652344,482.595703125,12.164735794067383,89.47772216796875,4.9109110832214355,False,0,0,1,77.18480521564288,41.0723463163919,0.6875480106215691,0.5062355995178223,59.73993583554602,2
2186,7.036752223968506,205.3385467529297,25142.734375,5.639501094818115,296.0912780761719,528.280029296875,12.91150951385498,69.52671813964844,4.894829750061035,False,1,1,1,72.81447203913967,47.59357335705205,0.693497449143393,0.03675222396850586,63.19964088661345,0
2187,6.977405548095703,205.56350708007812,16100.9677734375,5.527299404144287,371.3618469238281,532.3421020507812,10.346573829650879,72.57395935058594,5.327584743499756,False,1,1,1,57.18861136356418,30.24552760558485,0.5535396493455684,0.022594451904296875,55.122248882341864,0
2188,5.489248275756836,134.56027221679688,15979.3349609375,9.504361152648926,366.21441650390625,418.6420593261719,12.897635459899902,57.78086853027344,3.9870121479034424,False,0,0,1,122.5837854260999,38.1694446766474,0.367435758356951,1.510751724243164,51.42302925785111,2
2190,7.312109470367432,199.81300354003906,14540.7353515625,8.827413558959961,276.1182861328125,486.9837341308594,17.271656036376953,70.13560485839844,5.123871803283691,False,1,1,1,152.46405068120657,29.858770021662426,0.7236500183123666,0.31210947036743164,88.49775136080643,0
2191,8.554097175598145,191.7084197998047,32112.5703125,8.115355491638184,293.6557922363281,518.9443359375,8.56757926940918,58.062461853027344,3.5636098384857178,False,0,1,1,69.52895147404524,61.88056796613147,0.6528337741510916,1.5540971755981445,30.53150977647283,1
2192,6.704432010650635,148.84213256835938,13329.0322265625,7.118465423583984,317.6735671211383,403.4209899902344,20.794370651245117,70.34609985351562,3.395331859588623,False,1,1,1,148.02400848607795,33.04000665370721,0.4685379820822911,0.29556798934936523,70.60378917226717,0
2193,7.036752223968506,194.7191925048828,18344.0703125,7.6118364334106445,295.5258493842686,320.35601806640625,12.333236694335938,75.1148910522461,4.515322208404541,False,1,1,1,93.87858041182335,57.261512881696405,0.658890558141333,0.03675222396850586,55.68853754744487,0
2194,8.028304100036621,204.7837371826172,20408.486328125,4.531581401824951,406.3289184570313,515.5750732421875,21.558862686157227,70.5472183227539,3.9159908294677734,False,1,0,1,97.695741193088,39.58392743893253,0.5039851395668941,1.028304100036621,84.42430857274667,1
2195,7.036752223968506,168.04246520996094,18564.37109375,8.562156677246094,345.2052307128906,419.1315612792969,18.459890365600586,59.70021057128906,2.962432861328125,False,1,0,1,158.0564735550579,44.29246748394303,0.48679003031368573,0.03675222396850586,54.68618583556963,1
2196,8.61682415008545,228.762939453125,19126.298828125,7.017578125,327.89483642578125,383.5270080566406,14.759256362915039,41.27592849731445,4.58456563949585,False,0,1,1,103.57423459365964,49.86949647997375,0.697671671957645,1.6168241500854492,67.66477958593077,1
2197,9.46712875366211,169.2144012451172,33365.31640625,8.460490226745605,315.96038818359375,449.72393798828125,10.396795272827148,74.32689666748047,3.1641879081726074,False,0,0,0,87.961984795229,74.19066123388959,0.5355557438144327,2.4671287536621094,32.89741388602579,3
2198,6.793698787689209,227.2257537841797,14470.0537109375,8.471508979797363,274.4447326660156,360.75567626953125,19.402149200439453,40.290592193603516,4.822957992553711,False,1,1,1,164.36548117889106,40.110397764098096,0.8279472181845585,0.20630121231079102,93.57575055897905,0
2199,7.036752223968506,229.725341796875,22444.55859375,5.702175140380859,320.99005126953125,389.0308837890625,15.501543045043945,34.246212005615234,3.851154327392578,False,1,1,1,88.3925133889934,57.69351347495129,0.7156774491066706,0.03675222396850586,59.69883457918331,0
2200,7.036752223968506,188.39501953125,21875.216796875,7.141372203826904,408.85589599609375,616.121337890625,8.974388122558594,59.70801544189453,4.123239517211914,False,1,1,1,64.08944588479426,35.50472190471937,0.46078586835950647,0.03675222396850586,37.00355174973083,0
2201,5.486058712005615,186.6956329345703,16639.21484375,9.807779312133789,331.61526018488115,355.94244384765625,12.25426197052002,66.62102508544922,4.5577073097229,False,0,1,1,120.18709703993409,46.74692519705427,0.5629886642354627,1.5139412879943848,55.851339358298446,1
2202,5.050748348236084,191.72219848632812,18252.076171875,8.118115425109863,284.2150573730469,373.7412414550781,18.045433044433594,91.85193634033203,3.930290699005127,False,0,1,1,146.4949083508036,48.83613071968853,0.6745673490483495,1.949251651763916,70.92379765405713,1
2203,6.24611759185791,199.09896850585938,27001.3359375,7.808013439178467,296.9236145019531,478.7459411621094,17.128023147583008,84.79895782470703,4.755157947540283,False,0,1,1,133.735834922888,56.40013535270239,0.6705393512377924,0.7538824081420898,81.44645539588328,1
2205,6.852899074554443,158.0797882080078,11914.4638671875,7.634966850280762,386.1673889160156,473.6433410644531,16.939374923706055,62.695472717285156,4.594760417938232,False,1,1,1,129.33156600697293,25.15492736635193,0.4093556119339525,0.14710092544555664,77.83236940406005,0
2207,7.036752223968506,200.30865478515625,25355.998046875,7.105245113372803,304.64810180664057,394.2460632324219,16.0673770904541,77.81098937988281,3.279888391494751,False,1,1,1,114.16265255666713,64.31515834214328,0.6575082954391207,0.03675222396850586,52.699203600749115,0
2208,8.383761405944824,156.9518585205078,21923.875,7.65683126449585,379.5416259765625,364.7948913574219,11.773963928222656,62.85578155517578,3.5857367515563965,False,1,1,1,90.1512551126616,60.09918301849259,0.4135300250746934,1.3837614059448242,42.2183351689273,0
2209,6.476140022277832,215.72177124023438,21165.58984375,7.6429524421691895,348.4749450683594,315.078125,13.543180465698242,46.16900634765625,4.0415802001953125,False,0,1,1,103.50988421504644,67.17568786019122,0.6190452819466592,0.523859977722168,54.73585001783795,1
2210,9.894561767578125,128.5857391357422,26436.033203125,8.778717041015625,349.7484436035156,480.6676025390625,9.105813026428223,65.32733154296875,4.617532730102539,False,0,1,1,79.9373559874075,54.99857491639047,0.3676520685646236,2.894561767578125,42.046389683726375,1
2211,4.808039665222168,186.1605682373047,19118.05078125,7.054443836212158,359.40625,577.4913940429688,8.304287910461426,73.15309143066406,3.597759962081909,False,0,0,1,58.58213266408575,33.10534311914294,0.5179669739169469,2.191960334777832,29.876834557858956,2
2213,6.304971694946289,249.0825958251953,21046.44921875,5.456272602081299,311.45658668375785,334.17864990234375,15.089082717895508,52.79168701171875,4.221305847167969,False,0,1,1,82.33014862419168,62.97963428220421,0.7997345558736587,0.6950283050537109,63.69563310545345,1
2214,7.822491645812988,208.63671875,22308.822265625,5.850327491760254,408.1232604980469,502.7893981933594,16.135732650756836,60.39398193359375,3.835332155227661,False,1,1,1,94.39932032641627,44.370112618555076,0.5112100642932809,0.8224916458129883,61.88589428360456,0
2215,7.989376068115234,191.93618774414062,16746.80078125,8.56242847442627,312.739990234375,431.50567626953125,14.371148109436035,77.92896270751953,3.6487436294555664,False,1,1,1,123.05192778243236,38.81015166989206,0.6137244775974268,0.9893760681152344,52.43663511226714,0
2216,9.671796798706055,130.60836791992188,30220.61328125,9.309142112731934,370.29486083984375,411.8813781738281,18.024005889892578,76.15972137451172,3.895103931427002,False,0,1,1,167.7880322697274,73.37212801867369,0.3527145023589642,2.6717967987060547,70.20537620178402,1
2217,5.94126558303833,179.95486450195312,26562.447265625,6.803287982940674,359.5764297948691,431.96917724609375,14.632401466369629,75.43402862548828,2.2273709774017334,False,0,1,1,99.54844105771599,61.49153366329372,0.5004634594768911,1.05873441696167,32.59178635588228,1
2218,5.574755668640137,189.70066833496094,11512.4658203125,8.720972061157227,329.9396362304688,331.3303527832031,18.016990661621094,66.18864440917969,4.3718061447143555,False,0,0,1,157.1256721861282,34.746185155874265,0.5749556795519284,1.4252443313598633,78.76679048373626,2
2219,7.610509395599365,208.81781005859375,34538.54296875,5.600619792938232,301.7872314453125,470.7403259277344,15.66890811920166,35.365055084228516,4.692217826843262,False,1,1,1,87.75559694613139,73.37069078862278,0.6919371915325612,0.6105093955993652,73.52193000408715,0
2220,7.102446556091309,243.41294860839844,23493.12109375,4.792738437652588,283.3443298339844,341.43878173828125,16.072772979736328,45.633296966552734,3.0655083656311035,False,1,1,1,77.03259685964622,68.80624662886608,0.8590711799030759,0.1024465560913086,49.27122002827127,0
2221,5.152740001678467,185.3422393798828,25669.720703125,7.819479465484619,318.45098876953125,449.91900634765625,18.30157470703125,49.342037200927734,3.842625141143799,False,0,1,1,143.10878760766354,57.05409258980203,0.5820118176238621,1.8472599983215332,70.32609109175974,1
2222,7.301463603973389,205.7218780517578,23778.7578125,8.179966926574707,333.3392944335937,529.6246337890625,12.352311134338379,41.03206253051758,3.942709445953369,False,1,1,1,101.04149654564844,44.897378729315605,0.6171545955425491,0.30146360397338867,48.7015737887109,0
2223,6.104925632476807,241.17572021484375,13539.8115234375,6.015548229217529,335.396484375,363.6333923339844,13.456483840942383,60.92371368408203,4.131932735443115,False,0,1,1,80.94812754087525,37.23478583552876,0.7190764683928935,0.8950743675231934,55.60128608635114,1
2225,7.036752223968506,153.0351104736328,28504.998046875,8.425497055053711,369.6541428011935,346.3111572265625,15.138653755187988,48.38496017456055,3.830883741378784,False,1,1,1,127.5506826318142,82.31036560544942,0.41399538741796926,0.03675222396850586,57.99442253711254,0
2226,7.885678768157959,207.82130432128906,12359.630859375,7.377662658691406,340.9789733886719,499.3616943359375,14.045190811157227,97.62715911865234,5.430349826812744,False,1,1,1,103.62067978167033,24.750858896095863,0.609484220233473,0.885678768157959,76.27029948891959,0
2227,7.036752223968506,159.8328857421875,23917.189453125,6.781576156616211,369.2238464355469,472.92718505859375,13.891834259033203,85.7586441040039,2.85768723487854,False,1,1,1,94.2085319827238,50.572667755585016,0.43288884738163763,0.03675222396850586,39.698517431087566,0
2228,7.67909049987793,204.86000061035156,21530.31640625,8.185400009155273,346.1527841418592,445.3709411621094,16.31014633178711,78.01988983154297,3.1868233680725098,False,1,1,1,133.50507193353405,48.342436311018325,0.5918195935543218,0.6790904998779297,51.977555466821286,0
2229,7.036752223968506,163.95724487304688,19516.8984375,7.17877721786499,393.8409118652344,587.841552734375,14.842673301696777,69.0068588256836,4.169923782348633,False,1,0,1,106.55224495043376,33.200950687332664,0.4163032318817274,0.03675222396850586,61.892816394376496,1
2231,6.71486234664917,236.54205322265625,33197.15234375,4.958517074584961,331.4845275878906,402.9465637207031,14.841181755065918,66.62102508544922,4.593763828277588,False,1,1,1,73.59025313951315,82.38599171768631,0.7135839920804596,0.2851376533508301,68.1768839153151,0
2232,7.349653244018555,235.21087646484375,20443.134765625,7.177789211273193,335.77602716719883,305.41729736328125,12.831113815307617,91.0926742553711,3.8616840839385986,False,1,1,1,92.09903031213344,66.9350913493732,0.7004993112483929,0.3496532440185547,49.54970799977809,0
2233,7.036752223968506,196.0829620361328,22746.0625,7.702740669250488,325.4784240722656,397.05499267578125,21.091602325439453,51.93901824951172,3.7131097316741943,False,1,1,1,162.46314301182065,57.286932194016174,0.6024453448568725,0.03675222396850586,78.3154338511913,0
2234,7.3451385498046875,202.17446899414062,17032.7734375,6.2126288414001465,361.44049072265625,600.2950439453125,17.299739837646484,89.07786560058594,4.297994613647461,False,1,1,1,107.47686266408164,28.374003052201942,0.5593575529696738,0.3451385498046875,74.35418863970699,0
2235,10.147089958190918,177.82130432128906,20642.587890625,5.759743690490723,331.9600189079144,487.87884521484375,16.487323760986328,48.58900833129883,2.799440622329712,False,0,1,1,94.96275900541877,42.31088937505351,0.5356708448523911,3.147089958190918,46.15528389000701,1
2237,7.940647125244141,181.77130126953125,15858.7783203125,6.849963665008545,322.3425684078731,584.8271484375,10.590136528015137,81.95719146728516,5.4318366050720215,False,1,1,1,72.54205042438343,27.117035068508418,0.5639072171058135,0.9406471252441406,57.523891245582945,0
2238,7.036752223968506,197.71363830566406,31251.64453125,6.252423286437988,362.46395187692593,322.2176208496094,14.271722793579102,74.6442642211914,3.9065263271331787,False,1,0,1,89.2328519321618,96.98924705563209,0.5454711750958513,0.03675222396850586,55.75286082666344,1
2239,7.786734580993652,192.1797332763672,28086.873046875,7.157951354980469,329.7086181640625,327.3804931640625,10.68134880065918,52.415462493896484,1.9614753723144531,False,1,1,1,76.45657512069738,85.79275047706302,0.58287749274986,0.7867345809936523,20.951202615593502,0
2240,6.32304048538208,227.55397033691406,24463.13671875,6.26193380355835,368.01402108744605,399.94744873046875,17.91265296936035,71.1512222290039,4.749424457550049,False,0,0,1,112.16784714024743,61.16587750524754,0.6183296197416184,0.6769595146179199,85.07479211228656,2
2241,7.036752223968506,170.2914276123047,14550.4169921875,7.8474040031433105,395.4959411621093,486.3677062988281,13.797577857971191,51.41590881347656,3.7940330505371094,False,1,1,1,108.27516771632463,29.916494812118785,0.4305769274934916,0.03675222396850586,52.348466410501715,0
2242,6.645657539367676,170.26971435546875,23432.109375,7.066565036773682,314.1594753806519,513.3649291992188,20.264678955078125,78.90088653564453,4.170657634735107,False,1,1,1,143.2016717853985,45.64415681045222,0.5419849699175114,0.3543424606323242,84.51703799945244,0
2243,6.01453971862793,205.48294067382812,23268.2421875,9.03576946258545,283.3403625488281,371.4034729003906,16.86366844177246,73.01779174804688,2.6860687732696533,False,0,1,1,152.37622033333355,62.64950067144627,0.7252159138223778,0.9854602813720703,45.29697320421792,1
2244,10.086771011352539,189.7323760986328,17572.546875,6.894730567932129,311.69018676831496,416.6410827636719,9.47775650024414,92.89218139648438,4.334122180938721,False,0,1,1,65.34657745765071,42.17670210594868,0.608721042703033,3.086771011352539,41.07775467324427,1
2245,5.166225910186768,135.71217346191406,12060.009765625,8.63709831237793,409.5227307487875,362.2172546386719,11.185553550720215,76.06706237792969,4.608319282531738,False,0,1,1,96.61072569593853,33.29496200936216,0.331391063158769,1.8337740898132324,51.54660211357532,1
2246,5.5732011795043945,229.17498779296875,15613.16015625,4.157901763916016,383.4811096191406,409.06658935546875,10.751903533935547,63.758514404296875,3.5996246337890625,False,0,1,1,44.70535866920545,38.167771517792616,0.597617409167715,1.4267988204956055,38.70281682087807,1
2247,9.494558334350586,254.53445434570312,28492.169921875,6.113607883453369,318.3128700037967,620.9810180664062,18.417953491210938,65.44805908203125,3.6311070919036865,False,0,1,1,112.60014566094469,45.88251338939575,0.7996360735996351,2.494558334350586,66.8775615402883,1
2248,9.036504745483398,199.32188415527344,21696.00390625,5.970186710357666,350.183837890625,288.5088195800781,13.400388717651367,73.05806732177734,5.661984443664551,False,0,1,1,80.002822635749,75.2004873286988,0.5691921271601824,2.0365047454833984,75.8727924584,1
2250,6.9753923416137695,205.94024658203125,22685.68359375,5.927759170532227,304.049072265625,441.7651672363281,13.518052101135254,77.97940063476562,4.931460380554199,False,1,1,1,80.13175731023694,51.3523591828634,0.6773256842066301,0.02460765838623047,66.66373835901595,0
2251,6.687749862670898,160.26097106933594,17786.763671875,7.66037654876709,330.4066388179646,247.91802978515625,17.43949317932129,86.85669708251953,5.559985160827637,False,1,1,1,133.59308457325642,71.74453433477319,0.485041617679447,0.31225013732910156,96.96332328938115,0
2252,6.8675217628479,182.6721649169922,20247.201171875,6.867072582244873,330.8056640625,420.3334655761719,17.952821731567383,60.06879806518555,4.837267875671387,False,1,1,1,123.2833298867763,48.169376892110606,0.5522038592733273,0.1324782371520996,86.84260783976606,0
2253,6.155249118804932,159.51950073242188,19781.611328125,10.081609725952148,310.1406555175782,505.1083679199219,16.768604278564453,41.99545669555664,3.803908586502075,False,0,1,1,169.0545239854182,39.163103494848464,0.5143456602033104,0.8447508811950684,63.78623779888676,1
2254,8.303263664245605,232.4146728515625,16548.357421875,6.343522548675537,301.0872497558594,395.339111328125,13.789984703063965,78.62071228027344,3.892667055130005,False,1,1,1,87.47707890977699,41.85863959784514,0.7719180146887689,1.3032636642456055,53.67981914436382,0
2255,8.641633987426758,206.34197998046875,39557.25390625,5.999846935272217,290.57598876953125,345.4893798828125,14.708602905273438,66.62102508544922,3.4166252613067627,False,0,1,1,88.24936606334086,114.4962945175659,0.7101136612977822,1.6416339874267578,50.25378424468727,1
2257,7.348611354827881,214.7158966064453,32742.1875,6.351028919219971,320.0650939941406,438.0443420410156,15.792573928833008,55.366455078125,3.544537305831909,False,1,1,1,100.29909373093778,74.74628543926713,0.6708507111979083,0.34861135482788086,55.977367445857,0
2258,7.573905944824219,206.20420837402344,15926.42578125,5.5246663093566895,346.9759958162712,457.6377868652344,11.550620079040527,66.62102508544922,4.410728931427002,False,1,1,1,63.8133216028541,34.801378303008555,0.5942895481707097,0.5739059448242188,50.9466541585457,0
2259,7.8559064865112305,209.75180053710938,19850.18359375,8.038871765136719,300.29296875,368.43756103515625,18.52520751953125,57.23887252807617,4.151889801025391,False,1,0,1,148.9217676720582,53.87665547481801,0.6984905464544575,0.8559064865112305,76.91462016222067,1
2260,7.036752223968506,181.38970947265625,18908.62890625,7.2153496742248535,325.90081787109375,356.1665954589844,14.7828369140625,93.44066619873047,4.013476848602295,False,1,1,1,106.663337512,53.08928207821839,0.5565794836017359,0.03675222396850586,59.33057371125324,0
2262,7.036752223968506,234.51185607910156,19038.90234375,6.795915603637695,322.8962707519531,437.4787902832031,18.10836410522461,66.13323211669922,3.51409649848938,False,1,1,1,123.06291417904868,43.519600774029556,0.7262761344585982,0.03675222396850586,63.63453889554057,0
2265,7.036752223968506,222.9806365966797,32237.24609375,5.92465877532959,336.6527099609375,526.7760620117188,9.842432975769043,77.24198150634766,4.006631374359131,False,1,1,1,58.31305690048339,61.19724937659676,0.6623461785298161,0.03675222396850586,39.43500076074315,0
2266,5.228506088256836,191.66380310058594,24855.908203125,7.016078472137451,337.27090454101557,343.3492431640625,15.922648429870605,77.31529998779297,3.18880558013916,False,0,1,1,111.71455086822834,72.39249430602534,0.5682784964601035,1.771493911743164,50.774230163765424,1
2267,6.512239456176758,198.56468200683594,21626.5625,5.897104263305664,389.3370056152344,296.2607727050781,9.177841186523438,66.62102508544922,5.42579460144043,False,1,1,1,54.12268638898968,72.99840012410426,0.5100072138867323,0.4877605438232422,49.797081162716495,0
2268,7.834319114685059,171.28878784179688,25918.568359375,8.589393615722656,307.2286682128906,448.5640563964844,16.40780258178711,60.18211364746094,3.5329360961914062,False,1,1,1,140.9330747440399,57.78119742765225,0.5575286586392895,0.8343191146850586,57.96771800037823,0
2269,7.388291835784912,178.34405517578125,12928.64453125,7.830295085906982,304.7004330394398,376.4888916015625,18.11348533630371,40.4019775390625,3.846830368041992,False,1,1,1,141.83393521750713,34.340042389862376,0.5853094884423327,0.3882918357849121,69.67950546277643,0
2270,6.02065372467041,197.46908569335938,10529.310546875,5.305351734161377,416.4952087402344,412.01171875,9.90931510925293,59.1670036315918,5.2171311378479,False,0,1,1,52.572402099226565,25.55585203562647,0.47412090481549524,0.9793462753295898,51.69819641123013,1
2271,8.388322830200195,256.2340087890625,16795.8203125,4.143519401550293,359.0210115933595,333.9461975097656,10.821321487426758,55.19021987915039,3.854771614074707,False,1,1,1,44.838355533565846,50.29498879595372,0.7137019834526583,1.3883228302001953,41.71372289650935,0
2272,8.384296417236328,223.32818603515625,27463.654296875,6.476752758026123,352.9527893066406,318.0426330566406,10.645163536071777,64.20933532714844,3.460998296737671,False,1,1,1,68.946092291892,86.35211558455387,0.632742372828762,1.3842964172363281,36.84289286683838,0
2273,7.393978118896484,209.6192169189453,17939.705078125,7.233736038208008,328.81150383423306,349.2096252441406,13.57934856414795,68.1524658203125,3.7827274799346924,False,1,0,1,98.22942308386519,51.37230972431136,0.6375057254295974,0.3939781188964844,51.366974973214155,1
2274,7.036752223968506,235.789794921875,21983.55859375,6.061283588409424,331.2729187011719,441.2161865234375,12.743569374084473,66.89983367919922,4.494459629058838,False,1,1,1,77.24238790489517,49.82491398863789,0.7117690004198701,0.03675222396850586,57.275458081933266,0
2275,8.384623527526855,166.8783721923828,29956.36328125,9.778122901916504,307.3629455566407,546.4822998046875,17.370262145996094,37.83564376831055,3.6827802658081055,False,1,1,1,169.84855810205772,54.8167127043999,0.5429358810549747,1.3846235275268555,63.97085864318797,0
2276,7.094802379608154,222.50131225585938,30045.3671875,6.664010047912598,331.25946756098966,531.95947265625,16.162940979003906,46.10095977783203,4.084660053253174,False,1,1,1,107.71000108790031,56.48055665028948,0.6716828751263111,0.0948023796081543,66.020119360026,0
2277,6.565319538116455,141.5918426513672,12875.1279296875,9.116994857788086,340.9139099121094,339.97698974609375,17.107158660888672,86.06751251220703,2.233894109725952,False,1,1,1,155.96587754268694,37.870586187119585,0.4153301995584182,0.4346804618835449,38.21558096670651,0
2278,6.381719589233398,199.63502502441406,20453.81640625,5.8487348556518555,329.2896801403398,344.5995178222656,16.65141487121582,68.31307983398438,4.6576948165893555,False,0,1,1,97.38971055319962,59.35532491790704,0.6062595837594186,0.6182804107666016,77.55720873454084,1
2279,7.5397419929504395,201.95932006835938,26716.359375,5.637350082397461,344.1308247834993,516.3545532226562,14.985649108886719,83.53681945800781,4.210677623748779,False,1,1,1,84.47935023876198,51.74033840995172,0.5868678564570576,0.5397419929504395,63.09973738014014,0
2281,9.228484153747559,200.7103271484375,26744.232421875,6.833360195159912,339.8207092285156,363.95098876953125,14.14477252960205,86.95020294189453,4.829753398895264,False,0,1,1,96.65632557337403,73.48306000983965,0.5906359474484882,2.2284841537475586,68.31576320144586,1
2283,7.036752223968506,229.740966796875,22709.38671875,6.361687183380127,316.23443603515625,294.1656188964844,16.097627639770508,54.59124755859375,4.795407295227051,False,1,1,1,102.40807143875372,77.19932304373752,0.7264894011885693,0.03675222396850586,77.1946810196041,0
2284,6.021265983581543,236.97549438476562,19894.1484375,7.587908744812012,286.9385070800781,315.2668151855469,12.131600379943848,74.12666320800781,4.028042316436768,False,0,1,1,92.05347661154065,63.10257666252929,0.8258755367844565,0.978734016418457,48.866599696514186,1
2285,7.036752223968506,236.20489501953125,34822.81640625,4.966397285461426,362.0701599121094,537.9966430664062,19.08548355102539,87.8010482788086,3.7783021926879883,False,1,1,1,94.7860936995312,64.72682829960503,0.6523732704857409,0.03675222396850586,72.11072434934977,0
2286,5.97395133972168,182.14332580566406,26804.109375,5.737988471984863,399.2536926269531,481.90191650390625,9.209972381591797,48.93732833862305,4.20892333984375,False,0,1,1,52.84671535287271,55.62150388161244,0.4562094946474098,1.0260486602783203,38.76406771619804,1
2287,6.2175798416137695,189.34222412109375,15155.548828125,6.8194379806518555,306.8926086425781,297.763671875,11.964913368225098,81.38674926757812,3.490001916885376,False,0,1,1,81.59398465848335,50.89791068800807,0.6169657338494101,0.7824201583862305,41.75757059047305,1
2288,7.036752223968506,175.8339385986328,36819.98828125,7.650455474853516,322.02191162109375,344.716064453125,16.918914794921875,66.62102508544922,3.524413824081421,False,1,1,1,129.4374043213902,106.81251026943168,0.546030974002466,0.03675222396850586,59.629257191678334,0
2289,9.130607604980469,226.40374755859375,19968.677734375,5.723791599273682,386.6997680664063,440.5430908203125,11.751718521118164,66.62102508544922,5.288486957550049,False,0,1,1,67.26438774820508,45.32741088247451,0.5854768108736946,2.1306076049804688,62.14881012773276,1
2291,6.0955119132995605,200.0458221435547,16404.94140625,6.392094612121582,366.01733398437494,444.4542236328125,16.02998924255371,72.30170440673828,4.302015781402588,False,0,1,1,102.4652078696945,36.91030593713673,0.5465473982320933,0.9044880867004395,68.96126669717978,1
2292,6.195254802703857,170.00228881835938,16666.130859375,9.483424186706543,325.85062870869024,457.06817626953125,16.345685958862305,79.3692398071289,3.1389713287353516,False,0,1,1,155.0130735705843,36.46311795088515,0.5217184602967962,0.8047451972961426,51.30863957338079,1
2293,5.814564228057861,184.5417022705078,29382.3359375,6.051233291625977,348.3523864746094,405.6213684082031,18.748201370239258,82.18673706054688,4.131911754608154,False,0,1,1,113.44974028969955,72.43784019655692,0.5297558130958946,1.1854357719421387,77.4659136194523,1
2294,6.756659984588623,212.64186096191406,22112.74609375,8.332209587097168,275.2404479980469,387.56219482421875,14.174062728881836,76.31744384765625,4.184873580932617,False,1,1,1,118.10126135770588,57.05599341732333,0.7725676285443895,0.24334001541137695,59.31666064857927,0
2295,7.036752223968506,172.11151123046875,26595.373046875,8.23225212097168,337.6835068132966,348.84356689453125,7.8777384757995605,93.30281829833984,3.5503110885620117,False,1,1,1,64.85152927586114,76.23867972510762,0.5096829049928855,0.03675222396850586,27.96842226342278,0
2296,6.369973659515381,128.6168670654297,13689.591796875,9.066829681396484,334.4173849871599,319.7850646972656,8.00141429901123,36.00752258300781,3.4270663261413574,False,0,1,1,72.54746065942527,42.808727690350224,0.38459982182376123,0.6300263404846191,27.421377505647342,1
2297,6.601407527923584,205.6210174560547,19635.587890625,7.173229217529297,344.0344543457031,430.5598449707031,12.172052383422852,57.356346130371094,3.973576307296753,False,1,1,1,87.31292179406591,45.60478194699345,0.5976756521361686,0.398592472076416,48.366578961944015,0
2298,5.651933670043945,139.04991149902344,16575.8203125,7.857856273651123,390.53765869140625,418.5432434082031,13.269003868103027,66.07622528076172,3.8720271587371826,False,0,1,1,104.26592529007439,39.60360257620999,0.35604738249544854,1.3480663299560547,51.37794334668365,1
2299,7.606066703796387,248.0414581298828,14609.9765625,6.356554985046387,322.3565673828125,275.317138671875,11.706094741821289,94.7752456665039,4.581477642059326,False,1,1,1,74.41043488654941,53.065989934053064,0.7694630184650767,0.6060667037963867,53.631211335482476,0
2301,7.036752223968506,181.56240844726562,19289.361328125,7.3250555992126465,303.1010297033049,274.696533203125,14.093401908874512,56.80131912231445,2.6194207668304443,True,1,1,1,103.23495256455544,70.22062139983694,0.5990161367184224,0.03675222396850586,36.91654963539372,0
2303,8.111101150512695,198.7681884765625,35200.80078125,9.68539047241211,350.1891351161132,348.9714050292969,19.07193374633789,72.87156677246094,3.6637749671936035,True,1,1,1,184.719125397256,100.8701577638565,0.5676023839033555,1.1111011505126953,69.87527343580769,0
2304,7.116132736206055,204.04078674316406,25131.666015625,5.402654647827148,292.32440185546875,424.0035095214844,12.836709976196289,55.40458679199219,3.915381669998169,True,1,1,1,69.352310815706,59.27230645971638,0.6979943677300389,0.11613273620605469,50.26061894388158,0
2305,5.280292510986328,164.05738830566406,13679.056640625,5.971385478973389,333.19356357911727,635.8884887695312,11.805624961853027,35.43386459350586,3.83530592918396,True,0,0,1,70.49593746741493,21.511722354941163,0.4923786223569406,1.7197074890136719,45.27818341391708,2
2306,7.036752223968506,167.10443115234375,30362.68359375,9.99033260345459,362.2616271972656,432.03070068359375,9.971476554870605,94.98410034179688,3.346057176589966,True,1,1,1,99.61836733070686,70.27899516267877,0.4612810691099441,0.03675222396850586,33.36513068762338,0
2308,7.036752223968506,172.2146759033203,26653.765625,7.271684646606445,335.89447021484375,510.02972412109375,13.809873580932617,85.38168334960938,4.492387294769287,True,1,1,1,100.42104569004368,52.2592396328895,0.512704705381021,0.03675222396850586,62.03930061735173,0
2309,8.018831253051758,197.78558349609375,23104.51953125,9.674860000610352,322.9345397949219,395.7386169433594,13.337747573852539,68.85020446777344,3.1884772777557373,True,1,1,1,129.0408405005037,58.3832825093579,0.6124633896678664,1.0188312530517578,42.52710507567053,0
2310,6.603640556335449,206.91973876953125,14598.025390625,6.452140808105469,316.2535095214844,582.110595703125,12.5209321975708,68.87249755859375,3.4037983417510986,True,1,1,1,80.78681758746825,25.077752360639394,0.6542844012334667,0.3963594436645508,42.61872825126943,0
2311,6.4508056640625,198.49314880371094,19002.314453125,7.306447505950928,335.4822082519532,257.0077209472656,13.72408676147461,52.860389709472656,3.275581121444702,True,0,1,1,100.2743194898303,73.93674520419277,0.5916652011035226,0.5491943359375,44.95435950495539,1
2312,6.266378402709961,163.38540649414062,28141.216796875,8.508750915527344,376.8705444335937,295.6751403808594,9.938445091247559,50.159732818603516,2.936610460281372,True,0,0,1,84.5637537690709,95.17613373058737,0.4335319076373133,0.7336215972900391,29.185341813889636,2
2313,7.036752223968506,144.99578857421875,16219.4755859375,5.563067436218262,379.9629821777344,374.5430603027344,11.118073463439941,72.290771484375,4.904366493225098,True,1,1,1,61.850592437945124,43.304701813252066,0.38160503784231636,0.03675222396850586,54.52710696330996,0
2314,5.16187858581543,179.63641357421875,18666.564453125,5.196132659912109,400.8960266113282,485.31195068359375,14.059707641601562,75.82205200195312,4.3201003074646,True,0,1,1,73.05610606534174,38.463022368126104,0.44808728748087684,1.8381214141845703,60.73934730534529,1
2315,6.984405517578125,181.70733642578125,18194.544921875,8.263803482055664,371.1464538574219,201.61973571777344,11.267398834228516,68.19265747070312,3.406210422515869,True,1,1,1,93.11156972000754,90.24188414323572,0.48958392043805243,0.015594482421875,38.379131343792324,0
2316,6.791992664337158,210.407958984375,30471.9296875,6.614438056945801,326.5858459472656,493.1794128417969,19.98555564880371,61.12014389038086,2.914057493209839,True,1,1,1,132.1932198726554,61.78670242970614,0.6442653928550368,0.2080073356628418,58.23905819435868,0
2317,8.30922794342041,198.33689880371094,24344.966796875,8.343510627746582,278.8668212890625,456.530029296875,15.514119148254395,64.44474792480469,3.756396770477295,True,1,0,1,129.4422179935873,53.32610163901773,0.7112244374417643,1.3092279434204102,58.27718706530277,1
2319,6.9082722663879395,211.1055450439453,19224.986328125,6.379970073699951,307.1022033691406,323.8854675292969,21.208477020263672,71.92098999023438,5.405567169189453,True,1,1,1,135.30944869803534,59.357359919301274,0.6874113635153001,0.09172773361206055,114.64384708924626,0
2320,7.243410110473633,188.04629516601562,20877.53515625,8.454106330871582,344.80904985793853,377.64935302734375,16.35737419128418,71.62713623046875,4.466936111450195,True,1,1,1,138.286980706971,55.28285679190745,0.5453635706433089,0.2434101104736328,73.06734546355074,0
2321,6.164480209350586,189.0587615966797,27312.16796875,6.82215690612793,319.95159912109375,522.8013916015625,13.502579689025879,53.69620132446289,4.8340229988098145,True,0,0,1,92.11671727603061,52.24195718538408,0.5908980030889848,0.8355197906494141,65.27178076001337,2
2322,9.16099739074707,241.3831024169922,28170.884765625,6.819602966308594,262.5720520019531,568.4205932617188,8.120978355407715,48.25957107543945,3.542527675628662,True,0,1,1,55.38184808186634,49.559929830153614,0.9193023387572655,2.1609973907470703,28.768790577213167,1
2323,5.2778754234313965,166.73300170898438,18404.05078125,4.777124404907227,353.0136908436333,347.2194519042969,15.526042938232422,63.0086669921875,3.6326069831848145,True,0,1,1,74.1698386318676,53.00408899130043,0.47231312994748775,1.7221245765686035,56.40001199865037,1
2324,3.975752592086792,135.89198303222656,17430.841796875,6.305787563323975,373.4864196777344,344.39892578125,15.624310493469238,68.3709716796875,3.6668238639831543,True,0,1,1,98.5235827952306,50.6123580575106,0.36384718562360263,3.024247407913208,57.29159457573542,1
2325,5.685216426849365,154.57000732421875,17628.04296875,6.6644439697265625,390.0947265625,324.4277648925781,17.352584838867188,67.40730285644531,4.06615686416626,True,0,1,1,115.645329388557,54.33580236343536,0.3962371096119312,1.3147835731506348,70.55833195358719,1
2327,7.464485168457031,227.00001525878906,26559.361328125,5.657812118530273,300.6906433105469,332.0688171386719,16.052837371826172,28.682950973510742,3.8805761337280273,True,1,1,1,90.82393781911378,79.98149744079197,0.7549287600193783,0.46448516845703125,62.294257583725994,0
2328,6.071838855743408,217.8265380859375,17162.75390625,3.521125316619873,319.037353515625,612.0949096679688,16.542240142822266,64.82630920410156,2.691610336303711,True,0,1,1,58.247300560497024,28.039367109784624,0.6827618615903153,0.9281611442565918,44.525264554038586,1
2329,7.136102676391602,186.58270263671875,19502.5390625,8.095426559448242,305.4300231933594,355.9372253417969,15.645130157470703,73.88561248779297,2.5741918087005615,True,1,1,1,126.65400220281299,54.79207461085355,0.6108852694802471,0.13610267639160156,40.27356589741521,0
2330,7.036752223968506,182.11395263671875,21453.333984375,6.667286396026611,327.4377486586115,392.4333801269531,15.464582443237305,60.04606628417969,5.036016941070557,True,1,1,1,103.10680014402806,54.66745444224786,0.5561788548406279,0.03675222396850586,77.87989917072537,0
2331,6.328553199768066,192.07650756835938,33315.9453125,7.050046443939209,343.047186394149,489.745361328125,9.56196403503418,57.773284912109375,3.2658541202545166,True,0,1,1,67.41229054226733,68.0270766712817,0.559912789337842,0.6714468002319336,31.22797964154188,1
2332,6.150595664978027,169.40277099609375,23890.892578125,7.335960388183594,375.8011169433594,373.5482177734375,15.704322814941406,48.29949188232422,4.847520351409912,True,0,1,0,115.20629009365803,63.95664971063663,0.4507777196703978,0.8494043350219727,76.12702445053947,2
2333,7.036752223968506,205.666015625,27044.958984375,4.033933639526367,298.21380615234375,515.7549438476562,9.057548522949219,48.02968978881836,4.067413806915283,True,1,1,1,36.53754967836721,52.43761451935966,0.6896596022461652,0.03675222396850586,36.84079791904878,0
2335,4.761105060577393,150.0745391845703,19197.10546875,7.936652183532715,374.4773254394531,400.4512634277344,11.132149696350098,69.2603530883789,4.581395149230957,True,0,1,1,88.35200019495005,47.938681118122226,0.4007573452082817,2.2388949394226074,51.00077661937121,1
2337,6.676137447357178,192.68585205078125,27468.98046875,5.809435844421387,281.4068603515625,299.8869934082031,12.237607955932617,46.0692138671875,4.336648464202881,True,1,1,1,71.09359830917128,91.5977717638515,0.6847233614892503,0.32386255264282227,53.07020374761214,0
2338,7.9733076095581055,237.4971466064453,23517.681640625,5.35451602935791,283.5838317871094,478.89361572265625,15.259597778320312,53.671478271484375,2.8261120319366455,True,1,1,1,81.70776090557047,49.10836315081831,0.8374847898495609,0.9733076095581055,43.12533288382474,0
2339,7.352146148681641,208.32447814941406,13714.8330078125,8.219240188598633,352.849853515625,336.9129333496094,20.846445083618164,69.43722534179688,5.864497661590576,True,1,1,1,171.3419392206888,40.70735080055083,0.590405452867174,0.3521461486816406,122.25392844535509,0
2340,6.990800857543945,222.94374084472656,19713.412109375,5.292449951171875,310.8876037597656,270.0553894042969,18.362218856811523,66.62102508544922,4.332639694213867,True,1,1,1,97.18112429213943,72.99766199764528,0.7171200698625584,0.009199142456054688,79.55687829286398,0
2341,5.468360900878906,180.3823699951172,12305.9052734375,5.446562767028809,410.4592590332031,388.7455139160156,12.553093910217285,60.62774658203125,4.933467864990234,True,0,1,1,68.37121390240554,31.655427011411465,0.4394647351372353,1.5316390991210938,61.93028541226158,1
2342,7.835906982421875,206.66578674316406,17643.40625,8.137483596801758,339.4427697842303,474.9897766113281,16.167184829711914,68.08226776123047,3.183864116668701,True,1,1,1,131.56020135824292,37.144812544654684,0.6088383802244325,0.835906982421875,51.47411964687035,0
2345,7.617013931274414,214.40435791015625,29818.095703125,6.508853435516357,298.3518371582031,494.9455261230469,13.310223579406738,70.04800415039062,3.8005526065826416,True,1,1,1,86.63429447231238,60.245206935089676,0.7186292507320396,0.6170139312744141,50.58620491891202,0
2347,5.42933464050293,183.4393768310547,15265.4072265625,5.714731216430664,394.0011901855469,446.879150390625,17.581558227539062,50.26695251464844,3.081735849380493,True,0,1,1,100.47387963641086,34.16003449491591,0.4655807671014569,1.5706653594970703,54.18171827777769,1
2348,7.036752223968506,215.49160766601562,18489.65234375,3.758833169937134,294.60302734375,370.2746276855469,6.530428409576416,68.10002136230469,4.582157135009766,True,1,1,1,24.546790919815635,49.93496964506366,0.7314643331316159,0.03675222396850586,29.92344913161105,0
2349,5.495975971221924,150.53451538085938,18333.6328125,7.4717278480529785,416.8885192871094,300.3589782714844,12.300192832946777,55.70677947998047,4.90103816986084,True,0,1,1,91.9036933263501,61.03907017185874,0.36109057471092487,1.5040240287780762,60.28371457092089,1
2351,6.252810001373291,187.56947326660156,27690.474609375,6.489931583404541,330.94921875,303.4963684082031,14.261368751525879,57.95282745361328,2.921797275543213,True,0,1,1,92.55530748310639,91.2382400599042,0.5667620954305077,0.747189998626709,41.668828363725424,1
2354,7.036752223968506,138.5257110595703,17905.48046875,7.929303169250488,399.5036010742187,485.4231872558594,17.66736602783203,36.05826187133789,5.437428951263428,True,1,1,1,140.08990143679694,36.88633114764243,0.346744585881945,0.03675222396850586,96.06504753230183,0
2355,7.300990104675293,182.44769287109375,29136.337890625,8.253015518188477,310.5358555259282,307.43328857421875,8.730149269104004,49.89533996582031,4.596347332000732,True,1,1,1,72.05005739401713,94.77287879584385,0.5875253663528556,0.30099010467529297,40.12679830101433,0
2356,5.498514652252197,180.8251190185547,21542.830078125,6.707094669342041,352.2507019042969,419.5129699707031,13.183431625366211,68.90437316894531,3.074815511703491,True,0,1,1,88.42252397812899,51.35199998292652,0.5133421098315967,1.5014853477478027,40.536620059158395,1
2357,5.652501106262207,187.8311767578125,25868.599609375,3.5237138271331787,338.0288391113281,456.2597961425781,15.496329307556152,72.54525756835938,4.856444358825684,True,0,1,1,54.60462985084473,56.697083046506584,0.5556661280615915,1.347498893737793,75.25706104818619,1
2358,6.1649274826049805,206.04058837890625,22805.611328125,4.398831367492676,321.57665076475826,409.357666015625,16.89572525024414,61.72587585449219,4.169661045074463,True,0,1,1,74.32144620731196,55.71072234798162,0.6407199877484586,0.8350725173950195,70.44944740422397,1
2359,7.851925849914551,235.33831787109375,14763.580078125,7.7419753074646,338.60333251953125,505.6656494140625,11.863369941711426,49.59838104248047,5.204044342041016,True,1,0,1,91.8459171520476,29.196327783063563,0.695026582948626,0.8519258499145508,61.7375032227028,1
2360,7.221689224243164,203.06903076171875,13703.220703125,7.823612213134766,352.12457275390625,412.32049560546875,16.125741958618164,80.05887603759766,3.160818576812744,True,1,1,1,126.1615517333048,33.23439124647011,0.5766965610972672,0.22168922424316406,50.97054474768902,0
2361,6.5780839920043945,214.14633178710938,24882.625,5.071156978607178,345.3180731986615,400.7431640625,14.01805591583252,58.8419075012207,4.890415668487549,True,1,1,1,71.08776208407971,62.091202469090895,0.6201422624172026,0.42191600799560547,68.55412029252193,0
2362,7.859489917755127,211.31103515625,31725.48828125,7.51969051361084,313.34420776367193,433.4446716308594,15.90947151184082,66.62102508544922,4.4980692863464355,True,1,1,1,119.63430200415132,73.19385906553482,0.6743735140023711,0.859489917755127,71.56190516941479,0
2364,7.036752223968506,208.25628662109375,13696.009765625,4.484021186828613,330.33430881455087,449.1780700683594,21.30519676208496,76.03978729248047,3.85013484954834,True,1,1,1,95.53295367074134,30.491269827686303,0.6304409818586767,0.03675222396850586,82.02788053018776,0
2365,6.407963275909424,199.13172912597656,28460.203125,4.6137213706970215,330.9140625,448.8580017089844,11.656912803649902,70.1618423461914,2.9540927410125732,True,0,1,1,53.78174771855129,63.405805295293085,0.601762666173227,0.5920367240905762,34.4356014958787,1
2366,8.646642684936523,201.43907165527344,32571.0546875,9.959355354309082,350.2043020552289,338.497802734375,13.261537551879883,66.2293930053711,3.333242654800415,True,0,1,1,132.07636502368587,96.22235160219552,0.575204444656711,1.6466426849365234,44.2039226361635,1
2367,7.18469762802124,189.75839233398438,13317.4677734375,7.832320213317871,378.6754455566406,541.3060913085938,12.492178916931152,41.69618225097656,3.9040634632110596,True,1,1,1,97.84274543946322,24.602471619412942,0.5011108960443285,0.18469762802124023,48.77025928548642,0
2368,6.932085037231445,205.33848571777344,19530.474609375,6.521955490112305,302.8271263851187,475.210205078125,15.673883438110352,53.955867767333984,4.433285713195801,True,1,1,1,102.22437014056413,41.09860091296981,0.6780716360877254,0.06791496276855469,69.4868035164709,0
2369,6.174750804901123,138.5135955810547,21504.138671875,10.860295295715332,338.70300292968756,447.8054504394531,14.241965293884277,31.7059326171875,2.5660488605499268,True,0,1,1,154.67194868291244,48.021163214406585,0.4089529587101305,0.825249195098877,36.54557881436335,1
2371,6.888843059539795,188.92066955566406,27368.013671875,8.003186225891113,355.47857666015625,465.34698486328125,12.377083778381348,75.11249542236328,4.512332439422607,True,1,1,1,99.05610641184194,58.8120574609582,0.5314544431880661,0.11115694046020508,55.84951663864149,0
2372,8.174186706542969,244.24903869628906,31114.8203125,4.726912498474121,285.33203125,418.6195983886719,14.873625755310059,56.46415710449219,4.709403038024902,True,1,1,1,70.3063274804017,74.32719432615745,0.8560168894121388,1.1741867065429688,70.04589831850262,0
2373,8.756926536560059,218.63775634765625,21752.029296875,6.45487642288208,276.2781066894531,356.0757751464844,15.71314811706543,67.04963684082031,2.945671796798706,True,0,1,1,101.42642931009959,61.08820300071896,0.7913683721672701,1.7569265365600586,46.28577724736033,1
2374,4.74005651473999,176.65562438964844,24069.3359375,4.013444423675537,367.8050231933594,288.2212829589844,13.204219818115234,77.88037872314453,5.467935562133789,True,0,0,1,52.9944023980006,83.50991851429409,0.4802969311718225,2.2599434852600098,72.19982311370404,2
2375,8.764495849609375,210.85134887695312,15978.0361328125,8.043354034423828,328.7598571777344,324.04736328125,12.128376960754395,59.789161682128906,5.790838241577148,True,0,1,1,97.55282975829687,49.30771823511795,0.6413536921620234,1.764495849609375,70.23346911259978,1
2376,7.899451732635498,210.734130859375,15896.3662109375,6.90720272064209,319.88696289062494,448.6664123535156,18.169921875,66.62102508544922,2.8537673950195312,True,1,1,1,125.50333380885422,35.430256729318295,0.6587768638531603,0.899451732635498,51.85273061692715,0
2378,5.800034046173096,181.45352172851562,13028.6884765625,6.106764793395996,374.3577880859375,405.5172119140625,15.773825645446777,35.338134765625,4.074407577514648,True,0,0,1,96.32704310878125,32.12857077739768,0.48470614748411495,1.1999659538269043,64.26899473620324,2
2379,7.089184284210205,179.04583740234375,21065.6640625,7.471614360809326,377.77801513671875,571.5755004882812,12.623104095458984,85.24118041992188,3.26602840423584,True,1,1,1,94.31496583762237,36.85543555951706,0.473944564676698,0.08918428421020508,41.2274165253948,0
2380,7.852206707000732,169.02838134765625,22912.189453125,9.616222381591797,340.7858568208386,468.4454040527344,12.60112190246582,80.62516021728516,3.532437562942505,True,1,1,1,121.17519047165842,48.91112007074913,0.4959958797249138,0.8522067070007324,44.51267634348778,0
2381,4.945694923400879,170.44091796875,23000.72265625,4.433724880218506,340.6456604003906,346.64227294921875,13.27663803100586,84.55107879638672,3.782517433166504,True,0,1,1,58.86496036372591,66.35290726144811,0.5003466571923131,2.054305076599121,50.21911480612107,1
2382,9.776931762695312,213.9150848388672,23971.990234375,9.603302001953125,293.82501220703125,507.0165710449219,16.066560745239258,82.8609390258789,2.5694680213928223,True,0,1,1,154.29203496925766,47.28048658782512,0.7280356512334811,2.7769317626953125,41.282514048657504,1
2384,6.884981155395508,138.4401092529297,14893.2060546875,9.686434745788574,319.1349792480469,286.92156982421875,14.184036254882812,54.559078216552734,4.584319114685059,True,1,1,1,137.39274161482172,51.90688874281871,0.43379797835175404,0.11501884460449219,65.02414852664515,0
2385,7.608750343322754,192.8566436767578,25410.8125,5.955008506774902,283.802978515625,432.20953369140625,12.796347618103027,81.10379028320312,4.627464294433594,True,1,1,1,76.20235892145229,58.792808719833296,0.6795441119255055,0.6087503433227539,59.21464170193212,0
2386,7.036752223968506,210.0976104736328,23616.8046875,4.465676784515381,365.96124267578125,421.8798522949219,14.53685188293457,76.1571044921875,2.2904112339019775,True,1,1,1,64.91688197355961,55.97993007499767,0.5740979792378401,0.03675222396850586,33.295368858242455,0
2387,4.901906967163086,141.9307861328125,13614.7509765625,8.306960105895996,368.6186828613281,439.05535888671875,9.921623229980469,82.66016387939453,4.10353422164917,True,0,1,1,82.41852835717873,31.00918977523759,0.38503416225696774,2.098093032836914,40.713720458534226,1
2388,5.711212635040283,145.82586669921875,21157.1796875,7.954720973968506,385.2060852050781,441.0865783691406,16.682024002075195,70.47088623046875,3.9533350467681885,True,0,1,1,132.7008462175536,47.96604720497239,0.3785658428604972,1.2887873649597168,65.94963013843198,1
2389,7.476689338684082,162.00869750976562,22171.318359375,9.61159896850586,322.6666753475766,401.23480224609375,14.99374008178711,82.86176300048828,4.195539474487305,True,1,1,1,144.11381670414994,55.25771488416079,0.5020930557305207,0.47668933868408203,62.906828383340326,0
2390,7.03349494934082,191.88021850585938,29322.740234375,9.027056694030762,329.7243656583431,496.19830322265625,17.191646575927734,42.864681243896484,3.678956985473633,True,1,1,1,155.18996830463948,59.0948013825077,0.581941275528125,0.03349494934082031,63.2473282623032,0
2391,7.036752223968506,152.53741455078125,19731.75,10.886741638183594,373.98870849609375,463.7476806640625,15.534903526306152,61.15129089355469,5.294158935546875,True,1,0,1,169.12448106500233,42.548460682750374,0.40786636248005365,0.03675222396850586,82.24424831665237,1
2392,7.036752223968506,189.00108337402344,20784.568359375,10.08877182006836,312.9546813964844,419.53411865234375,14.801684379577637,62.535072326660156,5.149542331695557,True,1,1,1,149.33081625822888,49.54202146084946,0.6039247661250094,0.03675222396850586,76.22190029303192,0
2393,8.655299186706543,222.268798828125,13676.75390625,7.271299362182617,348.61883544921875,460.8706359863281,18.016759872436523,72.42820739746094,4.58875846862793,True,0,1,1,131.00525456904506,29.67590644455773,0.6375696766474108,1.655299186706543,82.67455944187896,1
2394,7.036752223968506,177.20201110839844,17766.251953125,8.199090003967285,354.2773742675781,520.2011108398438,15.099588394165039,62.97199630737305,3.1680309772491455,True,1,1,0,123.802884266619,34.152660478347386,0.5001787398209144,0.03675222396850586,47.835963776426524,1
2396,7.717076778411865,211.6813201904297,21400.015625,6.98785400390625,268.9449462890625,495.9149169921875,11.440746307373047,85.05154418945312,4.967975616455078,True,1,1,1,79.94626489165239,43.152595029087486,0.7870804873791298,0.7170767784118652,56.83734868907777,0
2397,7.555822849273682,190.4619140625,29411.62890625,7.868878364562988,349.9489440917968,524.4660034179688,19.408143997192383,79.55559539794922,4.09916877746582,True,1,1,1,152.72032439583018,56.079190373625536,0.544256288621013,0.5558228492736816,79.5572579018517,0
2398,4.881729602813721,136.99046325683594,19105.015625,7.26467752456665,419.7164001464843,358.04632568359375,13.399392127990723,75.93405151367188,3.0501976013183594,True,0,1,1,97.3422628350695,53.35906054939963,0.32638815848662817,2.1182703971862793,40.87079372792141,1
2399,8.311270713806152,206.10775756835938,20562.513671875,9.820473670959473,327.03319298261806,479.0323181152344,21.74114418029785,80.01264190673828,4.462045669555664,True,1,1,1,213.50833399914882,42.92510724506785,0.6302349772461143,1.3112707138061523,97.00997824088336,0
2403,4.86506986618042,174.06045532226562,15222.24609375,5.839218616485596,412.037109375,333.50433349609375,15.26661491394043,68.92635345458984,3.9749722480773926,True,0,1,0,89.1451020161976,45.643323097284345,0.4224387826714227,2.13493013381958,60.68437060499764,2
2404,9.624727249145508,217.37277221679688,25175.75390625,9.88394546508789,329.1744689941406,394.0548400878906,20.277570724487305,85.84025573730469,2.615257501602173,True,0,1,1,200.42240320529527,63.88895981266415,0.6603573242501648,2.624727249145508,53.03106895148403,1
2405,5.188776969909668,178.99327087402344,22648.23828125,6.318063259124756,326.4678955078125,404.5611267089844,18.840383529663086,89.91443634033203,3.7695038318634033,True,0,1,1,119.03473496658353,55.982240334127475,0.54827219701751,1.811223030090332,71.01889790884115,1
2406,7.8429789543151855,200.82968139648438,16827.193359375,9.888402938842773,326.4071006542173,566.3306884765625,13.791244506835938,46.66240692138672,5.109312534332275,True,1,1,1,136.37338271169574,29.712663770574967,0.6152736272547016,0.8429789543151855,70.463778422818,0
2407,5.916930675506592,185.92501831054688,27977.673828125,6.774609565734863,329.61932373046875,428.8327331542969,20.63807487487793,70.79549407958984,3.157559633255005,True,0,1,1,139.81489946570036,65.24146036402726,0.564059824048783,1.0830693244934082,65.16595213300889,1
2408,5.729689121246338,173.9750213623047,14304.7626953125,5.340088367462158,369.1539611816406,471.6799011230469,16.424226760864258,58.15768814086914,5.100552558898926,True,0,1,1,87.7068222702519,30.327267774027025,0.47128038484035295,1.270310878753662,83.7726318330624,1
2409,5.678220748901367,143.18650817871094,18377.0078125,7.145335674285889,418.2472229003906,359.77471923828125,18.7144775390625,77.44763946533203,5.429781913757324,True,0,1,1,133.72122398548527,51.07920812315213,0.34234897447355706,1.3217792510986328,101.61553166701924,1
2410,7.386581897735596,191.5855712890625,26351.904296875,8.42616081237793,313.84626140817284,505.18792724609375,18.925674438476562,72.64961242675781,3.791372537612915,True,1,1,1,159.4707763013139,52.162577178681346,0.6104440110868545,0.3865818977355957,71.75428232184277,0
2411,7.519227504730225,210.38479614257812,16897.306640625,6.568657875061035,344.7036743164062,315.52044677734375,19.856184005737305,66.62102508544922,3.2757248878479004,True,1,1,1,130.42847943794732,53.55376096749546,0.6103352276399846,0.5192275047302246,65.0433961252811,0
2412,7.446225643157959,241.57386779785156,13312.4462890625,4.5329790115356445,320.9039396915266,529.4590454101562,17.237871170043945,62.52218246459961,5.086698532104492,True,1,1,1,78.13890821736459,25.14348631744738,0.7527918394435293,0.446225643157959,87.68385397726888,0
2413,7.753936290740967,220.09828186035156,17169.583984375,7.984039306640625,344.12188720703125,385.0450134277344,16.8485107421875,47.00332260131836,4.833026885986328,True,1,1,1,134.5191720239818,44.59110841856493,0.6395939619160047,0.7539362907409668,81.42930540582165,0
2415,7.496991157531738,246.86358642578125,22631.658203125,3.440880060195923,297.1324462890625,357.49847412109375,16.141286849975586,79.70552825927734,3.837925910949707,True,1,1,1,55.54023206798365,63.30560765457555,0.8308200221082632,0.4969911575317383,61.94906303759308,0
2416,7.542300224304199,230.15054321289062,18877.494140625,4.344707012176514,278.25042724609375,447.25933837890625,17.555578231811523,53.34168243408203,4.317553520202637,True,1,1,1,76.27384384656489,42.2070429358491,0.8271345516468999,0.5423002243041992,75.79714859395062,0
2417,7.159052848815918,161.4787139892578,25591.841796875,10.189528465270996,367.5964050292969,330.5504455566406,15.44784164428711,51.188316345214844,4.291668891906738,True,1,1,1,157.4062221614622,77.42189448983176,0.4392826244780756,0.15905284881591797,66.29702143188842,0
2419,5.8446736335754395,147.1798095703125,13615.109375,8.881112098693848,394.65838623046875,533.0402221679688,14.21737289428711,91.61402893066406,4.3380560874938965,True,0,1,1,126.26608242309521,25.542367692408984,0.37292963821991165,1.1553263664245605,61.67576103223291,1
2420,7.036752223968506,201.82785034179688,35418.734375,8.25597095489502,253.5802307128906,447.2814025878906,15.604459762573242,45.49211120605469,3.384648561477661,True,1,1,1,128.82996656663272,79.18669117671071,0.7959131868382826,0.03675222396850586,52.81561228802957,0
2421,5.2584147453308105,210.9294891357422,29228.333984375,3.833901882171631,341.64068603515625,363.57080078125,18.06501579284668,36.152103424072266,3.730792760848999,True,0,1,1,69.25949804965512,80.39241281526463,0.6174015482940317,1.7415852546691895,67.39683014457523,1
2422,7.42064094543457,212.73558044433594,18463.72265625,6.72791862487793,355.97149658203125,523.6027221679688,12.086675643920898,44.9801025390625,5.423767566680908,True,1,1,1,81.31817017759386,35.26284688616286,0.5976197023901119,0.4206409454345703,65.55531934649025,0
2423,7.074251651763916,208.9203643798828,16739.267578125,7.861469268798828,350.1991619519082,518.9771728515625,8.881999015808105,78.41902160644531,4.878943920135498,True,1,1,1,69.82556230827686,32.25434262145941,0.5965758530627134,0.07425165176391602,43.334775096826434,0
2425,7.744131088256836,185.56761169433594,30586.591796875,8.040760040283203,362.4232756975993,314.42584228515625,17.132368087768555,59.87160873413086,5.207683563232422,True,1,1,0,137.75726071555255,97.27760122165176,0.5120190220264766,0.7441310882568359,89.21995168991998,1
2426,8.289857864379883,222.4839324951172,23884.130859375,5.53320837020874,354.9593200683594,514.7330932617188,11.205533027648926,57.31367874145508,4.289236545562744,True,1,1,1,62.00254914123752,46.40100107344368,0.6267871254246354,1.2898578643798828,48.063181774702116,0
2427,8.025219917297363,213.5197296142578,15457.4990234375,7.669539928436279,318.11437988281244,376.314453125,9.422744750976562,55.45955276489258,4.134942531585693,True,1,1,1,72.26811710307811,41.07601728819855,0.6712042662821792,1.0252199172973633,38.96250803508883,0
2429,6.438421726226807,202.537841796875,26448.244140625,5.775932788848877,322.4517822265625,567.20166015625,12.6419677734375,55.70106887817383,3.3803603649139404,True,0,1,1,73.01915617816849,46.62934887515988,0.6281182252125025,0.5615782737731934,42.73440679584746,1
2430,7.036752223968506,179.79620361328125,17029.53515625,7.0189900398254395,371.6755676269531,404.672119140625,11.593430519104004,46.50460433959961,4.4593939781188965,True,1,1,1,81.37417334099928,42.08230394110713,0.4837450152494172,0.03675222396850586,51.69967424263223,0
2431,8.205551147460938,204.66583251953125,17414.521484375,6.839622497558594,276.7701110839844,346.5407409667969,12.50560188293457,83.916748046875,5.129528045654297,True,1,1,1,85.5335959840304,50.25245050708508,0.7394795304249706,1.2055511474609375,64.14783558630006,0
2432,8.310373306274414,201.65167236328125,23260.47265625,9.345621109008789,333.2713623046875,292.3158264160156,12.024866104125977,63.64262008666992,3.493053913116455,True,1,1,0,112.379842495724,79.57308662300503,0.6050675052417412,1.310373306274414,42.003505599718665,1
2433,7.036752223968506,240.03628540039062,23103.654296875,8.643088340759277,339.15887451171875,487.4345397949219,15.193703651428223,88.78546905517578,3.9809203147888184,True,1,1,1,131.32052288261093,47.39847582240872,0.7077399494211284,0.03675222396850586,60.48492352285166,0
2434,7.83397102355957,240.83253479003906,25694.873046875,4.300509452819824,301.7603759765625,442.74139404296875,16.889097213745117,96.89957427978516,4.814917087554932,True,1,1,1,72.63172221730383,58.03584967333193,0.7980919735156096,0.8339710235595703,81.31960276783775,0
2435,8.142660140991211,220.63096618652344,20111.2265625,7.4468770027160645,354.8971252441406,366.802490234375,19.72128677368164,53.719364166259766,4.617093563079834,True,1,1,1,146.8619969388983,54.828489563473475,0.6216758318711972,1.142660140991211,91.05502621841697,0
2436,5.896432399749756,165.13565063476562,23022.169921875,7.536805629730225,356.7561950683593,401.7409362792969,18.36357307434082,80.12474822998047,4.280792713165283,True,0,1,1,138.40268092865426,57.306009384524366,0.46288096031588866,1.1035676002502441,78.61064980431638,1
2437,7.036752223968506,228.10946655273438,15617.458984375,6.326533794403076,326.5048828125,402.60064697265625,14.652334213256836,80.3401870727539,3.4901726245880127,True,1,0,1,92.69848756705778,38.79144025976755,0.6986402895085926,0.03675222396850586,51.139175757423345,1
2438,4.310701370239258,138.43190002441406,11842.7578125,5.607450008392334,364.45849609375,426.3695983886719,19.588327407836914,48.118629455566406,3.172375440597534,True,0,1,1,109.84056668746689,27.7758025653802,0.3798289822525529,2.689298629760742,62.141528791005385,1
2439,7.895769119262695,168.7240447998047,28723.6171875,9.341475486755371,353.9761962890625,517.4366455078125,11.992772102355957,79.86054992675781,4.391731262207031,True,1,1,1,112.03018661240185,55.511370099810506,0.47665364533542914,0.8957691192626953,52.669032162441,0
2440,6.862995147705078,184.48065185546875,11579.11328125,6.14949369430542,364.1101989746093,556.956298828125,9.246907234191895,34.249778747558594,5.343285083770752,True,1,0,1,56.863797728490226,20.78998529116787,0.5066615872566417,0.13700485229492188,49.40886149546941,1
2441,6.3047685623168945,213.6561737060547,30168.607421875,5.210780620574951,322.5318773416142,339.1165771484375,14.947675704956055,43.57638931274414,5.1099348068237305,True,0,1,1,77.88905888602403,88.96234913254418,0.6624342834098332,0.6952314376831055,76.38164836586839,1
2442,6.578680515289307,203.4088134765625,22374.82421875,6.248929500579834,399.6172180175781,547.7021484375,12.097919464111328,71.33848571777344,4.292042255401611,True,1,1,1,75.59904583492425,40.85217529587815,0.5090091312296907,0.42131948471069336,51.92478154241144,0
2443,8.967244148254395,266.4787292480469,34446.78125,4.909573078155518,325.19473454324793,343.26556396484375,14.263396263122559,64.95967102050781,3.742255926132202,True,0,1,1,70.02718629649053,100.35023831629583,0.8194435521930755,1.9672441482543945,53.3772791924423,1
2444,7.036752223968506,166.40496826171875,14202.193359375,9.006795883178711,370.53851318359375,493.44024658203125,12.453160285949707,59.804168701171875,2.8483707904815674,True,1,1,1,112.16307279605644,28.781992204667045,0.44908953291497444,0.03675222396850586,35.47121800768423,0
2445,7.423088073730469,210.04620361328125,31073.03125,6.374709129333496,312.1031494140625,460.89422607421875,16.80599021911621,41.607906341552734,3.712682008743286,True,1,1,1,107.13329927728955,67.41900727907414,0.6730025100182941,0.42308807373046875,62.39529752562839,0
2448,6.486152648925781,224.8094482421875,26807.119140625,3.26798415184021,319.0743713378906,382.8798522949219,10.665030479431152,63.727691650390625,3.2467942237854004,True,0,1,1,34.8531505856738,70.01444163210178,0.7045675482959839,0.5138473510742188,34.627159357112305,1
2450,7.792783737182617,187.9124755859375,21093.931640625,10.585501670837402,390.4090576171875,463.0193786621094,11.462824821472168,80.92140197753906,4.0473809242248535,True,1,1,1,121.33975130021008,45.55734072301336,0.4813220170953912,0.7927837371826172,46.394418520157615,0
2451,7.205218315124512,188.91131591796875,31315.615234375,8.323040962219238,344.17575869722316,398.9188537597656,15.674209594726562,69.55110168457031,3.4653310775756836,True,1,1,1,130.45708850731899,78.50121612635655,0.5488803629987103,0.20521831512451172,54.31632562504092,0
2452,6.569053649902344,208.73146057128906,29123.708984375,6.765117645263672,327.6975402832031,308.0860595703125,12.360292434692383,65.75017547607422,4.2046990394592285,True,1,0,1,83.61883245055651,94.53108306965508,0.636963767729032,0.43094635009765625,51.97130972758623,1
2453,7.036752223968506,182.2578125,17540.7421875,8.422475814819336,341.0323418170201,305.8275451660156,11.805005073547363,61.69611358642578,4.1647725105285645,True,1,1,0,99.42736972577222,57.355010715673636,0.53442969952498,0.03675222396850586,49.16516061696029,1
2454,4.291687965393066,124.0073471069336,18038.474609375,8.603296279907227,341.43273798393875,548.574462890625,15.682821273803711,91.8609619140625,4.616088390350342,True,0,0,0,134.92395792336538,32.88245406365018,0.36319700177541264,2.7083120346069336,72.39328920994467,3
2455,7.036752223968506,176.41363525390625,12674.6728515625,8.988476753234863,354.76812744140625,344.4204406738281,12.682868957519531,83.5673599243164,4.403876781463623,True,1,1,1,113.99967278898839,36.80000173615022,0.49726461063156874,0.03675222396850586,55.85379212436601,0
2456,4.921093940734863,162.30059814453125,14126.5908203125,6.4068145751953125,357.81591796875,337.7730407714844,21.237899780273438,65.70448303222656,3.285186767578125,True,0,1,1,136.06728585879318,41.822730275406784,0.4535868572094073,2.0789060592651367,69.77046732930467,1
2457,6.727185249328613,197.439208984375,26012.48828125,6.952008247375488,346.62872314453125,473.330078125,18.437835693359375,69.4662857055664,4.158248424530029,True,1,1,1,128.17998580398853,54.95633898723867,0.5695985220833869,0.2728147506713867,76.66910122365516,0
2458,5.757089138031006,148.98915100097656,32415.734375,9.178560256958008,319.2229309082031,407.74169921875,12.120955467224121,42.21884536743164,3.7301855087280273,True,0,1,1,111.2529201278212,79.50066024056218,0.46672446152402486,1.2429108619689941,45.21341243577717,1
2459,5.8423590660095215,217.32479858398438,29644.814453125,4.179108142852783,328.50390625,310.77117919921875,14.335394859313965,62.65495681762695,3.865295886993408,True,0,0,1,59.90916538756892,95.3911312951262,0.6615592502484136,1.1576409339904785,55.410542788132716,2
2460,8.848102569580078,248.56773376464844,19793.97265625,9.681154251098633,323.3517456054688,411.1474304199219,18.13780403137207,68.7530746459961,3.0747992992401123,False,0,1,1,175.59487860391164,48.14324775881573,0.7687224094939973,1.8481025695800781,55.770107125417326,1
2461,5.866250514984131,146.8656768798828,19679.0625,4.868480205535889,320.0123596191406,414.427001953125,15.522772789001465,84.4036865234375,4.281313419342041,False,0,1,1,75.57231205828475,47.48499098700347,0.4589375129002391,1.1337494850158691,66.45785544694945,1
2462,6.020995140075684,178.5002899169922,13095.1494140625,7.944802284240723,310.6745788395831,437.2989807128906,13.770783424377441,59.872432708740234,4.806016445159912,False,0,1,1,109.40615160577818,29.945529172670568,0.5745571137785423,0.9790048599243164,66.18261160029351,1
2463,7.5299296379089355,171.81419372558594,27062.06640625,5.029568672180176,378.2417907714844,325.0997619628906,13.786737442016602,97.24134826660156,4.58532190322876,False,1,1,1,69.34134272994015,83.24234431797808,0.4542443417500197,0.5299296379089355,63.21662916694277,0
2464,6.649705410003662,190.53195190429688,16191.42578125,5.2549591064453125,352.91176301965965,564.2031860351562,18.443031311035156,42.815364837646484,3.0851786136627197,False,1,1,1,96.91737533838023,28.697863027564022,0.5398855219053648,0.3502945899963379,56.900045771917576,0
2465,5.0977864265441895,182.8190155029297,23590.314453125,9.12879753112793,326.3348693847656,445.5626525878906,15.137781143188477,68.60810089111328,4.8293232917785645,False,0,1,1,138.1897391266939,52.94499945891814,0.5602190635875861,1.9022135734558105,73.10523906064645,1
2466,6.483994483947754,180.44505310058594,29032.78125,7.3017354011535645,326.3001098632813,374.6757507324219,17.88587760925293,75.93971252441406,2.688643217086792,False,0,1,1,130.597945720182,77.48775071714283,0.55300334597861,0.5160055160522461,48.08874351576242,1
2467,7.036752223968506,253.149658203125,12037.7705078125,4.384357929229736,325.4132385253906,422.3892822265625,13.168299674987793,40.05215072631836,3.3999454975128174,False,1,1,1,57.73453909450609,28.499232783222965,0.7779328787370152,0.03675222396850586,44.77150118987424,0
2468,5.669699192047119,199.6626434326172,9544.8623046875,8.808246612548828,343.48553466796875,378.1203918457031,21.780372619628906,80.48827362060547,1.9101166725158691,False,0,1,1,191.84689334689756,25.24291861873317,0.5812839921900573,1.3303008079528809,41.60305287436131,1
2469,8.127710342407227,203.0703125,13227.052734375,6.3109025955200195,362.27569580078125,409.7422180175781,18.27727699279785,78.92958068847656,4.244173049926758,False,1,1,1,115.3461148128863,32.281400647677835,0.5605408099226437,1.1277103424072266,77.57192643887902,0
2471,7.57575798034668,203.88436889648438,20855.271484375,8.109312057495117,334.02743530273443,532.3111572265625,14.236013412475586,74.63870239257812,3.1764326095581055,False,1,1,0,115.44427521645048,39.17872312475286,0.6103821025998017,0.5757579803466797,45.219737233494016,1
2472,8.246369361877441,207.1721649169922,31080.431640625,6.096360206604004,332.7661437988281,369.0292053222656,17.533954620361328,55.030174255371094,4.43325662612915,False,1,1,1,106.89330321197122,84.22214585769967,0.6225758484001939,1.2463693618774414,77.73252050296469,0
2474,4.9640703201293945,168.2833709716797,17694.57421875,9.725321769714355,333.6395263671875,353.0699462890625,17.293731689453125,67.25251770019531,4.761700630187988,False,0,1,1,168.1871052790375,50.116341973063044,0.504386792235427,2.0359296798706055,82.34757308397093,1
2475,4.991396903991699,141.6223907470703,44499.73046875,8.2609281539917,335.5098266601562,534.71142578125,15.350872993469238,62.89655685424805,3.9265987873077393,False,0,1,1,126.81245890010086,83.22195532012597,0.42211100561418463,2.008603096008301,60.276719280271436,1
2476,5.045625686645508,179.70249938964844,22557.603515625,10.120333671569824,296.4251403808594,450.2956848144531,14.21581745147705,82.06632995605469,3.331786632537842,False,0,1,1,143.86881602307312,50.09509135053092,0.6062323140086123,1.9543743133544922,47.36407055542941,1
2477,7.036752223968506,206.26341247558594,18221.0859375,6.23713493347168,352.15924072265625,547.3253173828125,11.759852409362793,62.348388671875,3.4695611000061035,False,1,1,1,73.34778627490778,33.29114390567208,0.5857106332538878,0.03675222396850586,40.8015264613382,0
2479,5.775331020355225,169.72816467285156,14710.72265625,7.261810779571533,359.26696777343744,535.652587890625,11.772464752197266,67.29719543457031,5.164259910583496,False,0,1,1,85.48941143963202,27.463178487976627,0.47242908317543186,1.2246689796447754,60.79606776852961,1
2480,9.012100219726562,268.6792907714844,13064.4501953125,7.625640869140625,358.3367614746094,549.8271484375,12.015868186950684,63.698402404785156,4.962329387664795,False,0,1,1,91.6286955246178,23.76101327240401,0.7497954966050188,2.0121002197265625,59.626695822411875,1
2481,4.031610488891602,145.48324584960938,15105.373046875,8.180813789367676,333.71087646484375,342.97900390625,13.806405067443848,85.6790542602539,4.037939071655273,False,0,1,1,112.94762895734038,44.04168427453426,0.4359559597062758,2.9683895111083984,55.74942246093087,1
2482,7.882123947143555,235.46640014648438,5477.34716796875,6.476057052612305,333.31184810088956,443.8947448730469,12.178520202636719,34.19440460205078,5.364171981811523,False,1,1,1,78.86879164866696,12.339292633878712,0.7064447327079917,0.8821239471435547,65.32767685090948,0
2483,8.759489059448242,219.92138671875,33364.91796875,5.687072277069092,324.0385131835938,443.5480041503906,17.763341903686523,79.74787139892578,2.889578104019165,False,0,1,1,101.02140928855533,75.22278892323548,0.6786890356932908,1.7594890594482422,51.32856381909869,1
2484,6.65364933013916,172.5845184326172,34816.4453125,8.289306640625,293.6110534667969,389.4711608886719,15.872474670410156,67.97686767578125,4.871406078338623,False,1,1,1,131.57180968858302,89.39415473963149,0.5877997977495564,0.34635066986083984,77.32126958771187,0
2485,7.036752223968506,179.9623565673828,22060.1875,8.296497344970703,380.6516078096143,386.4176330566406,10.08011531829834,69.90483856201172,4.963535308837891,False,1,1,1,83.62964997526069,57.088977199126596,0.472774454126614,0.03675222396850586,50.0330082995315,0
2486,4.47388219833374,120.1019058227539,30013.701171875,6.369370937347412,358.0975615051996,433.744384765625,8.510882377624512,100.23229217529297,4.8936567306518555,False,0,1,1,54.20896686722381,69.19674849253954,0.3353887833877954,2.5261178016662598,41.64933683104846,1
2487,9.349470138549805,252.14849853515625,13137.4912109375,6.173823356628418,320.323974609375,349.8160705566406,13.10989761352539,58.801292419433594,3.7780227661132812,False,0,1,1,80.93819208939021,37.555424919378915,0.7871671112206831,2.3494701385498047,49.5294916453131,1
2488,6.862936019897461,220.14788818359375,23580.658203125,6.61154317855835,285.1921691894531,325.72174072265625,13.472757339477539,89.41293334960938,3.806093215942383,False,1,1,1,89.07571688419466,72.39510042655773,0.7719282336445266,0.13706398010253906,51.27857030982341,0
2489,8.261405944824219,208.18807983398438,24870.826171875,4.925015449523926,268.8513065696643,441.0525817871094,19.09566307067871,50.663150787353516,2.8004281520843506,False,1,1,1,94.04643564199614,56.389707582508,0.7743614182722136,1.2614059448242188,53.47603244584616,0
2491,7.4965105056762695,207.1373291015625,39423.66796875,8.494115829467773,325.40399169921875,569.5692138671875,14.313986778259277,66.62102508544922,3.3634033203125,False,1,1,1,121.58466167600454,69.21664117317653,0.63655435627376,0.49651050567626953,48.14371065690648,0
2492,10.164173126220703,243.60650634765625,16522.71484375,3.992171287536621,310.8450622558594,487.69805908203125,17.223237991333008,83.87149810791016,3.5309410095214844,False,0,1,0,68.75811618740954,33.8789841423008,0.783691089689726,3.164173126220703,60.81423734034615,2
2493,7.036752223968506,167.4661865234375,11532.2236328125,7.709710597991943,361.0093078613281,625.3468017578125,14.151537895202637,74.83119201660156,4.086175441741943,False,1,1,1,109.10426168852837,18.441325008706823,0.4638832916847722,0.03675222396850586,57.825666610257485,0
2494,6.039823055267334,164.02633666992188,9943.6376953125,7.723304748535156,350.7562561035156,374.7947082519531,16.668445587158203,65.54266357421875,3.9237661361694336,False,0,1,1,128.73548495399882,26.530891311563202,0.4676362384078988,0.960176944732666,65.40308233747419,1
2495,7.036752223968506,183.4888458251953,12675.9384765625,9.777807235717773,319.87057495117193,482.4450378417969,13.309722900390625,46.85340881347656,3.2404191493988037,False,1,1,1,130.139904880838,26.27436797151766,0.5736346498253868,0.03675222396850586,43.12908095961757,0
2496,6.0579047203063965,149.12278747558594,23603.501953125,6.5370283126831055,302.6986389160156,393.2934875488281,17.6152286529541,54.21793746948242,4.269753456115723,False,0,1,1,115.15124843874764,60.014982806394926,0.49264439218147915,0.9420952796936035,75.21268342121948,1
2498,7.036752223968506,193.46241760253906,18519.162109375,8.021803855895996,358.20734687387034,374.3179016113281,13.74936294555664,43.74470520019531,2.676593542098999,False,1,1,1,110.29469269277979,49.47442262360696,0.5400850059353327,0.03675222396850586,36.801456068052175,0
2499,7.0383477210998535,199.5979461669922,23951.10546875,8.229992866516113,320.48376464843756,419.6622009277344,11.964072227478027,63.92555236816406,4.575578212738037,False,1,1,1,98.46422908662771,57.0723438011088,0.6228020497797883,0.038347721099853516,54.7425482196727,0
2500,7.036752223968506,202.56947326660156,22256.951171875,6.9135003089904785,304.9515075683594,434.19842529296875,13.696892738342285,64.2056655883789,4.478070259094238,False,1,1,1,94.69347217873883,51.25986144606029,0.664267818242954,0.03675222396850586,61.33564801357443,0
2501,8.237092018127441,212.8185577392578,24414.97265625,5.413978099822998,321.791751826938,445.555908203125,12.409910202026367,48.5609130859375,3.6860744953155518,False,1,1,1,67.18698205454075,54.79665324137679,0.6613549162452066,1.2370920181274414,45.74385348484566,0
2502,6.5740838050842285,186.9442138671875,22723.810546875,6.212264537811279,330.7897033691407,385.0189514160156,12.062533378601074,72.59527587890625,4.977323532104492,False,1,1,1,74.93564834404833,59.019979157602,0.5651452007060335,0.4259161949157715,60.03913124210703,0
2503,7.338107585906982,188.8541717529297,30042.927734375,7.467623710632324,309.61456298828125,465.4998779296875,11.054092407226562,47.183650970458984,3.736379623413086,False,1,1,1,82.54780255972582,64.5390666984747,0.6099654012402262,0.3381075859069824,41.302285625686636,0
2504,4.851103782653809,146.6272430419922,20227.64453125,6.340534210205078,368.94122314453125,346.52032470703125,15.26672649383545,56.989925384521484,3.644106864929199,False,0,1,1,96.79920161200789,58.373616295026935,0.3974271061250438,2.1488962173461914,55.633582821182245,1
2505,6.917920112609863,223.3329620361328,17862.142578125,7.995890140533447,299.40277099609375,428.9480285644531,12.230907440185547,68.83683013916016,2.6914851665496826,False,1,1,1,97.7969922107568,41.64174060028188,0.7459281707620482,0.08207988739013672,32.91930594870155,0
2506,6.709336280822754,226.42758178710938,8238.2900390625,7.692412853240967,289.92138671875,284.7744445800781,11.868480682373047,51.875205993652344,4.074387073516846,False,1,1,1,91.29725334952855,28.929175938807703,0.780996474833256,0.2906637191772461,48.356784274545134,0
2507,6.8940510749816895,170.57130432128906,17475.466796875,5.194783687591553,363.3087463378906,641.5860595703125,17.18317985534668,40.91657257080078,4.568843364715576,False,1,1,1,89.26290241350671,27.237915333355087,0.469494075138938,0.10594892501831055,78.50725726681503,0
2509,7.036752223968506,210.20492553710938,26894.14453125,4.3127617835998535,329.14642333984375,344.51513671875,15.109190940856934,66.62102508544922,4.903914451599121,False,1,1,1,65.1623412708409,78.06375275505435,0.638636515522565,0.03675222396850586,74.09417980683884,0
2510,8.03969669342041,233.85621643066406,8201.3623046875,8.293018341064453,335.67208726505504,461.20977783203125,12.877960205078125,68.75086975097656,3.8260631561279297,False,1,0,1,106.79716017621104,17.78228190533308,0.696680554047155,1.0396966934204102,49.27188906673109,1
2513,9.831401824951172,263.6327209472656,13345.369140625,6.566928386688232,295.77423095703125,462.4397277832031,12.002323150634766,76.02136993408203,3.3118081092834473,False,0,1,1,78.81839660410878,28.858612939117645,0.8913309290092756,2.831401824951172,39.74939114051267,1
2514,6.52847957611084,176.93968200683594,18533.337890625,6.083267688751221,336.29641723632807,491.4779357910156,13.53126335144043,96.94410705566406,4.063276290893555,False,1,1,1,82.31429713380112,37.7093995544009,0.5261420354542515,0.47152042388916016,54.98126156174476,0
2515,4.091411590576172,146.78993225097656,24252.458984375,7.25498104095459,282.6935119628906,482.2944030761719,10.611555099487305,70.06944274902344,5.952324867248535,False,0,0,0,76.98663106182539,50.28559066703302,0.5192546893364539,2.908588409423828,63.16342329885629,3
2516,7.036752223968506,197.71218872070312,12962.3896484375,6.476583957672119,362.7219543457031,503.8429870605469,18.892393112182617,80.34635162353516,3.5008487701416016,False,1,1,1,122.35817015239718,25.727041867415664,0.5450791875343403,0.03675222396850586,66.13941119181618,0
2517,7.036752223968506,232.86439514160156,32600.4296875,6.702671527862549,343.59869384765625,447.3946838378906,13.900089263916016,52.892086029052734,3.165390968322754,False,1,1,1,93.16773254399777,72.86727087361905,0.6777220013738652,0.03675222396850586,43.99921701487983,0
2518,7.036752223968506,192.61766052246094,36520.66015625,7.458970069885254,303.33614745279823,474.14788818359375,16.986366271972656,82.44020080566406,4.323989391326904,False,1,1,1,126.7007976187524,77.02377462679986,0.6349973832823091,0.03675222396850586,73.4488675572029,0
2519,6.175165176391602,193.28260803222656,32875.19140625,10.896662712097168,337.5062255859375,414.9020080566406,12.997822761535645,69.86737823486328,3.341369390487671,False,0,1,1,141.6328906240733,79.23603812138211,0.5726786435538901,0.8248348236083984,43.43052711837913,1
2520,8.736125946044922,257.2313232421875,12726.298828125,10.326557159423828,356.4154357910157,506.3759460449219,11.337488174438477,69.42571258544922,3.368532657623291,False,0,1,1,117.07721967763064,25.132115580118615,0.7217176830447307,1.7361259460449219,38.190699171013875,1
2521,8.240945816040039,245.0908203125,18001.458984375,9.367419242858887,350.6149597167969,344.056884765625,13.904709815979004,66.62102508544922,4.666295528411865,False,1,1,1,130.25124629657057,52.321170507361316,0.6990312672666237,1.240945816040039,64.8834852381674,0
2522,9.152284622192383,229.5404052734375,24560.701171875,7.0423264503479,372.6944580078125,395.40435791015625,14.253307342529297,40.9743537902832,3.7927770614624023,False,0,1,1,100.37644330323201,62.11540317757519,0.615894333080562,2.152284622192383,54.05961713871875,1
2523,7.036752223968506,208.83770751953125,11609.9970703125,6.445280075073242,334.43326489079413,407.01739501953125,7.070771217346191,76.3835220336914,3.8134355545043945,False,1,1,1,45.57310084256278,28.52457212849787,0.6244525554695421,0.03675222396850586,26.963930357994286,0
2524,6.3175764083862305,143.29995727539062,22577.818359375,5.690078258514404,338.89718627929693,573.8147583007812,15.31551456451416,48.9738883972168,3.3990478515625,False,0,1,1,87.14647644150273,39.3468763105485,0.42284197878955,0.6824235916137695,52.058166876086034,1
2525,5.692124366760254,165.90628051757812,22396.208984375,6.68269157409668,309.1216125488281,530.072509765625,11.472015380859375,66.62102508544922,4.6823906898498535,False,0,0,1,76.66394052357646,42.251217577811026,0.5367022985320047,1.307875633239746,53.71645801315026,2
2526,7.036752223968506,201.83372497558594,29508.4921875,3.92962384223938,325.0612487792969,428.6614074707031,8.819491386413574,76.3737564086914,4.115320682525635,False,1,1,1,34.657283628475625,68.83869554008793,0.6209098288787811,0.03675222396850586,36.29503531186447,0
2527,7.036752223968506,139.95535278320312,31421.14453125,6.627705097198486,346.441162109375,378.7710876464844,17.544485092163086,54.79876708984375,4.536181449890137,False,1,1,1,116.27967327305214,82.9554986457165,0.4039801492613561,0.03675222396850586,79.58496782294424,0
2528,7.191493511199951,175.46078491210938,34933.78515625,5.42753267288208,332.19604492187494,411.3020935058594,11.665994644165039,60.28193283081055,4.32068395614624,False,1,1,1,63.317567092873105,84.9346152691482,0.5281844473048719,0.19149351119995117,50.40507589153185,0
2529,7.38110876083374,188.3143768310547,12320.5126953125,5.493514060974121,343.23962402343756,475.3018798828125,17.82683753967285,38.337345123291016,4.342737674713135,False,1,1,1,97.93198268689412,25.921447380828205,0.5486382197807026,0.38110876083374023,77.4172790045277,0
2530,6.1725172996521,187.78701782226562,10498.634765625,7.722560882568359,322.5210266113281,467.0904235839844,21.233978271484375,68.16364288330078,4.1299848556518555,False,0,1,0,163.98068998067174,22.476664502329808,0.5822473629489014,0.8274827003479004,87.69600868647103,2
2531,9.07631778717041,215.9127197265625,14153.6435546875,5.020026683807373,333.49920654296875,311.7970275878906,10.776321411132812,69.11459350585938,3.436985731124878,False,0,1,1,54.09742103717144,45.39377305418359,0.6474159903325822,2.07631778717041,37.038062924078986,1
2532,8.854119300842285,222.96519470214844,19258.802734375,5.696063995361328,395.7285461425781,467.08843994140625,10.454029083251953,73.77900695800781,3.461350440979004,False,0,1,1,59.54681866757164,41.231597800963165,0.5634296446695711,1.8541193008422852,36.18505817732148,1
2533,6.768060207366943,179.80599975585938,23793.03125,5.332098960876465,333.1981811523438,461.53045654296875,13.557381629943848,60.57123947143555,4.145806789398193,False,1,1,1,72.28930050122926,51.552461730621225,0.5396367969188051,0.23193979263305664,56.20628480788355,0
2534,7.036752223968506,207.05911254882812,30573.06640625,4.438196659088135,341.88568115234375,393.51324462890625,15.56463623046875,81.42151641845703,3.1096956729888916,False,1,1,1,69.07891651798855,77.69259801506463,0.6056384439537976,0.03675222396850586,48.401281937534804,0
2536,9.564852714538574,251.80667114257812,17156.3359375,6.253179550170898,346.70520019531256,410.3224182128906,18.627124786376953,82.95587158203125,3.182805299758911,False,0,1,1,116.47875579265383,41.81184145485029,0.726284665688432,2.564852714538574,59.28651148935114,1
2537,5.4997878074646,150.0760955810547,43195.47265625,6.570596218109131,322.5165710449219,287.28607177734375,11.230408668518066,71.82128143310547,3.6682205200195312,False,0,1,0,73.7904807251848,150.3570021291214,0.46532832291219833,1.5002121925354004,41.19561552606319,2
2538,5.195920467376709,175.1571502685547,33473.11328125,8.407449722290039,319.2536315917969,484.2798767089844,16.812767028808594,94.3569564819336,5.375901699066162,False,0,1,1,141.35249348728394,69.1193560211577,0.5486457549333936,1.804079532623291,90.38378283617567,1
2539,7.283913612365723,197.6021270751953,23112.50390625,9.502809524536133,332.3319702148437,449.3616943359375,14.458590507507324,70.0002212524414,3.5718624591827393,False,1,1,1,137.39723158610832,51.434076705116944,0.5945925887083877,0.28391361236572266,51.64409664646132,0
2540,5.872439861297607,185.4039764404297,14343.4228515625,9.690213203430176,333.5645751953125,409.113525390625,14.741239547729492,64.18372344970703,3.7410671710968018,False,0,1,1,142.8457541003354,35.05976196413335,0.5558263367027014,1.1275601387023926,55.14796733328467,1
2541,5.735723495483398,158.31874084472656,25363.015625,7.728601455688477,377.5433044433594,568.3046875,13.62662410736084,75.95233917236328,4.7329535484313965,False,0,0,1,105.31474691226867,44.62925634476795,0.4193392878700592,1.2642765045166016,64.4941789220743,2
2542,6.158423900604248,176.0314483642578,26369.02734375,9.771211624145508,347.89373779296875,453.70599365234375,13.25468921661377,61.057777404785156,5.080497741699219,False,0,1,1,129.51437334781258,58.11919537002261,0.5059919990943383,0.841576099395752,67.34041863193124,1
2543,7.2943644523620605,191.77362060546875,41569.953125,5.311111927032471,321.320556640625,342.5013732910156,13.792534828186035,54.463523864746094,3.3365824222564697,False,1,1,1,73.2536962299896,121.37163890524701,0.5968296022315335,0.29436445236206055,46.01992926608568,0
2544,7.054266929626465,212.4291229248047,7450.07421875,8.727109909057617,337.83787079393784,396.05279541015625,11.383953094482422,75.2193374633789,4.78061580657959,False,1,1,1,99.34900985510467,18.81081079663588,0.6287901406576897,0.054266929626464844,54.4223061048433,0
2545,7.036752223968506,199.9422149658203,25973.326171875,6.490993976593018,336.0407409667969,344.9703674316406,12.640414237976074,46.854522705078125,3.1517677307128906,False,1,1,1,82.04885268034332,75.29147007599256,0.5949939694680711,0.03675222396850586,39.839649698096764,0
2547,5.665266513824463,162.89007568359375,31883.009765625,8.312483787536621,350.6817321777344,550.8175659179688,15.632267951965332,72.45738220214844,4.571823596954346,False,0,1,1,129.94297391314012,57.88306633723107,0.4644954677494905,1.334733486175537,71.46797149670829,1
2548,8.310938835144043,245.7196044921875,7929.5048828125,8.832389831542969,373.4635314941406,348.6185302734375,14.105871200561523,84.74057006835938,4.408559799194336,False,1,0,1,124.58855335689441,22.745505965639634,0.6579480541277284,1.310938835144043,62.186576707408676,1
2549,7.09609842300415,206.82781982421875,24548.59765625,5.3798604011535645,322.3160010817467,365.40081787109375,12.495189666748047,79.29542541503906,4.569759845733643,False,1,1,1,67.22237609304102,67.18265638290828,0.6416926819902738,0.09609842300415039,57.10001600393116,0
2550,7.957113742828369,199.1074981689453,20425.765625,8.171995162963867,380.07818603515625,333.1565246582031,14.537850379943848,62.24635696411133,3.7298734188079834,False,1,1,1,118.80324298479354,61.309817013626514,0.5238593135852029,0.9571137428283691,54.2243416987601,0
2551,7.400238513946533,218.82481384277344,8136.07177734375,6.286357879638672,310.76116943359375,518.7327880859375,15.186342239379883,50.837013244628906,4.880119800567627,False,1,0,1,95.46678219941532,15.68451416321759,0.7041575160032225,0.4002385139465332,74.11116946059428,1
2552,9.734620094299316,244.9286651611328,18976.232421875,4.745970249176025,330.63580322265625,383.9475402832031,14.897001266479492,66.62102508544922,3.506503105163574,False,0,1,1,70.70072481264924,49.42402380922648,0.740780829036269,2.7346200942993164,52.23638119853604,1
2553,8.037760734558105,199.21397399902344,40368.421875,7.307411193847656,346.64822269587006,293.8334655761719,14.254682540893555,68.76342010498047,3.572519063949585,False,1,1,1,104.16482676407031,137.38537800130095,0.5746862680415831,1.0377607345581055,50.92512512789153,0
2555,5.6818108558654785,151.0859375,26373.49609375,5.6515889167785645,345.7150836130098,468.47259521484375,8.623794555664062,102.24644470214844,5.375156402587891,False,0,1,1,48.73814173136634,56.296774468436546,0.43702442914553224,1.3181891441345215,46.35424452048028,1
2556,8.394509315490723,224.34715270996094,23961.50390625,4.724372863769531,337.4063415527344,476.5794677734375,17.21367645263672,64.97595977783203,3.712472915649414,False,1,1,0,81.32382591854548,50.278086817124574,0.6649168211024278,1.3945093154907227,63.9053076091659,1
2557,8.528291702270508,227.6862030029297,27352.34375,7.676322937011719,349.9957580566406,388.13775634765625,12.611736297607422,80.18607330322266,4.596923351287842,False,0,1,1,96.8117606168671,70.47071106122876,0.6505398911593174,1.5282917022705078,57.97518508675603,1
2558,6.238053798675537,178.2980499267578,21919.59375,7.085377216339111,335.8583679199219,287.57293701171875,17.459888458251953,46.953269958496094,3.848306894302368,False,0,1,1,123.7098958819206,76.22272770710701,0.5308727321583256,0.7619462013244629,67.19100912764134,1
2559,5.870615482330322,186.17837524414062,18909.845703125,8.494235038757324,328.747314453125,427.1825256347656,13.300024032592773,52.162418365478516,3.728785276412964,False,0,1,1,112.97353015396402,44.26643068032748,0.566326678554086,1.1293845176696777,49.59293378867051,1
2560,6.4337263107299805,176.85711669921875,26755.71875,6.533468723297119,316.54147338867193,505.12200927734375,21.31960678100586,60.1263427734375,3.1179182529449463,False,0,1,1,139.29098409669496,52.9688237804356,0.5587170434483448,0.5662736892700195,66.47279112810702,1
2561,6.069364070892334,200.916259765625,9323.21875,9.38752269744873,325.46697998046875,450.44134521484375,12.423379898071289,73.91402435302734,4.914809226989746,False,0,1,1,116.62476077217252,20.697963959891844,0.6173168754641871,0.930635929107666,61.0585421534397,1
2563,7.5061116218566895,188.22181701660156,31920.583984375,5.714311599731445,334.2433166503906,436.3970031738281,15.220966339111328,43.36049270629883,4.744006633758545,False,1,1,0,86.97734451070573,73.14574499613249,0.5631281377283254,0.5061116218566895,72.20836528495965,1
2564,5.895145416259766,192.04136657714844,14704.90625,7.905768871307373,305.8077392578125,429.7662353515625,15.01813793182373,44.887596130371094,5.075214385986328,False,0,1,1,118.72992736641254,34.21605748938108,0.6279807254559585,1.1048545837402344,76.22026968231876,1
2565,6.449236869812012,218.90728759765625,12812.556640625,10.908686637878418,331.1121629046338,421.2968444824219,8.010420799255371,79.08553314208984,4.065147876739502,False,0,1,1,87.38317033662042,30.412182711583082,0.6611272899678353,0.5507631301879883,32.563545103882916,1
2567,7.1226372718811035,183.40264892578125,31295.90234375,4.4250264167785645,316.6426406955303,411.6160583496094,14.066057205200195,77.185791015625,3.7504470348358154,False,1,1,1,62.24267471292933,76.03178163942475,0.5792102034764263,0.12263727188110352,52.75400253707403,0
2568,8.558663368225098,214.10733032226562,38767.7578125,6.608099937438965,310.01495361328125,382.6222839355469,15.896958351135254,57.19682693481445,2.5906355381011963,False,0,1,1,105.0486894856067,101.32122288441843,0.6906354907599451,1.5586633682250977,41.183225252165585,1
2569,4.624304294586182,121.03631591796875,22981.75,8.297074317932129,372.037353515625,260.566162109375,13.054030418395996,66.553466796875,3.4242501258850098,False,0,1,1,108.31026052997822,88.19928775768633,0.3253337721303612,2.3756957054138184,44.700265303499236,1
2570,7.036752223968506,143.09910583496094,19290.568359375,6.084324836730957,370.8695373535156,486.0592956542969,13.924731254577637,63.802303314208984,4.117288112640381,False,1,1,0,84.72258821703053,39.68768521075147,0.38584755833615486,0.03675222396850586,57.33213046618448,1
2571,6.0913825035095215,192.1210479736328,17279.962890625,8.927042961120605,325.0511199520897,413.2483215332031,12.739818572998047,85.02703094482422,5.075519561767578,False,0,1,1,113.72890771803577,41.814961969353455,0.5910487169245915,0.9086174964904785,64.6611983806215,1
2572,9.658661842346191,240.34881591796875,20269.73046875,7.050728797912598,374.1816711425781,567.7843017578125,15.58720588684082,55.83596420288086,4.6393866539001465,False,0,1,1,109.90116142534134,35.69970210570619,0.6423318772983255,2.6586618423461914,72.3150749630031,1
2573,8.11562442779541,200.09901428222656,15513.0126953125,6.0461106300354,332.56381116103654,421.0603332519531,8.320276260375977,53.77559280395508,4.408812046051025,False,1,1,1,50.30531074269038,36.842731156029195,0.6016860733642695,1.1156244277954102,36.68253420321798,0
2575,6.914868354797363,206.24993896484375,10343.37890625,7.771205902099609,324.3831787109375,521.3206787109375,16.173730850219727,68.2469482421875,2.9886114597320557,False,1,1,1,125.68939264219807,19.840722435920267,0.6358219287098549,0.08513164520263672,48.33699736558856,0
2576,7.337924480438232,188.79930114746094,24266.517578125,6.844850063323975,326.2546997070312,500.386474609375,13.373369216918945,65.9090576171875,3.935513734817505,False,1,1,1,91.53870713128254,48.4955504614169,0.5786868380388429,0.3379244804382324,52.63107823397013,0
2577,7.766114234924316,212.3176727294922,24145.38671875,7.925886631011963,364.0814208984375,464.10858154296875,15.465256690979004,70.10584259033203,4.39990234375,False,1,1,1,122.5758712521988,52.02529672356261,0.5831598646874088,0.7661142349243164,68.04561916133389,0
2578,8.433975219726562,240.0779266357422,10823.30078125,8.41895866394043,317.3013610839844,426.1752624511719,8.077156066894531,49.27011489868164,3.167712450027466,False,1,1,1,68.00124304938072,25.396360862436723,0.7566243178376195,1.4339752197265625,25.586107833916685,0
2579,6.891549110412598,184.0746307373047,13376.6806640625,6.866434574127197,333.8024597167969,508.68115234375,16.586204528808594,81.71285247802734,4.95893669128418,False,1,1,0,113.88808823015643,26.296788422634915,0.5514477944291621,0.10845088958740234,82.24993820705276,1
2580,5.946160793304443,190.55157470703125,12767.65625,8.93974781036377,323.74282836914057,499.9375,12.415430068969727,54.0955810546875,4.903632164001465,False,0,1,1,110.99081377379662,25.538504762018242,0.5885893290002697,1.0538392066955566,60.880702216110876,1
2581,6.363836288452148,207.4224395751953,9844.7021484375,9.765920639038086,320.6307373046875,466.592529296875,19.156261444091797,58.26530456542969,4.038983345031738,False,0,1,1,187.0785290036656,21.099142204813464,0.6469200073328181,0.6361637115478516,77.3718209257604,1
2582,5.331799507141113,149.95504760742188,19693.90625,7.146139621734619,336.01190185546875,285.998046875,14.298579216003418,46.11376190185547,4.7348737716674805,False,0,1,1,102.17964346999315,68.86028207649703,0.44627897503953345,1.6682004928588867,67.70196770196435,1
2583,7.036752223968506,232.60015869140625,10634.05859375,7.558162212371826,334.0499572753906,542.21142578125,14.013541221618652,85.21509552001953,4.799013137817383,False,1,1,1,105.91661772275302,19.61238378334695,0.6963035106852214,0.03675222396850586,67.25116842989337,0
2584,8.46601390838623,224.17494201660156,22523.125,6.668868064880371,286.94390869140625,330.0447082519531,17.744094848632812,77.81780242919922,3.946620464324951,False,1,1,1,118.33302747625567,68.24264824922872,0.7812500438071345,1.4660139083862305,70.0292078505372,0
2587,5.708517551422119,187.08175659179688,12193.611328125,8.288504600524902,351.5732727050781,577.40283203125,14.357647895812988,66.62102508544922,3.344284772872925,False,0,1,1,119.00343063716264,21.118031693940548,0.5321273560422368,1.2914824485778809,48.016063232238366,1
2588,6.559628009796143,152.11521911621094,22624.03515625,7.7611083984375,387.518798828125,393.8204040527344,10.107462882995605,55.28667068481445,3.6644630432128906,False,1,1,1,78.4451150681125,57.447595061054635,0.3925363600002842,0.4403719902038574,37.03842419538341,0
2589,5.6063151359558105,190.33526611328125,12308.2333984375,8.54875373840332,311.68017578125,399.60650634765625,18.524320602416992,67.2263412475586,3.7487404346466064,False,0,1,1,158.3598550012939,30.800883299253634,0.6106749170861334,1.3936848640441895,69.44286966663776,1
2590,7.036752223968506,183.21990966796875,20311.40234375,6.790897369384766,381.4590148925781,344.9670715332031,11.138459205627441,71.70459747314453,3.887362003326416,False,1,1,1,75.64013331849492,58.87924953125787,0.4803134859435723,0.03675222396850586,43.29922309155745,0
2591,7.036752223968506,187.01918029785156,28988.703125,5.5880126953125,333.21905517578125,478.7730712890625,15.01141357421875,69.80513000488281,3.666869640350342,False,1,1,1,83.88396962732077,60.54789795591903,0.56124995504217,0.03675222396850586,55.04489669404575,0
2592,7.036752223968506,223.89041137695312,8722.1533203125,8.569451332092285,327.0004038881102,375.14227294921875,15.43084716796875,64.56414031982422,3.4402995109558105,False,1,1,1,132.23389381886227,23.250254439448156,0.684679309353032,0.03675222396850586,53.086735965596745,0
2593,7.539337635040283,227.31613159179688,12610.9365234375,9.507584571838379,345.13922119140625,343.2427062988281,12.76906967163086,82.82627868652344,5.114128589630127,False,1,0,1,121.40300980672691,36.74058109691572,0.6586215561027503,0.5393376350402832,65.30266427066636,1
2594,8.849702835083008,197.779052734375,20129.359375,5.182435512542725,329.5021057128906,356.4767150878906,11.882861137390137,45.70679473876953,2.9876716136932373,False,0,1,1,61.58216154902448,56.467529200524375,0.6002360795426064,1.8497028350830078,35.50208690963905,1
2595,7.682762622833252,211.66384887695312,12723.341796875,6.6723408699035645,380.94561767578125,360.1074523925781,14.17531681060791,69.94967651367188,5.04430627822876,False,1,1,1,94.5825456992502,35.33207012798039,0.5556274662318612,0.682762622833252,71.50463958363116,0
2596,7.036752223968506,172.96820068359375,24445.98828125,7.032642841339111,281.27571748072785,571.62890625,11.549877166748047,56.49920654296875,4.725347518920898,False,1,1,1,81.22616097507671,42.765486439191974,0.6149418144511646,0.03675222396850586,54.57718341373402,0
2597,6.448191165924072,181.5898895263672,18460.6796875,8.727866172790527,353.4015554148032,353.6042785644531,13.939424514770508,73.99053955078125,3.9322102069854736,False,0,0,1,121.66143169063253,52.207172691005525,0.5138344362955408,0.5518088340759277,54.812747356484124,2
2598,10.19941234588623,256.704345703125,28703.751953125,7.9405951499938965,326.4626770019531,552.1621704101562,8.802846908569336,66.62102508544922,4.384868144989014,False,0,1,1,69.89984346832443,51.98427824169672,0.7863206516415001,3.1994123458862305,38.5993229946007,1
2599,7.766186714172363,223.05783081054688,14945.2958984375,6.026816368103027,303.13702612260494,482.40625,6.747761249542236,83.18675231933594,3.674225330352783,False,1,1,1,40.667517946792486,30.980726032170548,0.7358316894766217,0.7661867141723633,24.792795306241032,0
2600,7.036752223968506,191.30136108398438,17540.576171875,8.779726028442383,350.17530408359215,323.8121032714844,19.072826385498047,61.56032943725586,4.129301071166992,False,1,1,1,167.45419025271985,54.168994736431976,0.546301690344263,0.03675222396850586,78.75744242381916,0
2603,6.406797885894775,182.8851318359375,17851.064453125,7.4627580642700195,332.4867248535156,398.7797546386719,17.301616668701172,64.07023620605469,4.573968410491943,False,0,1,1,129.11777931925826,44.76421934843546,0.5500524310149801,0.5932021141052246,79.13704809308001,1
2604,7.036752223968506,253.05438232421875,28864.91015625,8.524371147155762,364.7494812011719,479.69976806640625,15.823074340820312,70.75818634033203,4.697040557861328,False,1,1,1,134.88175837018935,60.17286648360705,0.693775850748571,0.03675222396850586,74.32162192888791,0
2605,8.445219039916992,228.52285766601562,28966.568359375,6.1798553466796875,343.90734721445716,361.7053527832031,14.554220199584961,60.61222839355469,4.400705814361572,False,1,1,1,89.94297551715863,80.0833276488819,0.6644896041113698,1.4452190399169922,64.04884145581218,0
2607,7.6759138107299805,233.30076599121094,23673.1015625,8.40749740600586,343.65728534874097,232.61361694335938,18.459407806396484,60.99359130859375,5.040460586547852,False,1,0,1,155.19742324868275,101.77005874292502,0.6788762387958187,0.6759138107299805,93.04391749915521,1
2608,7.036752223968506,243.68255615234375,20976.791015625,6.502257347106934,350.44989013671875,487.5564880371094,10.451629638671875,84.17884826660156,3.5584447383880615,False,1,1,1,67.95918560729478,43.024329461910604,0.6953420797533575,0.03675222396850586,37.19154649531265,0
2609,5.701100826263428,170.49630737304688,17121.505859375,9.536011695861816,374.77587890625,378.87384033203125,10.972149848937988,63.293296813964844,5.956753730773926,False,0,1,1,104.63054928822112,45.19051988171,0.4549287094348133,1.2988991737365723,65.35839454727193,1
2610,6.3765764236450195,177.50999450683594,41243.0390625,6.669920444488525,331.5085329376437,486.8060607910156,13.490787506103516,65.36639404296875,4.161585330963135,False,0,1,1,89.9824793992102,84.72170397953161,0.535461311955925,0.6234235763549805,56.14306338854112,1
2611,5.51773738861084,190.669921875,17638.322265625,10.525857925415039,352.96728739904466,461.9289855957031,12.531683921813965,44.88784408569336,4.523106098175049,False,0,1,1,131.90672452722174,38.18405594248342,0.5401914798955519,1.4822626113891602,56.682135967158956,1
2614,7.3874335289001465,214.29302978515625,11694.6357421875,9.273679733276367,375.5055847167969,356.80584716796875,15.18450927734375,80.23117065429688,3.8305773735046387,False,1,1,1,140.8162759450497,32.775908248796895,0.5706786741296952,0.3874335289001465,58.16543766556424,0
2615,7.763415336608887,193.7211151123047,20019.26171875,8.344390869140625,373.5977783203125,375.0728759765625,11.435979843139648,28.993637084960938,4.113536357879639,False,1,1,1,95.42628578277072,53.37432522480414,0.5185285508515122,0.7634153366088867,47.04231887273363,0
2616,7.036752223968506,205.55184936523438,24820.4921875,7.226877689361572,329.40438842773443,386.30755615234375,9.223072052001953,69.7030258178711,4.252220153808594,False,1,1,1,66.65401363998717,64.25059962705265,0.6240106566956627,0.03675222396850586,39.21853285955149,0
2617,7.509350299835205,192.46795654296875,17045.599609375,8.815844535827637,346.74182128906244,266.3577575683594,15.93005084991455,83.26252746582031,4.3218560218811035,False,1,1,0,140.4368517406756,63.99513083828693,0.5550756908190821,0.5093502998352051,68.84738619457539,1
2618,7.036752223968506,119.88581085205078,22331.23828125,8.051538467407227,351.16143798828125,472.0640869140625,16.64281463623047,62.647090911865234,4.65939474105835,False,1,1,1,134.00026224953763,47.30552239194124,0.34139799403217375,0.03675222396850586,77.54544299246118,0
2619,5.057270526885986,155.48773193359375,19003.96484375,6.250893592834473,305.84979248046875,518.101806640625,15.772438049316406,97.1990737915039,4.4322710037231445,False,0,1,1,98.59183194585057,36.67998174005961,0.5083793916098329,1.9427294731140137,69.90771982400474,1
2620,5.830542087554932,165.46702575683594,30021.2578125,8.433096885681152,334.3977661132813,494.1545104980469,16.66661262512207,69.58025360107422,5.192116737365723,False,0,0,1,140.5511590237711,60.75277491950745,0.4948209648205634,1.1694579124450684,86.53499836608717,2
2621,5.8596906661987305,163.4969024658203,19231.033203125,6.541681289672852,339.3714904785156,468.376953125,19.74907875061035,61.79098129272461,2.747332811355591,False,0,1,1,129.19217895114343,41.05888010449088,0.4817638091918829,1.1403093338012695,54.257292045597296,1
2622,8.891674041748047,184.86961364746094,41801.44140625,3.409575939178467,337.047119140625,461.0768127441406,13.715503692626953,42.078121185302734,4.522599220275879,False,0,1,1,46.76405138409427,90.6604716615534,0.5484978289395513,1.8916740417480469,62.029726305965596,1
2623,10.154218673706055,244.20938110351562,24755.9609375,4.711350440979004,299.7975158691406,387.58941650390625,15.363598823547363,70.8232421875,3.7308993339538574,False,0,0,1,72.38329809234438,63.87161212225435,0.8145810667608404,3.1542186737060547,57.320040617907125,2
2624,7.036752223968506,227.4326629638672,32102.19140625,3.6468474864959717,321.67108154296875,433.2764892578125,11.690091133117676,57.04969024658203,3.5810368061065674,False,1,1,1,42.63197946571904,74.09169924532077,0.7070348418200967,0.03675222396850586,41.862646614434425,0
2625,7.683156490325928,221.57534790039062,25475.884765625,9.914965629577637,316.47944654300244,372.80389404296875,12.054439544677734,51.89250183105469,4.781322956085205,False,1,1,1,119.51935376930123,68.33588678757954,0.7001255519769053,0.6831564903259277,57.63616851770894,0
2626,7.455541133880615,225.31414794921875,16242.060546875,8.204102516174316,350.10809326171875,331.673828125,13.114965438842773,60.162147521972656,2.9303646087646484,False,1,1,1,107.5965209563492,48.96997930082012,0.6435559521248546,0.45554113388061523,38.43163056715639,0
2627,7.036752223968506,217.94497680664062,37820.046875,8.299339294433594,334.8522807994223,367.570068359375,15.42103385925293,36.44661331176758,2.9947800636291504,False,1,1,1,127.98439226888877,102.89207426740495,0.6508690209170813,0.03675222396850586,46.18260476224077,0
2628,4.811832427978516,150.45127868652344,27547.806640625,7.569543838500977,296.002197265625,521.5615844726562,16.29583740234375,44.288551330566406,2.860992908477783,False,0,1,1,123.35205560212489,52.817936381684,0.5082775721534075,2.1881675720214844,46.62227524581249,1
2629,5.720136642456055,182.44015502929688,13463.8525390625,8.253966331481934,326.2672618095241,401.5094909667969,13.361777305603027,52.952903747558594,3.5132555961608887,False,0,1,1,110.28766000920677,33.533086535787064,0.5591739528455419,1.2798633575439453,46.9433388935654,1
2633,6.2629075050354,185.98265075683594,5157.0537109375,7.804390907287598,338.1953735351563,570.2882690429688,14.60144329071045,66.62102508544922,4.594919204711914,False,0,1,1,113.95537125129613,9.042889327793711,0.5499266541195778,0.7370924949645996,67.09245219299737,1
2634,7.399811267852783,229.77626037597656,28630.955078125,8.711706161499023,302.3157653808594,437.3669128417969,11.927552223205566,78.5764389038086,3.8037238121032715,False,1,1,1,103.90933019450131,65.46209640467067,0.7600538441203987,0.3998112678527832,45.36911441151233,0
2635,9.271668434143066,256.2734069824219,26912.228515625,5.766780376434326,274.6461181640625,467.7523193359375,12.376686096191406,89.90495300292969,3.744203567504883,False,0,1,1,71.37363050480417,57.53521114827772,0.9331040531810117,2.2716684341430664,46.340832235247944,1
2636,4.704183578491211,169.94390869140625,7028.83984375,8.987042427062988,317.8298034667969,289.53753662109375,8.069436073303223,63.664947509765625,4.138994216918945,False,0,1,1,72.52036435324862,24.276091803158053,0.534700982422056,2.295816421508789,33.39934924119916,1
2637,8.654792785644531,218.1726531982422,14799.3115234375,6.164048671722412,366.1479797363281,416.8703308105469,8.954519271850586,72.62027740478516,5.148138046264648,False,0,1,1,55.196092623563345,35.500994899688074,0.5958592281718836,1.6547927856445312,46.09910134942402,1
2638,8.01877212524414,228.11146545410156,27405.31640625,6.491360187530518,310.9931685072003,494.6204528808594,8.716667175292969,56.18885040283203,4.356278896331787,False,1,0,1,56.58302626965087,55.406759245850346,0.7334934905984171,1.0187721252441406,37.97223326207677,1
2639,8.189363479614258,229.60850524902344,13197.56640625,6.007956027984619,334.0542907714844,605.4657592773438,14.861376762390137,103.3228530883789,3.688297986984253,False,1,1,0,89.28649810375236,21.79737860024427,0.687338887434774,1.1893634796142578,54.813185996538095,1
2640,9.341092109680176,230.4300537109375,18254.111328125,6.113974094390869,342.249277897526,294.58282470703125,12.908754348754883,91.85652923583984,4.598786354064941,False,0,1,1,78.92378967914283,61.965972674452836,0.6732813417553798,2.341092109680176,59.364603347030425,1
2641,7.036752223968506,228.2519989013672,18593.22265625,5.90520715713501,324.56974138033684,475.2957458496094,13.672646522521973,54.492469787597656,4.12285041809082,False,1,1,1,80.73981010177386,39.119270011337115,0.703244847247336,0.03675222396850586,56.370276431787715,0
2642,4.891960144042969,153.5062255859375,9559.5478515625,7.847066402435303,349.82440185546875,496.8728332519531,11.457623481750488,61.110530853271484,3.9042699337005615,False,0,0,1,89.90873227539805,19.239425447669106,0.4388093693090907,2.1080398559570312,44.733654871459976,2
2643,6.056818008422852,211.76588439941406,4440.27734375,9.507303237915039,322.14770982213486,316.9217834472656,17.76639747619629,53.54119110107422,3.358060836791992,False,0,1,1,168.91052825152656,14.010640989839695,0.6573564774338405,0.9431819915771484,59.66064357569485,1
2644,5.655117511749268,146.76202392578125,19271.90234375,6.391438961029053,316.4956359863281,469.8949890136719,11.971416473388672,62.00456237792969,4.40115213394165,False,0,1,1,76.51457766672138,41.01321093716975,0.4637094694993253,1.3448824882507324,52.68802515815878,1
2645,7.890263557434082,164.70803833007812,17645.064453125,7.141359806060791,357.16412327980146,634.1181030273438,21.977157592773438,33.279296875,4.6367387771606445,False,1,0,0,156.94678988449596,27.826148380025007,0.46115504647114636,0.890263557434082,101.90233882218308,2
2647,8.811471939086914,270.2095642089844,12138.4228515625,10.520554542541504,360.2955627441406,437.5154113769531,15.952680587768555,67.87849426269531,5.587396144866943,False,0,1,1,167.83104622336214,27.74398914455685,0.7499663925944708,1.811471939086914,89.13394601639175,1
2649,5.735358715057373,149.17169189453125,28628.15234375,5.073073863983154,323.9229980612929,465.5549011230469,12.201950073242188,65.90985107421875,4.085054874420166,False,0,1,1,61.90139400619228,61.49253764314039,0.4605159013926791,1.264641284942627,49.8456356241295,1
2650,8.000775337219238,237.51925659179688,18419.1328125,8.32332992553711,308.0063171386719,396.3765563964844,13.492535591125488,82.75328063964844,4.519209384918213,False,1,1,1,112.30282525698931,46.46877437324291,0.7711505985564231,1.0007753372192383,60.975593469757314,0
2651,8.775047302246094,191.52687072753906,21768.640625,4.751004695892334,387.24554443359375,435.5234069824219,11.875184059143066,56.02909851074219,3.8306989669799805,False,0,1,1,56.4190552295745,49.98271097722169,0.4945876666265817,1.7750473022460938,45.490255308056476,1
2652,8.303831100463867,222.95004272460938,26030.619140625,7.108973503112793,332.00985520370347,368.28448486328125,14.383584976196289,70.07270050048828,3.3926568031311035,False,1,1,1,102.25252447555067,70.68073769007034,0.6715163377192609,1.3038311004638672,48.79856742290667,0
2653,5.082241535186768,191.7670440673828,17739.19921875,9.111721992492676,309.7875061035156,413.15863037109375,12.307108879089355,88.8925552368164,5.0563788414001465,False,0,1,1,112.13895463760036,42.93556486979666,0.6190276872698542,1.9177584648132324,62.22940493503529,1
2654,5.813546657562256,184.03176879882812,10112.20703125,6.536992073059082,309.451171875,441.5940246582031,11.438175201416016,77.50819396972656,3.721426010131836,False,0,1,1,74.77126062191746,22.8993293470798,0.5947037365832383,1.1864533424377441,42.56632270299451,1
2656,5.913374900817871,148.60794067382812,14467.7861328125,6.159095287322998,332.210523958914,427.0409851074219,14.4234037399292,56.46038818359375,2.4998319149017334,False,0,1,1,88.83511800175484,33.87915119035703,0.4473306217261092,1.086625099182129,36.05608499058803,1
2657,6.783023834228516,236.27886962890625,8213.7724609375,9.332860946655273,346.56418014861157,501.0185241699219,11.590706825256348,91.6809310913086,4.778808116912842,False,1,1,1,108.1744550735657,16.394149214645857,0.6817752164860528,0.21697616577148438,55.38976385729211,0
2658,6.836060047149658,205.667724609375,18321.328125,6.712854385375977,297.8371887207031,494.4842529296875,13.808923721313477,70.71422576904297,4.952508449554443,False,1,0,1,92.69729415994152,37.05138834937538,0.6905374201329254,0.1639399528503418,68.38881140905778,1
2659,4.884388446807861,136.5577850341797,28392.42578125,8.440400123596191,406.23781278752375,386.10400390625,13.831876754760742,73.82455444335938,3.6167006492614746,False,0,1,1,116.74657427044986,73.53569354491407,0.33615232358847835,2.1156115531921387,50.025757639447875,1
2660,8.33155345916748,238.99241638183594,11635.7724609375,3.923239231109619,276.40228271484375,406.2451171875,15.41076374053955,66.62102508544922,2.6923887729644775,False,1,1,1,60.460112888246385,28.642245629563675,0.8646542755355723,1.3315534591674805,41.49176727783674,0
2661,7.819659233093262,225.10684204101562,16403.953125,7.093310356140137,313.1681213378906,413.2089538574219,15.375616073608398,32.68185043334961,2.4023373126983643,False,1,1,1,109.0640167269612,39.69892939677505,0.7188050953606897,0.8196592330932617,36.937416199354175,0
2662,5.428357124328613,167.0173797607422,24930.19921875,7.967085838317871,334.08697509765625,400.3934326171875,18.179149627685547,70.31269836425781,2.847843647003174,False,0,1,1,144.83484555139512,62.26425591830643,0.49992185182316623,1.5716428756713867,51.7713757751244,1
2663,4.556656837463379,156.42294311523438,14400.71875,9.461284637451172,332.62812390585117,483.7457275390625,7.897724628448486,54.913944244384766,4.392257213592529,False,0,1,1,74.72262069795943,29.76919050735792,0.47026373118481535,2.443343162536621,34.68883797027024,1
2664,7.333003520965576,189.44796752929688,32358.5390625,6.346378326416016,341.34643554687506,490.62530517578125,12.537466049194336,61.58137893676758,2.6420037746429443,False,1,1,1,79.56750280278357,65.95366903252761,0.5550020367746863,0.33300352096557617,33.1240326264292,0
2665,7.114386558532715,196.53396606445312,27022.708984375,6.176786422729492,313.689065579301,497.5235900878906,18.70427894592285,59.730438232421875,3.7626824378967285,False,1,1,1,115.53233624012137,54.31442743305266,0.6265247565291509,0.11438655853271484,70.37826190334545,0
2666,6.376950263977051,170.22708129882812,16079.361328125,5.433802604675293,331.85690307617193,311.77288818359375,15.703707695007324,54.01311111450195,4.284387111663818,False,0,1,1,85.33084777619024,51.57395619045101,0.5129532615050114,0.6230497360229492,67.28076285382531,1
2667,9.338234901428223,248.3760223388672,17416.802734375,6.665873050689697,342.72079467773443,505.6773986816406,19.742815017700195,58.658531188964844,1.872572660446167,False,0,0,1,131.60309857123957,34.44251759192738,0.7247182705902064,2.3382349014282227,36.969855642391394,2
2668,7.036752223968506,130.55856323242188,17429.583984375,6.317654609680176,322.0596008300781,524.6456298828125,15.318048477172852,75.37641143798828,5.541322231292725,False,1,1,1,96.77413957311546,33.221631818502956,0.40538633995239765,0.03675222396850586,84.88224256657759,0
2671,6.8388166427612305,196.1962127685547,11877.236328125,9.624699592590332,365.3488464355469,363.803466796875,14.924057960510254,41.12138366699219,4.776536464691162,False,1,1,1,143.63957457231754,32.64739723359784,0.5370106246281965,0.16118335723876953,71.28530704954164,0
2672,5.600876331329346,183.5737762451172,20411.6640625,9.753766059875488,336.4048156738281,368.3599853515625,11.095877647399902,66.82012176513672,4.362033843994141,False,0,1,1,108.22659480174025,55.412272827643996,0.5456930672401963,1.3991236686706543,48.40059382677646,1
2673,6.102533340454102,179.39723205566406,24196.263671875,7.155344009399414,321.4421081542968,525.9000854492188,13.4781494140625,60.05828857421875,2.2925736904144287,False,0,1,1,96.44079566770233,46.00924071955141,0.5581012161961357,0.8974666595458984,30.899650742154336,1
2674,6.490922927856445,189.03158569335938,30453.623046875,6.060119152069092,297.5127868652344,476.9167175292969,14.973969459533691,47.01288986206055,4.372333526611328,False,0,1,1,90.74403910421779,63.85522222996727,0.6353729769054022,0.5090770721435547,65.47118869437327,1
2675,8.506978988647461,197.74514770507812,20098.19921875,6.4565558433532715,344.12725830078125,555.9197998046875,9.028358459472656,78.93309783935547,3.881793737411499,False,0,1,1,58.29210056739612,36.1530551523045,0.5746279678827791,1.506978988647461,35.046225327087086,1
2676,7.413288116455078,196.45230102539062,17465.345703125,6.3091959953308105,355.164794921875,300.9335021972656,13.178069114685059,80.60477447509766,3.2901058197021484,False,1,1,1,83.14302088456361,58.03722589065217,0.5531299928402924,0.4132881164550781,43.35724188666245,0
2678,7.586236000061035,190.8902130126953,16409.9375,5.739025592803955,326.66767126347526,402.79949951171875,13.906082153320312,95.38265991210938,4.351335048675537,False,1,1,1,79.8073613735396,40.73971660628358,0.584355996080114,0.5862360000610352,60.51002266350406,0
2679,7.103348255157471,249.58935546875,4425.42626953125,8.211762428283691,293.07867431640625,268.44085693359375,18.422985076904297,68.47419738769531,4.417193412780762,False,1,1,1,151.28517667135384,16.485665794683168,0.8516121317912148,0.1033482551574707,81.37788832545994,0
2682,7.514835834503174,215.4395294189453,17017.4296875,7.417040824890137,335.6524658203125,483.65802001953125,14.532854080200195,66.03724670410156,4.299732208251953,False,1,1,1,107.79077201501605,35.18483917960868,0.6418529601758544,0.5148358345031738,62.48738076646259,0
2683,7.445189476013184,225.3977813720703,24741.53515625,9.248498916625977,339.085428392371,402.1156311035156,15.535979270935059,87.08391571044922,3.637894630432129,False,1,1,1,143.68448745596652,61.52840919619073,0.6647226976870552,0.4451894760131836,56.51825556823951,0
2684,4.835297584533691,136.2950439453125,23031.21484375,5.560179233551025,358.9330749511719,567.4636840820312,11.505803108215332,60.77385711669922,3.633760690689087,False,0,1,1,63.97432750762573,40.586235646816164,0.3797227201314087,2.1647024154663086,41.80933504944119,1
2685,8.376279830932617,248.1328582763672,27824.19140625,7.100523471832275,343.0579833984375,433.44989013671875,18.658885955810547,53.30376052856445,5.703962802886963,False,1,1,1,132.4878576874744,64.19240603171289,0.7232971379793874,1.3762798309326172,106.42959143525331,0
2686,7.945909023284912,213.06640625,16769.890625,4.745340347290039,292.41925048828125,478.1667175292969,14.18985652923584,82.05440521240234,3.5854313373565674,False,1,1,1,67.33569871043983,35.07122092599701,0.7286333070260891,0.9459090232849121,50.87675627251588,0
2687,8.727778434753418,202.4195098876953,25521.888671875,3.8302383422851562,326.9079284667969,461.95880126953125,16.61145782470703,104.37325286865234,3.83154034614563,False,0,1,1,63.62584268144565,55.24710979959676,0.6191942490286229,1.727778434753418,63.64747086366151,1
2688,6.089430809020996,207.2671356201172,11339.166015625,8.888347625732422,317.2791137695313,531.7689819335938,11.674318313598633,48.35824966430664,4.366860866546631,False,0,1,1,103.76539946471894,21.323481398013417,0.6532643529678094,0.9105691909790039,50.98012378726253,1
2690,8.332953453063965,236.53240966796875,18881.794921875,4.275692939758301,312.3143613779725,384.7291564941406,15.121055603027344,55.50774002075195,3.408299684524536,False,1,1,1,64.65299068355671,49.078149014901655,0.7573536095714674,1.3329534530639648,51.537089041476065,0
2691,7.036752223968506,231.97329711914062,21460.837890625,8.673482894897461,360.6722106933594,375.0820617675781,12.178788185119629,66.864501953125,3.9550907611846924,False,1,1,1,105.6325110042144,57.21638014965098,0.643169308858101,0.03675222396850586,48.16821263339193,0
2692,4.563370704650879,152.90756225585938,13490.6083984375,7.499917030334473,338.5849304199219,524.1080322265625,14.143989562988281,69.01624298095703,4.825179100036621,False,0,1,1,106.07874820032885,25.740129025280083,0.45160770036224507,2.436629295349121,68.24728283046716,1
2693,7.036752223968506,181.08065795898438,30050.439453125,7.975630760192871,360.0869140625,378.15423583984375,17.674564361572266,66.62102508544922,3.522486448287964,False,1,1,1,140.96579919516444,79.4660922068473,0.502880416878115,0.03675222396850586,62.25841344303171,0
2695,7.036752223968506,169.35592651367188,23133.662109375,8.247827529907227,337.0478820800781,330.3553161621094,14.749090194702148,58.356849670410156,3.517153024673462,False,1,1,1,121.64795214894912,70.02660743620794,0.5024684474088067,0.03675222396850586,51.87480718947836,0
2696,7.889079570770264,208.40237426757812,24974.693359375,7.296281814575195,339.7999758568021,453.1669921875,12.529679298400879,60.43501663208008,4.034040927886963,False,1,1,1,91.42007120738162,55.11145722177873,0.613308971340521,0.8890795707702637,50.54523910304715,0
2697,5.525768756866455,188.15597534179688,16113.0107421875,8.306926727294922,318.68001856055463,363.47186279296875,12.094512939453125,74.71867370605469,4.401412487030029,False,0,1,1,100.46823279035743,44.33083368281119,0.5904228812375983,1.474231243133545,53.23294027625525,1
2698,4.858055591583252,159.695556640625,32886.52734375,7.689304351806641,359.6594854578084,337.3880310058594,23.108015060424805,76.09446716308594,4.130972385406494,False,0,1,1,177.68456076573784,97.47390015061016,0.444018752886027,2.141944408416748,95.45857209617225,1
2700,7.117578506469727,186.19967651367188,31528.94921875,6.38703727722168,335.348876953125,380.5782775878906,19.07399559020996,75.90306854248047,4.333401679992676,False,1,1,0,121.82632086023295,82.84484688862429,0.5552416863601339,0.11757850646972656,82.65528453478873,1
2701,7.8222575187683105,200.00279235839844,22411.0078125,5.283593654632568,343.08038330078125,593.4835815429688,12.273073196411133,75.25621032714844,3.0808658599853516,False,1,1,1,64.84593166339891,37.761799098928606,0.5829618990488667,0.8222575187683105,37.81169220792435,0
2702,4.334057807922363,155.829345703125,13351.4140625,8.603926658630371,321.7869567871094,387.5218200683594,7.809444427490234,77.87921905517578,2.613532066345215,False,0,1,1,67.19188709877562,34.453321946339614,0.4842624659953432,2.6659421920776367,20.410233431586676,1
2703,7.036752223968506,214.03530883789062,10039.5380859375,10.130125045776367,383.7543029785156,487.421630859375,18.917583465576172,51.4853515625,3.259749174118042,False,1,1,1,191.63748607019807,20.59723539072223,0.557740477745556,0.03675222396850586,61.66657707822105,0
2705,5.2906670570373535,160.43202209472656,9265.1044921875,9.272066116333008,358.5471496582031,464.5733337402344,11.220817565917969,67.64606475830078,3.530573606491089,False,0,1,0,104.04016235050221,19.94325502424299,0.4474502776000685,1.7093329429626465,39.615922341481564,2
2706,7.873271465301514,182.6466522216797,25337.123046875,3.7150652408599854,362.4845886230469,315.18994140625,12.132425308227539,65.49992370605469,3.3063929080963135,False,1,0,1,45.072751549926124,80.38683865812523,0.5038742541072344,0.8732714653015137,40.114564997131765,1
2707,7.148440837860107,173.27281188964844,30656.1640625,4.737825393676758,352.51062159338045,525.8848266601562,14.567818641662598,57.822021484375,4.30856990814209,False,1,1,1,69.01978109094671,58.29444481009253,0.49153926373877793,0.14844083786010742,62.76646502673884,0
2708,6.4536051750183105,175.47933959960938,25257.6484375,7.626529693603516,263.4012451171875,376.52490234375,15.755401611328125,66.62102508544922,5.568264961242676,False,0,1,1,120.15903822344262,67.08095059104477,0.6662054268396985,0.5463948249816895,87.7302507426648,1
2709,7.036752223968506,189.82342529296875,20278.337890625,6.79994010925293,410.06604334534006,314.83416748046875,10.092086791992188,46.62929916381836,4.940014362335205,True,1,1,1,68.6255857629294,64.40958422174243,0.46290939693877114,0.03675222396850586,49.85505369837483,0
2710,5.65411901473999,171.75155639648438,16431.205078125,7.283454418182373,387.9046325683594,419.0973205566406,11.814852714538574,86.30823516845703,3.466264486312866,True,0,1,1,86.05294120387998,39.20618012325888,0.4427674782240441,1.3458809852600098,40.953404375422224,1
2711,7.650683403015137,239.49014282226562,15326.9248046875,8.927896499633789,373.4363098144531,425.33636474609375,17.88359260559082,66.62102508544922,4.043710708618164,True,1,1,1,159.662863824331,36.03483275595807,0.6413145585654083,0.6506834030151367,72.31607492779222,0
2712,6.418202877044678,173.4462127685547,19617.30859375,7.396471977233887,321.8652648925781,391.66748046875,18.453950881958008,46.345863342285156,2.6709766387939453,True,0,1,1,136.49413056765297,50.0866411482139,0.5388783169490615,0.5817971229553223,49.29007169916076,1
2713,6.8480000495910645,199.7768096923828,26296.94921875,7.339173316955566,354.25054931640625,397.5364685058594,22.139957427978516,51.53496551513672,3.815227508544922,True,1,1,1,162.4889847939521,66.1497780353015,0.5639421294164483,0.15199995040893555,84.46897461723711,0
2716,7.5266804695129395,192.16709899902344,38468.4140625,6.616367340087891,290.6417541503906,449.3175354003906,13.05589485168457,58.768611907958984,4.148222923278809,True,1,1,1,86.38259629230743,85.61520738914689,0.6611820070367654,0.5266804695129395,54.158762307675715,0
2718,5.324641227722168,142.80697631835938,728.7508544921875,8.403316497802734,375.59375098888387,496.9975891113281,15.174663543701172,60.07785415649414,3.652003288269043,True,0,1,1,127.51750050538976,1.4663066159514906,0.3802165918952398,1.675358772277832,55.41792115997305,1
2720,5.945988655090332,151.685791015625,12356.9052734375,7.894120216369629,342.02911376953125,471.12213134765625,15.72546672821045,57.683067321777344,3.7933292388916016,True,0,1,1,124.13872481101407,26.228666464599332,0.4434879501934656,1.054011344909668,59.65187273533775,1
2721,6.19508695602417,195.4431610107422,19331.193359375,9.112558364868164,342.8717956542969,425.50286865234375,17.21245574951172,85.11419677734375,4.196558475494385,True,0,0,1,156.84950762013614,45.431405374937924,0.5700181902327746,0.8049130439758301,72.23307705968546,2
2722,9.062822341918945,246.62969970703125,27959.92578125,5.649970531463623,308.78076171874994,434.39544677734375,21.142053604125977,44.149349212646484,3.730369806289673,True,0,1,1,119.45197983793605,64.36514453434444,0.798721065183946,2.0628223419189453,78.8676784077893,1
2723,7.1374287605285645,210.50274658203125,17506.609375,7.304928302764893,301.6419982910156,304.2394714355469,13.076007843017578,64.23094177246094,2.964181423187256,True,1,1,1,95.51929977963482,57.54220264337585,0.6978562238574217,0.13742876052856445,38.759659537723564,0
2725,7.7808685302734375,221.84449768066406,40483.73046875,6.146098613739014,302.3296813964844,563.719970703125,11.753046035766602,51.55946350097656,4.60202693939209,True,1,1,1,72.23537994763592,71.81532055080386,0.733783384820715,0.7808685302734375,54.08783447651331,0
2727,4.574124813079834,134.2012939453125,22520.41796875,8.191826820373535,403.3423767089844,372.20013427734375,11.260913848876953,69.04715728759766,3.0864999294281006,True,0,1,0,92.247456089146,60.50620575935305,0.33272301985123937,2.425875186920166,34.756809799854636,2
2728,6.179312229156494,159.7732696533203,21532.51953125,8.063334465026855,272.44085693359375,509.7721252441406,11.010544776916504,99.99628448486328,2.951961040496826,True,0,1,1,88.78170517843228,42.239499617006565,0.5864512058329531,0.8206877708435059,32.50269921610334,1
2729,5.566328525543213,153.7755126953125,14574.6611328125,8.011549949645996,337.8144047627855,388.05035400390625,14.200556755065918,75.55522155761719,3.4247608184814453,True,0,1,1,113.76846975599346,37.558685219256624,0.4552070902603669,1.433671474456787,48.63351037537177,1
2730,7.036752223968506,160.0950927734375,26561.5703125,7.187021732330322,322.0904541015625,372.62353515625,11.45520305633545,57.15095901489258,5.13677978515625,True,1,1,1,82.3287933141396,71.28258882005268,0.49705009955341845,0.03675222396850586,58.84285549464403,0
2731,7.1851677894592285,209.68313598632812,24909.783203125,6.691069602966309,335.5553600761492,501.7854309082031,16.088647842407227,75.67132568359375,3.9558470249176025,True,1,1,1,107.65026253116048,49.64230051159,0.6248838800067441,0.18516778945922852,63.64422970233363,0
2732,7.036752223968506,160.9158172607422,13943.2451171875,8.39972972869873,380.7684631347656,344.15423583984375,15.208690643310547,75.57505798339844,4.141552448272705,True,1,0,1,127.74889093119782,40.51452408437486,0.4226080477184401,0.03675222396850586,62.98758996882498,1
2733,6.990452766418457,225.92344665527344,17679.3515625,7.248866558074951,377.86804199218756,527.205810546875,13.787263870239258,87.83905029296875,5.184442043304443,True,1,1,1,99.94203599633238,33.534060466114745,0.5978897947184817,0.009547233581542969,71.47927047100075,0
2734,5.810741901397705,151.8761749267578,25419.55078125,7.874166488647461,313.36480712890625,494.1529846191406,14.646684646606445,77.37380981445312,3.436966896057129,True,0,1,0,115.33043341409575,51.440650003158446,0.4846625115104878,1.189258098602295,50.34017026737456,2
2735,7.4441657066345215,211.44631958007812,20003.498046875,7.238301753997803,344.05794062777284,524.645263671875,13.778225898742676,49.90089797973633,3.8208656311035156,True,1,1,1,99.73095668984706,38.12766338296342,0.6145660192574084,0.4441657066345215,52.64474979408624,0
2736,4.374877452850342,144.2371826171875,17384.2578125,8.898436546325684,312.9456330014942,402.27117919921875,13.715804100036621,55.98979568481445,3.0301077365875244,True,0,1,1,122.04921246600952,43.2152703653558,0.46090172523863626,2.625122547149658,41.56036411703985,1
2738,6.857493877410889,233.2105712890625,22603.650390625,6.627058982849121,368.10577392578125,412.4346618652344,16.92617416381836,62.557899475097656,4.306581020355225,True,1,1,1,112.17075453760117,54.80540901580546,0.6335422782652166,0.14250612258911133,72.89394040112711,0
2739,7.036752223968506,176.77218627929688,19486.19140625,7.960133075714111,412.4072875976563,276.588623046875,16.71005630493164,33.56304168701172,3.8881773948669434,True,1,1,1,133.01427188993148,70.4518903241211,0.42863497122078137,0.03675222396850586,64.97166319178905,0
2740,6.789820671081543,197.30001831054688,22527.681640625,5.166942119598389,399.98175048828125,422.4820251464844,15.916604995727539,47.93510437011719,4.512068271636963,True,1,1,1,82.24017675343475,53.32222496209609,0.4932725495011175,0.21017932891845703,71.8168083934006,0
2741,8.560349464416504,244.7967071533203,14254.6611328125,7.453900337219238,315.9711608886719,500.58660888671875,18.228748321533203,57.36553955078125,2.9392125606536865,True,0,1,1,135.87527326096097,28.47591376053444,0.7747438269052259,1.560349464416504,53.578166031645196,1
2743,8.277058601379395,242.5592498779297,12715.814453125,5.128732681274414,371.302734375,561.7611694335938,15.22002124786377,61.799015045166016,3.75132417678833,True,1,1,1,78.0594203836099,22.63562368205395,0.6532654536814956,1.2770586013793945,57.09523367834345,0
2744,7.036752223968506,157.78155517578125,13711.7236328125,6.13393497467041,301.639659585977,289.7466735839844,13.172720909118652,60.457763671875,5.068470001220703,True,1,1,0,80.8006134960151,47.323144096475545,0.5230796072017474,0.03675222396850586,66.7655407623206,1
2745,6.921257019042969,158.29205322265625,31177.1328125,6.9789934158325195,371.40633197164897,531.657470703125,11.482186317443848,59.99855422973633,3.540384292602539,True,1,1,1,80.13410270880286,58.641389375430734,0.4261964300827885,0.07874298095703125,40.65135208301399,0
2746,5.636923789978027,159.139404296875,27283.78125,6.918726444244385,328.90728759765625,317.83099365234375,13.611408233642578,36.33519744873047,3.0071380138397217,True,0,1,1,94.17361008950866,85.84367701408131,0.4838427417506886,1.3630762100219727,40.93138312127758,1
2747,6.607503414154053,231.5657958984375,26420.80859375,9.57781982421875,418.2409362792969,443.3157653808594,15.671202659606934,61.36442184448242,3.447111129760742,True,1,1,1,150.0959555025329,59.598170417993835,0.5536660218026441,0.39249658584594727,54.020377104667205,0
2748,4.951413631439209,153.21214294433594,20117.359375,8.98557186126709,391.06903076171875,418.3302001953125,11.831690788269043,68.38761138916016,3.8706812858581543,True,0,1,1,106.31450781828335,48.089665334986144,0.3917777438273078,2.048586368560791,45.7967041142133,1
2749,5.913133144378662,184.39315795898438,40847.76171875,7.04182767868042,331.9599609375,563.4099731445312,21.917377471923828,58.839202880859375,3.9002113342285156,True,0,0,1,154.3383953258799,72.50095595267425,0.5554680657352923,1.086866855621338,85.48240403256204,2
2750,7.036752223968506,232.46871948242188,15873.0341796875,6.365468978881836,313.26361083984375,365.6264953613281,10.392936706542969,59.659210205078125,4.706774711608887,True,1,1,1,66.15591620498162,43.413249142647125,0.7420865708503408,0.03675222396850586,48.917211669708195,0
2751,5.796236991882324,156.3470916748047,15671.119140625,8.408831596374512,306.8334381708271,571.6137084960938,17.548425674438477,74.40270233154297,2.4836432933807373,True,0,1,1,147.56175627784796,27.41557607923694,0.5095503674479224,1.2037630081176758,43.584029735709464,1
2753,6.163518905639648,185.79031372070312,37282.5234375,8.24083137512207,331.87588291289984,411.18359375,16.162057876586914,84.93140411376953,3.4772448539733887,True,0,1,1,133.18879363591623,90.67123278633674,0.5598186633213259,0.8364810943603516,56.19943258098192,1
2754,6.339142799377441,167.41970825195312,16364.1591796875,8.095991134643555,312.3940734863281,372.5116271972656,21.887086868286133,91.06635284423828,3.3557651042938232,True,0,1,1,177.1976612488179,43.929257346623736,0.5359247243317358,0.6608572006225586,73.44792234724218,1
2755,7.610672950744629,193.661865234375,20511.62109375,6.654331684112549,329.78837614290336,394.59539794921875,14.319384574890137,39.49726486206055,5.404817581176758,True,1,0,1,95.28593447368394,51.981399550960504,0.5872307172015883,0.6106729507446289,77.39366150199749,1
2756,5.782079219818115,200.40480041503906,25366.12109375,9.270066261291504,324.25096185670924,525.532958984375,10.675517082214355,54.081092834472656,5.059361457824707,True,0,1,1,98.96275072567641,48.26742188445075,0.6180546039075313,1.2179207801818848,54.011299668104584,1
2759,6.9204487800598145,196.31939697265625,39251.18359375,8.493783950805664,317.38232421875,487.5043640136719,14.697844505310059,41.753726959228516,4.498818397521973,True,1,1,1,124.84031577063979,80.51452748048567,0.6185580650634741,0.07955121994018555,66.12293326440613,0
2760,6.549187660217285,212.92213439941406,19236.01171875,7.9601898193359375,330.15219924310065,424.3980407714844,12.587047576904297,49.5855712890625,4.190310955047607,True,1,1,1,100.19528797717066,45.32540168766274,0.6449211431655864,0.45081233978271484,52.74364335320752,0
2761,6.393231391906738,185.83615112304688,17258.11328125,7.329998970031738,330.13214111328125,326.42706298828125,11.65039348602295,47.6400146484375,3.644388198852539,True,0,0,0,85.39737225301269,52.86973779193004,0.5629144436935172,0.6067686080932617,42.45855653245053,3
2762,6.100245475769043,160.6082305908203,13886.8095703125,7.5427751541137695,366.6887817382812,449.9482727050781,18.72286033630371,64.39051818847656,2.174898147583008,True,0,1,1,141.2223257586138,30.863124456422987,0.4379960286525921,0.899754524230957,40.72031426288231,1
2763,6.359431266784668,208.20301818847656,23347.171875,9.000395774841309,314.38322675354175,336.5856018066406,14.173906326293945,66.62102508544922,3.6364948749542236,True,0,1,1,127.57076661217252,69.36473717330186,0.6622586697013483,0.640568733215332,51.54333771364918,1
2764,6.272474765777588,190.20071411132812,14642.205078125,9.734512329101562,399.0529479980469,448.5682678222656,16.55717658996582,74.43538665771484,4.6125359535217285,True,0,1,1,161.17603965013404,32.64208838616407,0.47663026821099636,0.7275252342224121,76.37057231002564,1
2765,7.036752223968506,161.25033569335938,23469.220703125,8.392831802368164,380.59031102378054,448.7879638671875,13.83627986907959,70.20674133300781,3.6002204418182373,True,1,1,1,116.1255697116776,52.29467485847216,0.42368481435040817,0.03675222396850586,49.813657623378504,0
2766,7.493844032287598,197.33128356933594,26678.392578125,7.198434352874756,269.892333984375,375.5030517578125,13.134916305541992,69.59080505371094,3.819946527481079,True,1,1,1,94.55083275594825,71.04707240644383,0.7311481579525411,0.49384403228759766,50.17467793010974,0
2767,7.635264873504639,205.067626953125,17796.375,7.156737804412842,306.80029296875,370.56103515625,17.486814498901367,32.920719146728516,3.948303461074829,True,1,1,1,125.14854640304202,48.025489092425836,0.6684075308415863,0.6352648735046387,69.04325020918577,0
2768,9.097617149353027,263.8241271972656,38413.05859375,7.63436222076416,274.9590148925781,437.2635192871094,18.2858829498291,74.51256561279297,5.473663330078125,True,0,1,1,139.6010539654908,87.84876124248325,0.9595034603278377,2.0976171493530273,100.09076696058037,1
2769,8.040143966674805,224.8634796142578,6879.7646484375,8.136930465698242,418.95501708984375,360.9576721191406,12.405913352966309,73.21798706054688,3.986459732055664,True,1,1,1,100.94605431656419,19.059754538496012,0.536724636070683,1.0401439666748047,49.455674020971855,0
2770,7.296908855438232,149.07949829101562,15931.4296875,6.55009651184082,276.0132751464844,367.9048156738281,14.723054885864258,62.63444900512695,4.671448230743408,True,1,1,1,96.43743045154042,43.30312886776979,0.5401171290467089,0.2969088554382324,68.77798869770868,0
2771,8.226807594299316,191.2786865234375,16472.19140625,6.863926887512207,351.92335657460944,354.9262390136719,15.183645248413086,63.416786193847656,2.188701868057251,True,1,1,1,104.21943087102954,46.41018202997751,0.5435237031201758,1.2268075942993164,33.232472719120324,0
2772,8.014183044433594,244.12010192871094,30566.767578125,7.714446544647217,307.9874572753906,309.930419921875,22.641597747802734,61.578460693359375,3.4170761108398438,True,1,0,1,174.667395510829,98.62461221846321,0.7926300093376791,1.0141830444335938,77.36806277526193,1
2773,9.252893447875977,236.09878540039062,12855.3466796875,5.784976005554199,276.28631591796875,329.9227600097656,12.609076499938965,55.617759704589844,3.566434621810913,True,0,0,1,72.94320500434424,38.96471598486345,0.8545438950220974,2.2528934478759766,44.969446978444694,2
2774,7.288112640380859,216.6124725341797,18979.982421875,7.668510437011719,358.9786071777344,384.6949462890625,14.163606643676758,53.313045501708984,3.6269898414611816,True,1,1,1,108.61376537276374,49.33774814467035,0.603413316558775,0.2881126403808594,51.3712574150677,0
2776,4.762828826904297,153.29701232910156,22777.53125,6.8417205810546875,348.2926708191356,522.7362060546875,15.78550910949707,86.12861633300781,2.4717862606048584,True,0,0,1,108.00004255687236,43.57366285824748,0.44013849481365763,2.237171173095703,39.01840453350769,2
2778,4.886379718780518,159.31797790527344,38633.3046875,8.370179176330566,375.899169921875,448.0508728027344,16.820615768432617,59.183189392089844,3.227849006652832,True,0,1,1,140.79156783799226,86.2252635724337,0.423831682082601,2.1136202812194824,54.294407899424186,1
2780,7.000523090362549,219.44264221191406,26012.130859375,6.280886650085449,395.2413330078125,483.31988525390625,19.53863525390625,46.861385345458984,4.333688735961914,True,1,1,1,122.71995332714869,53.81969912512526,0.5552117739982542,0.0005230903625488281,84.67436351592187,0
2781,8.323982238769531,262.2185974121094,21292.828125,7.076943874359131,350.32574462890625,538.7922973632812,17.684654235839844,72.34381103515625,4.153782844543457,True,1,1,1,125.15330546448604,39.51954805160056,0.7484993629040122,1.3239822387695312,73.45821337651432,0
2782,6.643158912658691,188.91354370117188,32873.8203125,6.79150915145874,333.84884643554693,336.5614929199219,14.706809997558594,67.8448486328125,4.562197685241699,True,1,1,1,99.88143468718408,97.67552410592066,0.5658654961738145,0.3568410873413086,67.0953745281513,0
2783,7.036752223968506,208.20452880859375,17835.30859375,8.930330276489258,351.2149658203125,278.2606201171875,10.208344459533691,52.24851608276367,5.709690093994141,True,1,1,1,91.1638875998051,64.0956974872804,0.592812233184569,0.03675222396850586,58.28648323667949,0
2784,6.7586565017700195,190.3372802734375,20666.453125,6.783660411834717,344.4602985124108,484.60870361328125,9.78477668762207,86.69544982910156,2.7438902854919434,True,1,1,1,66.37660225446507,42.64564983720602,0.5525666689103593,0.24134349822998047,26.848353698874234,0
2785,8.628893852233887,186.63771057128906,13688.07421875,6.289036273956299,254.35879516601562,392.7068786621094,12.387633323669434,53.15076446533203,3.071350336074829,True,0,1,1,77.9062753210269,34.855702631253656,0.7337576422931088,1.6288938522338867,38.04676177182387,1
2786,9.794717788696289,254.42506408691406,12490.55859375,5.992480278015137,291.197265625,576.0460815429688,11.66529655456543,80.69821166992188,2.8071298599243164,True,0,1,1,69.90405954043126,21.68326280184068,0.8737206466108739,2.794717788696289,32.746002283192865,1
2787,5.376078128814697,185.5404815673828,36026.40234375,9.649943351745605,343.48663330078125,347.5650634765625,14.004448890686035,66.62102508544922,3.6292502880096436,True,0,1,1,135.14213846753682,103.6536925769747,0.5401679804661931,1.6239218711853027,50.825650169938626,1
2788,5.603325843811035,207.89718627929688,36873.55859375,7.631345748901367,404.67291259765625,511.4375305175781,13.515235900878906,85.3455810546875,3.900421380996704,True,0,1,1,103.13943803757138,72.09787378007994,0.5137412940021913,1.3966741561889648,52.71511507700234,1
2789,8.59241771697998,228.67604064941406,33013.48046875,8.172356605529785,309.0766225299152,328.5584411621094,17.128154754638672,66.62102508544922,3.7012879848480225,True,0,1,1,139.97738864960775,100.47978147054059,0.7398684443933068,1.5924177169799805,63.396233395961644,1
2790,7.266781330108643,178.25770568847656,27468.681640625,6.043959140777588,314.39062499999994,400.625,13.665328025817871,87.13187408447266,3.9198269844055176,True,1,1,1,82.59268423336607,68.5645717867343,0.5669943406279442,0.2667813301086426,53.56572154635387,0
2791,8.064652442932129,214.81668090820312,27172.89453125,6.369175434112549,253.48123168945315,490.2803649902344,12.458830833435059,65.39948272705078,3.3241126537323,True,1,1,1,79.35247928207855,55.42317501613198,0.8474658207591288,1.064652442932129,41.41455722413161,0
2792,7.036752223968506,222.2687225341797,18406.59375,8.183988571166992,340.1432173163464,395.44879150390625,9.475981712341309,79.85233306884766,3.7109575271606445,True,1,0,1,77.5513260343887,46.54608662085668,0.6534562812522728,0.03675222396850586,35.16496566264959,1
2793,6.336456298828125,185.6800079345703,25927.265625,8.199318885803223,321.8176574707032,490.972412109375,10.665799140930176,51.55229949951172,4.561219692230225,True,0,0,1,87.45228832841258,52.80798866233677,0.5769727143530061,0.663543701171875,48.64905307498293,2
2794,6.166348457336426,210.08656311035156,37922.90625,6.760220527648926,301.0566108581571,217.3583221435547,12.289237976074219,39.97809600830078,4.8163042068481445,True,0,1,1,83.07795883501967,174.47183849018631,0.6978307561945655,0.8336515426635742,59.18870856312424,1
2795,4.5333991050720215,169.7352294921875,30301.857421875,7.074906826019287,413.1022033691406,385.6561279296875,17.06049156188965,70.2933349609375,3.188640832901001,True,0,1,1,120.70138820645752,78.57221796519046,0.4108795055969132,2.4666008949279785,54.39978002360431,1
2797,7.210773468017578,163.0472869873047,14230.4189453125,7.352940559387207,324.0957336425781,441.5240783691406,9.793009757995605,89.91991424560547,4.462408065795898,True,1,1,1,72.00741864804058,32.230221657775125,0.5030837174303383,0.21077346801757812,43.70040573249753,0
2798,4.238282680511475,134.88951110839844,29344.84375,8.18087387084961,351.23736572265625,402.42718505859375,12.427377700805664,83.76264953613281,3.787425994873047,True,0,1,1,101.66680951570015,72.91963556787977,0.3840408905437154,2.7617173194885254,47.06777335213701,1
2799,8.264090538024902,216.5518798828125,23556.93359375,5.830685138702393,333.50054931640625,450.85748291015625,8.667719841003418,39.80418014526367,3.410510778427124,True,1,1,1,50.538745263374494,52.249179473405974,0.6493299026863988,1.2640905380249023,29.561351942128795,0
2800,7.893312931060791,220.34832763671875,14444.2900390625,8.037400245666504,300.15216064453125,339.0660705566406,18.423633575439453,67.00910186767578,4.097360134124756,True,1,1,0,148.0781170253067,42.60022234825579,0.7341220747151447,0.893312931060791,75.48826173772795,1
2801,4.855587959289551,145.79037475585938,14905.255859375,9.82967472076416,392.66748046875,459.28802490234375,10.446590423583984,52.28948211669922,4.697153091430664,True,0,1,1,102.68658580488045,32.45295983950654,0.37128201757512214,2.144412040710449,49.06923450304748,1
2802,5.230453968048096,152.0941619873047,24790.724609375,6.308729648590088,388.9980773925781,307.9180603027344,12.594196319580078,51.625213623046875,3.69561505317688,True,0,1,0,79.453379721499,80.5107842797231,0.3909894943846246,1.7695460319519043,46.543301501304995,2
2803,7.0172953605651855,170.1324462890625,20169.34375,5.216279983520508,378.2269592285156,512.7684326171875,15.50599193572998,64.62494659423828,4.899611473083496,True,1,1,1,80.88359535897871,39.334214876919724,0.44981575661944506,0.017295360565185547,75.97333598984278,0
2805,9.638222694396973,226.47021484375,30739.689453125,6.849401473999023,312.25014917591807,278.2514343261719,13.728882789611816,69.26811981201172,4.614369869232178,True,0,1,1,94.034630015527,110.47450453253305,0.7252845666084047,2.6382226943969727,63.35014308260497,1
2806,7.337399959564209,176.7534942626953,18543.5,7.127077579498291,278.3611755371094,427.9306945800781,14.773004531860352,85.68083953857422,4.9818339347839355,True,1,1,0,105.28834938084856,43.33295132022138,0.6349789739415462,0.337399959564209,73.59665529553877,1
2807,7.036752223968506,241.06692504882812,22656.71484375,7.293822765350342,314.0030448313177,315.6043395996094,16.40480613708496,46.139183044433594,3.7352044582366943,True,1,1,1,119.65374846382929,71.78834993430392,0.767721613688834,0.03675222396850586,61.27530501974843,0
2808,7.036752223968506,181.63014221191406,22665.138671875,7.221067905426025,302.2090921405666,521.87353515625,10.985421180725098,76.12635040283203,3.291942834854126,True,1,1,1,79.32647231572128,43.43032765909213,0.6010081970876779,0.03675222396850586,36.16337854374274,0
2810,8.315267562866211,229.7574462890625,15077.8505859375,7.053503513336182,329.27430326848696,446.95489501953125,12.195094108581543,77.52342987060547,4.128525257110596,True,1,0,1,86.01813914034528,33.73461331381997,0.6977691344591547,1.315267562866211,50.347754040119526,1
2812,7.17159366607666,250.2252960205078,22431.02734375,7.697674751281738,326.55758483079677,462.7669677734375,7.923397541046143,79.69776153564453,4.622735977172852,True,1,1,1,60.9917371960787,48.471539365057474,0.7662516716122469,0.17159366607666016,36.62777487443691,0
2813,6.94127893447876,180.81771850585938,15433.134765625,7.140121936798096,325.515869140625,480.8785400390625,20.302335739135742,61.520687103271484,4.178959846496582,True,1,0,1,144.9611527792431,32.09362333423679,0.5554805006211984,0.058721065521240234,84.84264584394077,1
2814,7.036752223968506,256.9363708496094,13766.3310546875,5.083866119384766,290.31103515625,384.9065246582031,17.731523513793945,58.354854583740234,3.979296922683716,True,1,0,0,90.14469163685135,35.7653875344062,0.8850382481199307,0.03675222396850586,70.5589969529342,2
2815,6.888547420501709,179.63247680664062,30722.298828125,6.5793280601501465,284.8857421875,393.4931640625,7.701010227203369,63.293582916259766,2.9014320373535156,True,1,1,1,50.66747267934238,78.07581314212983,0.6305421773542875,0.11145257949829102,22.34395779319493,0
2816,6.833110809326172,178.6580810546875,31461.197265625,7.942857265472412,302.5353698730469,415.0974426269531,19.370328903198242,66.62102508544922,3.021573543548584,True,1,1,1,153.85575766335842,75.7923175597754,0.5905361761142895,0.16688919067382812,58.52887334373827,0
2817,8.247958183288574,195.53953552246094,28327.16796875,5.378285884857178,281.2298583984375,588.69921875,18.07693862915039,70.79303741455078,4.723230838775635,True,1,0,1,97.222943870589,48.118235965693245,0.6953014731107438,1.2479581832885742,85.38155400385767,1
2819,7.3560566902160645,234.7823028564453,31409.064453125,7.395529747009277,283.50958251953125,428.75311279296875,22.16632080078125,87.39912414550781,4.549916744232178,True,1,1,1,163.93168486392824,73.25676115857071,0.8281282768004593,0.35605669021606445,100.85491416949662,0
2821,9.752703666687012,269.640380859375,10194.3251953125,7.978044033050537,298.08245849609375,580.0035400390625,12.562614440917969,51.35305404663086,3.4221105575561523,True,0,0,1,100.22509117988011,17.576315442918865,0.9045831858580344,2.7527036666870117,42.99065550877276,2
2822,6.844141960144043,184.39303588867188,41408.11328125,6.459987163543701,361.93149262637866,398.04681396484375,13.16641616821289,68.89061737060547,3.412853240966797,True,1,1,1,85.05487943652952,104.02824925230777,0.5094694414159507,0.15585803985595703,44.935046091603,0
2824,8.801846504211426,205.40782165527344,13121.171875,6.701766490936279,263.48272705078125,399.2835693359375,18.909034729003906,67.96334075927734,4.031496047973633,True,0,1,1,126.72393532278875,32.86178758610201,0.7795874256155607,1.8018465042114258,76.23169878097542,1
2825,6.2831034660339355,236.82321166992188,26188.162109375,9.364360809326172,328.5035095214844,470.8215637207031,16.351911544799805,68.91033935546875,2.6639206409454346,True,0,1,1,153.12519962769147,55.62226557084344,0.7209153147069138,0.7168965339660645,43.56019468310615,1
2826,6.354038238525391,227.23289489746094,16174.43359375,7.567418575286865,411.2852478027344,355.5273132324219,9.969701766967773,82.49259185791016,4.935240268707275,True,0,1,1,75.44490634142221,45.494208029192805,0.5524946385967981,0.6459617614746094,49.20287362734143,1
2827,5.928767204284668,192.0484161376953,19240.05859375,8.986863136291504,400.1641540527344,459.2609558105469,9.893654823303223,52.15778732299805,3.592912197113037,True,0,1,1,88.91292181473636,41.89352112003472,0.4799240854353554,1.071232795715332,35.54703308867238,1
2828,6.823641777038574,170.3281707763672,14053.220703125,8.120631217956543,342.64614485287416,544.0110473632812,13.54221248626709,77.22700500488281,3.3863627910614014,True,1,1,1,109.97131347618142,25.83260164551015,0.4970964151731709,0.17635822296142578,45.85884447214198,0
2829,7.342231273651123,198.16880798339844,35273.9765625,5.268807411193848,300.4059143066406,448.15167236328125,12.388548851013184,62.74338150024414,4.261504173278809,True,1,1,1,65.27287800015529,78.70990706734719,0.6596701259398198,0.34223127365112305,52.79385262946107,0
2830,7.14601993560791,195.92210388183594,22445.173828125,6.652035713195801,314.1312724047366,484.4429626464844,12.367109298706055,57.53065872192383,5.393476486206055,True,1,0,1,82.26645272398855,46.33192246033747,0.6236949978215118,0.14601993560791016,66.70171320491136,1
2831,5.089387893676758,147.99526977539062,39659.875,8.424878120422363,363.2854898850844,498.7008972167969,14.943584442138672,84.25426483154297,3.0540452003479004,True,0,1,1,125.89787760725812,79.52637571300089,0.40738007294159995,1.9106121063232422,45.63838234150717,1
2832,8.594217300415039,228.16090393066406,29706.234375,5.924459934234619,257.1486511230469,517.8446655273438,15.963751792907715,52.95002365112305,4.489544868469238,True,0,1,1,94.57660789714782,57.365144984903345,0.8872724085735747,1.594217300415039,71.66997994336543,1
2833,8.149436950683594,220.2037353515625,23978.107421875,7.38412618637085,360.41400146484375,461.8045349121094,13.364676475524902,103.38021087646484,4.9492573738098145,True,1,0,1,98.6864575352979,51.92263296963049,0.6109744178794554,1.1494369506835938,66.14522359507419,1
2835,7.021617412567139,203.20120239257812,12352.8115234375,6.8457441329956055,380.8040466308594,435.6744079589844,14.507013320922852,68.23338317871094,3.8556363582611084,True,1,1,1,99.3113013289967,28.353309878709055,0.5336109310202385,0.021617412567138672,55.93376800992837,0
2836,7.8333611488342285,249.34005737304688,13394.7314453125,8.341670036315918,393.13787841796875,443.6291198730469,10.983344078063965,76.64573669433594,4.270973205566406,True,1,1,1,91.61943219453406,30.193535128965674,0.6342305598793708,0.8333611488342285,46.90956826492766,0
2837,6.643734455108643,202.41363525390625,14110.9208984375,8.754110336303711,340.97555541992193,291.0847473144531,15.954654693603516,64.3637924194336,3.920607328414917,True,1,0,1,139.66880756543105,48.477019081720314,0.5936309258621096,0.3562655448913574,62.551936114071395,1
2838,6.76141357421875,216.53250122070312,32156.8203125,8.723064422607422,343.6011047363281,526.3251953125,20.3146915435791,60.52159118652344,4.3502068519592285,True,1,1,1,177.2063630600387,61.09686660983494,0.6301856938343655,0.23858642578125,88.373110348316,0
2839,7.2434821128845215,196.9823760986328,29772.01953125,6.497200965881348,294.1482524042499,322.365234375,14.15495491027832,50.65500259399414,4.763578414916992,True,1,1,1,91.96758671506723,92.35493243127442,0.6696703917800206,0.24348211288452148,67.4282376747251,0
2840,7.990658283233643,211.28634643554688,26951.86328125,7.510775566101074,341.51718332678297,638.0001831054688,13.942811965942383,69.39441680908203,3.1609175205230713,True,1,0,1,104.72133143654173,42.24428762358249,0.6186697364937752,0.9906582832336426,44.072078628506006,1
2841,7.6125168800354,225.4927978515625,14812.970703125,7.982595443725586,356.690185546875,341.0749206542969,14.994662284851074,55.893917083740234,2.939593553543091,True,1,1,1,119.69632283525607,43.43025465278557,0.6321811094231745,0.6125168800354004,44.07821259010393,0
2842,6.080992698669434,182.4139862060547,31321.08203125,7.62423849105835,318.7227478027344,498.4541015625,11.398006439208984,81.28838348388672,2.0917868614196777,True,0,1,1,86.90111941514806,62.83644145013878,0.5723281030026361,0.9190073013305664,23.84220011591424,1
2843,7.888424396514893,269.5729064941406,15761.87109375,8.173474311828613,368.88509791791466,490.8951110839844,7.025536060333252,78.50227355957031,2.998065948486328,True,1,1,1,57.42303851595943,32.1084294908469,0.7307774352634578,0.8884243965148926,21.063020432347912,0
2844,6.6588335037231445,182.38955688476562,16828.880859375,7.071299076080322,355.8968811035156,434.6589660644531,16.618053436279297,69.41228485107422,3.969740390777588,True,1,1,1,117.51122591021522,38.717436276609796,0.5124786590058299,0.34116649627685547,65.96935794209821,0
2845,7.036752223968506,208.3038330078125,23495.306640625,5.800340175628662,274.97528076171875,465.3308410644531,5.980339050292969,57.20309066772461,3.2107527256011963,True,1,1,1,34.688000857295265,50.49161696737621,0.7575365744631521,0.03675222396850586,19.20138990574742,0
2846,7.222997665405273,179.56028747558594,21314.869140625,5.864716529846191,331.2107044415957,435.5738830566406,11.87837028503418,79.39400482177734,3.9662585258483887,True,1,1,1,69.66327455827377,48.93514033052836,0.5421331029629078,0.22299766540527344,47.11268741620097,0
2847,7.036752223968506,194.71397399902344,40611.71484375,7.423192024230957,290.332275390625,517.6268920898438,16.340158462524414,72.09361267089844,3.1256086826324463,True,1,1,1,121.29613397368121,78.45750556221793,0.6706590683601683,0.03675222396850586,51.07294116605635,0
2848,6.427720546722412,166.85023498535156,12215.4091796875,7.696751594543457,376.2826232910156,352.745361328125,20.130481719970703,66.73504638671875,2.9044535160064697,True,0,1,1,154.93931727711242,34.62953871048964,0.4434173257394691,0.5722794532775879,58.468048410472875,1
2849,5.023380756378174,136.9768829345703,15040.841796875,7.588021278381348,409.918701171875,454.8847961425781,14.245091438293457,71.98384857177734,4.477351188659668,True,0,0,1,108.09205694625871,33.06516702988566,0.33415621733974266,1.9766192436218262,63.78027708380887,2
2850,7.036752223968506,192.0576629638672,25795.693359375,6.116863250732422,318.92657470703125,509.0628356933594,13.939192771911621,84.31539916992188,3.789196014404297,True,1,0,1,85.2641360113812,50.6729061719219,0.6022002479351016,0.03675222396850586,52.8183336953407,1
2852,7.036752223968506,202.88243103027344,17505.853515625,7.104365825653076,310.53283691406244,429.2898864746094,17.958967208862305,78.58753967285156,3.5370407104492188,True,1,1,1,127.58707290266557,40.77863007350807,0.6533364793014889,0.03675222396850586,63.52159813536855,0
2854,6.903074264526367,206.92250061035156,17947.98828125,7.048017501831055,314.29141363035535,601.9852294921875,11.77510929107666,58.17625427246094,4.473886966705322,True,1,1,1,82.99117636948176,29.814665496985025,0.658377833367537,0.09692573547363281,52.68050798887862,0
2855,7.466558456420898,212.81602478027344,16679.673828125,5.4362640380859375,366.6013488769531,358.9095764160156,6.134210586547852,46.65542984008789,4.991674900054932,True,1,1,1,33.34718841369613,46.47319235170876,0.5805107505788057,0.46655845642089844,30.61998501652215,0
2856,7.397650718688965,260.0833740234375,26730.634765625,8.076995849609375,361.1131896972656,376.482177734375,17.847827911376953,101.46682739257812,3.0784788131713867,True,1,1,1,144.156831964734,71.00106266778874,0.7202267342304726,0.39765071868896484,54.94416008630287,0
2857,7.036752223968506,154.92596435546875,30037.220703125,5.796570777893066,252.0672607421875,311.7500305175781,13.90465259552002,77.53204345703125,4.113584995269775,True,1,0,1,80.59930291194632,96.3503373420873,0.6146215231787057,0.03675222396850586,57.19797028137009,1
2858,7.036752223968506,226.31857299804688,18465.265625,6.026303768157959,358.6972351074219,366.9263000488281,10.269401550292969,61.15932846069336,3.4065632820129395,True,1,1,1,61.8865332592577,50.32418110181413,0.6309459628238381,0.03675222396850586,34.983366249474784,0
2859,5.539533615112305,200.71168518066406,21021.41796875,9.827308654785156,390.5541687011719,437.3416442871094,14.955890655517578,67.16981506347656,3.75566029548645,True,0,1,1,146.97615367898834,48.06635314811993,0.513915100008371,1.4604663848876953,56.16924471856419,1
2860,7.376161098480225,199.170166015625,17181.009765625,6.602451801300049,388.02850341796875,357.3729248046875,16.948291778564453,75.88616180419922,4.01023530960083,True,1,1,1,111.90027958234168,48.075857248947884,0.5132874614826928,0.3761610984802246,67.96663812781662,0
2862,6.701941013336182,168.7454071044922,17176.87890625,6.390965938568115,330.67474365234375,404.93072509765625,10.827839851379395,52.112709045410156,4.179449558258057,True,1,1,1,69.20035567843615,42.419302362615696,0.5103063050125082,0.29805898666381836,45.25441048373659,0
2863,5.547576427459717,182.6447296142578,27417.998046875,9.586090087890625,378.5261535644531,596.6505126953125,11.565241813659668,78.87860107421875,4.448670864105225,True,0,1,1,110.86544991398114,45.95319607966744,0.48251548119420157,1.4524235725402832,51.44995429275923,1
2864,9.001822471618652,263.5141906738281,15379.9130859375,6.4736738204956055,355.0064392089844,561.68701171875,22.045455932617188,61.51434326171875,3.9768733978271484,True,0,1,1,142.71509093187342,27.3816426901054,0.7422800288318804,2.0018224716186523,87.67198724139598,1
2865,9.130768775939941,266.7449645996094,9929.1943359375,6.011964321136475,352.1532287597656,542.8067626953125,10.974206924438477,65.78245544433594,4.771443843841553,True,0,1,1,65.97654048249296,18.292318740359214,0.7574684599132581,2.1307687759399414,52.36281207065531,1
2866,4.077920436859131,185.85232543945312,9975.6015625,10.758464813232422,305.79184160893277,307.8775634765625,9.702581405639648,64.36111450195312,4.7890520095825195,True,0,1,1,104.38488065009733,32.401196818157246,0.6077739806719881,2.922079563140869,46.466166978816545,1
2867,7.125211238861084,209.74676513671875,16701.56640625,7.458741664886475,320.5009460449219,404.70458984375,18.952796936035156,92.34737396240234,3.9080753326416016,True,1,1,1,141.36401617293814,41.26853706163716,0.6544341508835553,0.12521123886108398,74.06895819028432,0
2869,7.1712236404418945,199.16017150878906,13163.03125,5.762522220611572,351.27813720703125,436.6024475097656,19.103151321411133,52.577449798583984,2.209091901779175,False,1,1,1,110.08233397333697,30.148780188770697,0.5669586286391979,0.17122364044189453,42.200616882591476,0
2870,7.036752223968506,176.38665771484375,26003.1640625,7.809251308441162,358.4297790527343,336.1419982910156,14.44796085357666,90.22484588623047,4.410674095153809,False,1,1,1,112.82775720010022,77.35767656926353,0.4921093824539152,0.03675222396850586,63.725246664666884,0
2871,6.977744102478027,166.8455810546875,18622.4453125,6.609706401824951,353.33990478515625,333.96856689453125,12.534560203552246,48.46358871459961,3.530622720718384,False,1,1,1,82.84976282147954,55.7610718574601,0.4721956912394033,0.022255897521972656,44.25480304887401,0
2872,6.357166767120361,191.13551330566406,14782.8046875,6.15444803237915,346.594216030874,527.9326171875,18.863094329833984,69.62632751464844,5.222077369689941,False,0,1,1,116.09193378282907,28.001309595630545,0.5514676930937888,0.6428332328796387,98.5045380221527,1
2873,7.036752223968506,231.3051300048828,15629.7626953125,7.018066883087158,297.7488708496094,406.3404235839844,11.835535049438477,49.67969512939453,4.4642438888549805,False,1,1,1,83.0625765740815,38.46470040807389,0.7768463691164319,0.03675222396850586,52.83671501578465,0
2874,8.339436531066895,175.59674072265625,12629.853515625,6.976313591003418,336.6875049625631,452.3375244140625,17.528839111328125,101.85139465332031,4.13369607925415,False,1,1,1,122.28667852687067,27.92130390699696,0.5215421945065618,1.3394365310668945,72.45889350837388,0
2875,6.276956558227539,178.263916015625,25590.6796875,6.748702526092529,348.65438178404884,445.1861267089844,8.567973136901855,70.76553344726562,3.2142865657806396,False,0,1,1,57.822701952502484,57.48310222332103,0.5112911949999462,0.7230434417724609,27.53992094991304,1
2878,4.317187309265137,225.5145721435547,27163.45703125,6.8881354331970215,325.9336853027344,446.34130859375,17.152944564819336,43.38591384887695,4.078277111053467,False,0,1,1,118.15180524059633,60.85803945857841,0.6919032355989488,2.6828126907348633,69.95446120587167,1
2879,4.227537155151367,201.44747924804688,13122.3291015625,6.932558059692383,374.8435363769531,402.6607666015625,22.823293685913086,76.46942901611328,4.479628086090088,False,0,1,1,158.22380859100303,32.589043078930395,0.5374175066688309,2.772462844848633,102.23986741249882,1
2880,4.140077114105225,253.59983825683594,40626.84765625,7.754532814025879,265.46875,432.5111999511719,19.12669563293457,61.52001953125,3.1675825119018555,False,0,1,1,148.3185889094766,93.93247519810834,0.9552907349793345,2.8599228858947754,60.585386597353136,1
2881,5.349997520446777,193.80812072753906,31795.625,8.217819213867188,327.2333984375,431.4760437011719,11.776192665100098,55.81650924682617,3.83872127532959,False,0,1,1,96.77462234946142,73.69035984841464,0.5922626512473568,1.6500024795532227,45.20552132590001,1
2882,7.578014373779297,204.73048400878906,19944.572265625,6.192652702331543,355.00717646599827,517.4830322265625,13.975825309753418,54.63770294189453,3.5038185119628906,False,1,1,1,86.54743237175808,38.54149988506568,0.5766939290358366,0.5780143737792969,48.968755440273526,0
2883,7.710137844085693,174.35057067871094,31017.240234375,8.212234497070312,269.85980224609375,437.5140686035156,9.320039749145508,51.54533386230469,3.8986709117889404,False,1,1,1,76.53835194199928,70.89426921169294,0.6460783287524859,0.7101378440856934,36.335767866710285,0
2884,8.330743789672852,198.9958038330078,28919.8125,7.436213493347168,304.2938537597656,429.2254943847656,14.713229179382324,83.62782287597656,2.4080491065979004,False,1,1,1,109.41071335443212,67.37673509835605,0.653959324910164,1.3307437896728516,35.430178380581765,0
2885,6.510972499847412,188.88291931152344,20081.74609375,6.55969762802124,368.9857482910156,367.9345703125,14.807579040527344,101.24825286865234,3.9625251293182373,False,1,1,1,97.13324110888425,54.57966622194318,0.5118975994993055,0.4890275001525879,58.67540405245563,0
2886,7.036752223968506,206.0363006591797,8667.720703125,6.329952239990234,353.5293884277343,599.5460205078125,21.118938446044922,55.93232345581055,4.128746032714844,False,1,1,1,133.68187172275793,14.457139889488957,0.5827982250434542,0.03675222396850586,87.19473332425696,0
2887,6.934310436248779,228.19447326660156,13901.64453125,6.045502662658691,281.5521240234375,403.215087890625,17.811901092529297,66.77933502197266,4.210975170135498,False,1,1,1,107.68189548189912,34.47699482055078,0.8104874834370572,0.0656895637512207,75.00547323355022,0
2888,8.618654251098633,257.59588623046875,11595.3544921875,6.399933338165283,342.2357293043666,343.7400207519531,15.33116626739502,75.6874008178711,4.141341686248779,False,0,0,1,98.11844210765639,33.732919527638956,0.7526855422178638,1.6186542510986328,63.491597961974094,2
2889,8.46096420288086,236.831787109375,13158.8486328125,5.478275775909424,357.47831179894916,547.9116821289062,16.74146270751953,74.25154113769531,4.728493690490723,False,1,1,1,91.71434960389524,24.01636803520512,0.6625067273453663,1.4609642028808594,79.16190078209183,0
2890,4.004248142242432,210.4860076904297,32821.8515625,6.868438243865967,321.04927505056736,354.4395446777344,14.504057884216309,58.51408386230469,4.445946216583252,False,0,1,1,99.62022586319699,92.60211498054024,0.6556190073989663,2.9957518577575684,64.48426127543598,1
2893,5.660736083984375,232.74984741210938,16488.017578125,6.262932777404785,294.2103271484375,385.748046875,18.87594223022461,76.98265838623047,5.01618766784668,False,0,1,1,118.21875729807289,42.74297088204027,0.7911001931063427,1.339263916015625,94.68526863423904,1
2894,9.396148681640625,224.7539520263672,25825.38671875,7.391299247741699,301.61505126953125,503.793701171875,16.87692642211914,58.97405242919922,4.606058120727539,False,0,1,1,124.74241356800121,51.26182921186929,0.7451682213310795,2.396148681640625,77.73610399952304,1
2896,7.036752223968506,184.6884002685547,20857.908203125,6.462945938110352,322.6805725097656,395.7856140136719,18.44378662109375,66.2426986694336,3.776099681854248,False,1,1,1,119.2011958261719,52.700015897254104,0.5723567373756551,0.03675222396850586,69.64557679209975,0
2897,7.817901134490967,221.08970642089844,13742.1455078125,6.373737335205078,287.698486328125,460.5992126464844,12.704827308654785,66.77760314941406,4.6226677894592285,False,1,0,1,80.97723215450605,29.835364674243163,0.7684771250421691,0.8179011344909668,58.730195970360455,1
2898,7.036752223968506,220.8927001953125,7460.2470703125,4.987537384033203,332.46871749288795,320.3547668457031,13.114364624023438,40.61290740966797,4.266869068145752,False,1,1,1,65.40838383015944,23.28745446955758,0.6644014546590727,0.03675222396850586,55.9572767626305,0
2900,6.970036506652832,182.8885955810547,32037.60546875,7.4127655029296875,376.9519348144531,325.7923889160156,14.351241111755371,70.05271911621094,4.275287628173828,False,1,1,1,106.38238503744651,98.33748872098828,0.48517749401100796,0.02996349334716797,61.35568357402735,0
2902,6.58800745010376,244.94322204589844,23898.974609375,6.780936241149902,273.73663330078125,330.9148254394531,9.250627517700195,47.38874053955078,4.21645450592041,False,1,0,1,62.727915388151814,72.22092423757795,0.8948134496925074,0.41199254989624023,39.00485007959833,1
2903,9.004352569580078,222.48977661132812,16544.828125,6.1240949630737305,305.1050798969457,411.1936340332031,16.036914825439453,67.2646713256836,3.527893543243408,False,0,1,1,98.21158930571619,40.2360997724686,0.7292234398629295,2.004352569580078,56.576528266212335,1
2904,7.036752223968506,161.57888793945312,11582.462890625,6.720473289489746,364.1495746107881,393.8377380371094,11.319488525390625,78.89851379394531,4.374332427978516,False,1,1,1,76.07232028557337,29.409225532684776,0.44371571123881404,0.03675222396850586,49.51520572474692,0
2905,4.328282356262207,192.16632080078125,30592.548828125,7.425894260406494,327.3033752441406,543.7160034179688,11.186939239501953,72.56639862060547,3.7085258960723877,False,0,1,1,83.07302789013374,56.265676528822034,0.5871198855505891,2.671717643737793,41.487053867481336,1
2906,7.417823791503906,243.3046875,320.9425964355469,4.59867000579834,336.0979919433594,361.1017761230469,20.421472549438477,87.05257415771484,3.4708120822906494,False,1,1,1,93.91161328733688,0.8887870865453659,0.723909968545997,0.41782379150390625,70.8790936627579,0
2908,7.036752223968506,239.7579345703125,12318.404296875,6.407732963562012,259.12213134765625,481.97991943359375,14.669447898864746,78.8013687133789,4.742163181304932,False,1,1,1,93.99790485881113,25.55792010130473,0.9252699968084417,0.03675222396850586,69.56491571606739,0
2909,7.928831100463867,231.25221252441406,17444.814453125,6.291798114776611,328.06327490142706,389.00567626953125,13.879724502563477,95.55305480957031,3.4135730266571045,False,1,1,1,87.32842445884762,44.84462688455308,0.7049012477516632,0.9288311004638672,47.37945317938238,0
2910,7.975329875946045,165.71424865722656,17182.451171875,7.00219202041626,383.26666259765625,363.85357666015625,18.659303665161133,76.0327377319336,3.306128978729248,False,1,1,1,130.65602723071515,47.223532285626234,0.4323732387828784,0.9753298759460449,61.69006457029809,0
2911,9.504158020019531,195.10923767089844,19946.265625,7.467684745788574,300.6795349121094,382.4729919433594,14.35936450958252,78.306884765625,4.34304141998291,False,0,1,1,107.23120730742721,52.1507818669797,0.6488943022977466,2.5041580200195312,62.36331482974947,1
2912,5.158722400665283,119.09384155273438,33892.24609375,7.5721755027771,407.4768371582031,325.20257568359375,16.96398162841797,73.2248306274414,4.094605445861816,False,0,1,1,128.4542461162673,104.21887316940143,0.292271438276195,1.8412775993347168,69.46081155922002,1
2913,3.923473596572876,227.70553588867188,24200.353515625,7.000875473022461,322.83822525871886,292.3901672363281,19.39433479309082,61.78567886352539,4.582982540130615,False,0,1,1,135.77732276853567,82.76732990578792,0.7053239590846694,3.076526403427124,88.88389773418294,1
2914,7.036752223968506,193.4622039794922,13852.5322265625,7.145701885223389,358.9565734863282,480.3106994628906,10.256035804748535,66.62102508544922,3.6732394695281982,False,1,1,1,73.28657438491018,28.840773718370997,0.538957126656168,0.03675222396850586,37.67287551889672,0
2915,5.849778175354004,229.9366912841797,27435.306640625,6.574957370758057,277.03302001953125,596.4031982421875,14.908557891845703,67.64448547363281,3.6438159942626953,False,0,1,1,98.0231325983641,46.00127342624141,0.8299974148856746,1.150221824645996,54.3240416976987,1
2916,5.890870571136475,184.05575561523438,34920.0390625,7.401366710662842,343.7915954589844,281.5444641113281,14.72877311706543,62.6016845703125,4.370776653289795,False,0,1,1,109.01305103755385,124.030280789544,0.5353701414199428,1.1091294288635254,64.37617767167194,1
2917,5.963479042053223,223.03163146972656,24435.642578125,6.221292018890381,305.947021484375,284.4970397949219,15.188556671142578,40.142704010009766,3.727813243865967,False,0,1,1,94.49244639664357,85.89067397625165,0.7289877497700341,1.0365209579467773,56.620102713894084,1
2918,6.106759548187256,211.45448303222656,39430.30859375,8.31689739227295,348.77673339843756,389.5914306640625,12.896953582763672,85.35804748535156,3.924967050552368,False,0,0,1,107.26263962075245,101.2093834439101,0.6062746226377129,0.8932404518127441,50.62011786485073,2
2919,6.898932456970215,209.6364288330078,15422.220703125,6.884918212890625,293.56201171875,396.81121826171875,15.671717643737793,66.59733581542969,3.688455581665039,False,1,1,1,107.89849423264968,38.86538473337166,0.714112929297334,0.10106754302978516,57.80443441732314,0
2920,8.091812133789062,200.97329711914062,26472.69140625,6.725680351257324,329.73559259213323,432.18994140625,13.79865550994873,32.667076110839844,4.370031356811523,False,1,1,1,92.80534623703079,61.25244668781809,0.6094983405635448,1.0918121337890625,60.300557260316054,0
2922,8.886979103088379,180.56396484375,26062.447265625,8.808963775634766,327.22357177734375,378.658935546875,17.6186580657959,48.475982666015625,4.731194972991943,False,0,1,1,155.20212067689135,68.82829044864935,0.5518061040382719,1.886979103088379,83.35730647175751,1
2923,6.532097339630127,163.396240234375,8240.8125,6.641543388366699,402.8368225097657,601.032958984375,17.896127700805664,55.02240753173828,4.5993242263793945,False,1,1,1,118.857908608652,13.711082500723814,0.4056139625239943,0.46790266036987305,82.31009369269486,0
2924,7.833980560302734,203.16940307617188,11174.2744140625,6.24650239944458,394.89080810546875,338.2311096191406,16.276592254638672,47.931640625,4.254477024078369,False,1,1,1,101.67177257338153,33.03739385063576,0.5144951424329268,0.8339805603027344,69.24838777765217,0
2926,6.782868385314941,196.18255615234375,25366.798828125,7.2003583908081055,312.42660522460943,435.0945739746094,12.118474960327148,76.34799194335938,5.46859073638916,False,1,1,1,87.2573628643895,58.30180445160761,0.6279316557671928,0.2171316146850586,66.27097990720904,0
2927,8.288765907287598,211.45274353027344,11234.041015625,6.385510444641113,360.84332275390625,525.088623046875,15.098570823669434,63.0,3.5805234909057617,False,1,1,1,96.41208169369474,21.394561796147634,0.5859959977380194,1.2887659072875977,54.06078751325276,0
2929,7.528980255126953,225.3409881591797,8129.73486328125,6.305472373962402,309.23123168945307,379.33929443359375,16.961944580078125,64.26578521728516,3.644409656524658,False,1,1,1,106.95307295836392,21.431301637202576,0.7287135461684734,0.5289802551269531,61.81627462107281,0
2930,9.764657974243164,119.16400909423828,38781.45703125,9.33463191986084,380.2306213378906,512.3318481445312,14.967733383178711,59.19317626953125,3.024571180343628,False,0,1,1,139.71828180658667,75.69597146069592,0.31339929530542543,2.764657974243164,45.27097502582956,1
2931,10.191665649414062,211.56690979003906,13630.046875,6.524476528167725,297.049072265625,468.37139892578125,17.411746978759766,72.72057342529297,3.4034225940704346,False,0,1,1,113.60253447731338,29.100937583208186,0.7122288161486815,3.1916656494140625,59.25953306974861,1
2933,7.036752223968506,200.66192626953125,29513.8046875,7.966300010681152,347.5414123535156,476.20159912109375,19.950054168701172,66.62102508544922,3.0279464721679688,False,1,1,1,158.9281167372137,61.977542032607424,0.5773755833392435,0.03675222396850586,60.40769613967859,0
2934,6.6577935218811035,205.54318237304688,18844.037109375,6.734228134155273,363.3979187011719,555.8990478515625,8.006965637207031,66.93478393554688,3.8689258098602295,False,1,1,1,53.920733263294096,33.898307882168695,0.5656146368203441,0.3422064781188965,30.978356012454242,0
2935,7.005229949951172,219.9219970703125,26597.5859375,7.3510212898254395,333.5837097167969,379.59881591796875,13.284690856933594,98.96538543701172,3.5898656845092773,False,1,1,1,97.65604531806821,70.06762074089323,0.6592707917234605,0.005229949951171875,47.690255836620054,0
2936,7.036752223968506,178.0804443359375,35044.37109375,7.7600274085998535,357.08282470703125,381.6451416015625,17.551382064819336,71.1111831665039,3.7616331577301025,False,1,1,1,136.19920588180594,91.82449134518744,0.49870907116110835,0.03675222396850586,66.02186073901385,0
2937,6.227841854095459,183.30905151367188,38976.03515625,8.247332572937012,326.6814755982743,531.6307373046875,15.84784984588623,46.64358901977539,4.599573135375977,False,0,1,1,130.7024882449923,73.31411137087431,0.561124718249912,0.772158145904541,72.89334440461062,1
2938,6.392760276794434,216.675537109375,19323.677734375,5.906405448913574,283.20550537109375,358.17449951171875,14.982645988464355,41.586605072021484,4.421528339385986,False,0,1,1,88.49358190540897,53.9504562909072,0.7650823597527716,0.6072397232055664,66.24619383698291,1
2939,6.088022708892822,162.27835083007812,23567.1328125,7.698581695556641,372.8350830078125,387.97064208984375,13.663607597351074,75.26606750488281,4.173083305358887,False,0,1,1,105.19039934423563,60.74462909051208,0.43525504382703883,0.9119772911071777,57.01937275548062,1
2940,3.9613890647888184,173.02964782714844,24028.40625,8.005631446838379,391.0022888183594,444.7942810058594,19.945280075073242,59.83454132080078,4.092966079711914,False,0,0,1,159.6745613850053,54.02139196043772,0.4425284770263867,3.0386109352111816,81.63535479762868,2
2941,4.27515983581543,229.443115234375,26098.638671875,6.525202751159668,281.8968200683594,508.7920837402344,16.133203506469727,66.65419006347656,3.732856035232544,False,0,1,1,105.27242390543506,51.29529223159938,0.8139258696313413,2.7248401641845703,60.22292607676036,1
2942,7.30190372467041,224.46780395507812,23565.177734375,7.554047584533691,280.1294860839844,487.33331298828125,8.524864196777344,68.94019317626953,3.430699110031128,False,1,1,1,64.39722979414364,48.35535978757583,0.8013001640479976,0.30190372467041016,29.24624401302026,0
2944,6.798097610473633,198.1163787841797,35883.78125,7.05181360244751,341.21684115924694,470.4935302734375,10.888638496398926,58.47380447387695,3.571622610092163,False,1,1,1,76.78464906103954,76.26838386678129,0.5806172331074976,0.2019023895263672,38.89010744685834,0
2946,5.808238506317139,195.51451110839844,43110.50390625,7.368819236755371,281.9189147949219,325.83135986328125,15.047019004821777,51.29479217529297,4.819063663482666,False,0,1,1,110.87876309855437,132.30925283566904,0.6935132768835662,1.1917614936828613,72.51254252986973,1
2947,7.036752223968506,183.52110290527344,20461.251953125,7.333212375640869,333.1194763183594,356.3690185546875,20.17902946472168,67.01990509033203,4.88663387298584,False,1,1,1,147.97710859911876,57.415911121267,0.5509167593040016,0.03675222396850586,98.60752890628828,0
2948,5.679330348968506,182.145263671875,17909.115234375,7.538592338562012,346.95490891937544,546.8951416015625,15.219354629516602,81.55559539794922,3.2920711040496826,False,0,1,1,114.73251020793214,32.74689028902674,0.5249825221213946,1.3206696510314941,50.10319759811637,1
2950,6.316470623016357,187.03012084960938,32651.802734375,8.149177551269531,314.2083435058594,463.3412170410156,14.243420600891113,60.26918029785156,4.902735710144043,False,0,1,1,116.07216341407184,70.4703174745067,0.5952423737941869,0.6835293769836426,69.83172681459018,1
2951,8.605374336242676,217.04312133789062,22970.95703125,7.409956932067871,333.6117681312003,264.699462890625,16.69294548034668,46.50165939331055,3.665323257446289,False,0,1,1,123.69400707872592,86.78127523802505,0.65058592478053,1.6053743362426758,61.1850413043976,1
2952,7.036752223968506,162.9785614013672,26281.296875,8.523670196533203,369.8626708984375,403.60003662109375,12.38824462890625,66.62102508544922,5.185641765594482,False,1,1,1,105.59331153077073,65.11718143017941,0.44064614729793633,0.03675222396850586,64.24099875005777,0
2953,7.057552814483643,177.67430114746094,13129.1494140625,7.312352180480957,367.32852172851557,393.7405090332031,16.356321334838867,53.841796875,4.48640251159668,False,1,1,1,119.60318197745619,33.34467518456598,0.48369317968475894,0.05755281448364258,73.38104111710345,0
2954,4.850104331970215,186.67617797851562,32808.30859375,7.496262550354004,293.7579345703125,392.70050048828125,10.630768775939941,85.1579818725586,3.885385513305664,False,0,1,1,79.69103385655126,83.54536973956232,0.6354762046379976,2.149895668029785,41.304634997339235,1
2955,7.036752223968506,202.6143798828125,31606.349609375,6.46458101272583,335.73422236957487,380.97467041015625,13.46044921875,67.05912017822266,4.775120735168457,False,1,1,1,87.01616444229148,82.96181342551168,0.6034963544951907,0.03675222396850586,64.27527016913518,0
2956,4.560916423797607,165.7731170654297,22939.14453125,7.988232135772705,352.79351806640625,323.78326416015625,13.564149856567383,79.31658172607422,4.123621940612793,False,0,1,1,108.3535777786683,70.8472209640093,0.4698870815544269,2.4390835762023926,55.93342595430113,1
2957,9.130827903747559,209.7430419921875,11643.6630859375,6.594682216644287,326.3945617675781,509.6617736816406,11.274065017700195,67.52828979492188,3.074134349822998,False,0,1,1,74.34887608151894,22.84586301024968,0.6426058087908258,2.1308279037475586,34.65799053305,1
2958,7.036752223968506,185.1219940185547,16110.18359375,6.444435119628906,355.5673522949219,386.50860595703125,11.215654373168945,38.0415153503418,2.840893030166626,False,1,1,1,72.27855693206948,41.68130619544261,0.5206383328027505,0.03675222396850586,31.862474337493495,0
2959,4.233558654785156,194.97503662109375,22185.763671875,7.116809368133545,377.8468933105469,355.8171081542969,14.859198570251465,62.01638412475586,3.515671968460083,False,0,1,1,105.7500835877222,62.3515932794967,0.5160159830792379,2.7664413452148438,52.24006788721522,1
2960,5.571019649505615,189.7282257080078,26138.09765625,8.832761764526367,361.8555603027344,434.0512390136719,16.16693115234375,88.72737121582031,3.931306838989258,False,0,1,1,142.79865133215208,60.21892174625902,0.5243203255601702,1.4289803504943848,63.55716700467747,1
2961,7.036752223968506,155.31756591796875,22911.615234375,8.315815925598145,409.5863647460938,424.7796630859375,16.293228149414062,84.89241790771484,4.825701713562012,False,1,1,1,135.49148612430145,53.937646199889016,0.3792058986998886,0.03675222396850586,78.62625900008425,0
2962,8.527142524719238,217.394775390625,3413.08154296875,5.670027256011963,337.6310729980469,615.6111450195312,14.926751136779785,82.59014892578125,2.649423837661743,False,0,1,1,84.63508578924893,5.544216613096321,0.6438826048098955,1.5271425247192383,39.547290280628886,1
2963,4.570854187011719,194.9679412841797,44260.19140625,8.030451774597168,339.1631243809215,460.779052734375,17.942184448242188,79.00827026367188,4.484186172485352,False,0,1,1,144.08384694253618,96.05512891166413,0.5748500550146982,2.4291458129882812,80.45609540698933,1
2964,8.90373420715332,194.21627807617188,13319.49609375,5.566895961761475,323.42437744140625,317.3492431640625,17.130157470703125,61.42879104614258,4.365169525146484,False,0,1,1,95.36180444799538,41.9710975800028,0.6004998108432862,1.9037342071533203,74.77604135207366,1
2965,9.459930419921875,222.8946533203125,14450.17578125,6.790914058685303,293.7463073730469,433.14501953125,9.069161415100098,67.90681457519531,3.322889804840088,False,0,1,1,61.58789575428955,33.36105714323332,0.7587998451958231,2.459930419921875,30.13582400468522,1
2966,6.040281772613525,139.7708740234375,20472.875,6.810977935791016,357.59326171875,488.2749328613281,15.882251739501953,53.2790412902832,5.761580467224121,False,0,0,1,108.17366616842628,41.92899037044234,0.39086551284767473,0.9597182273864746,91.50687139785077,2
2967,7.036752223968506,171.16664123535156,20412.283203125,6.896317958831787,367.18951416015625,354.2703552246094,16.403175354003906,63.25790786743164,3.9789326190948486,False,1,1,1,113.1215127756841,57.61781318836482,0.4661534008145472,0.03675222396850586,65.26712947277883,0
2968,4.663492202758789,170.9518280029297,41452.625,8.725765228271484,362.4154052734375,378.14898681640625,16.274051666259766,60.61875534057617,3.742293357849121,False,0,1,1,142.00355415254307,109.61982270365223,0.4717013268303193,2.336507797241211,60.90227545593734,1
2969,5.7263360023498535,191.75228881835938,35899.28125,8.066654205322266,378.77459716796875,307.987548828125,12.568720817565918,60.192352294921875,3.9122891426086426,False,0,1,1,101.38752463853962,116.56081965012511,0.5062437918113142,1.2736639976501465,49.17246999104236,1
2971,4.281522274017334,188.7835693359375,22330.466796875,6.957676410675049,325.16082763671875,306.6925048828125,16.274856567382812,82.59522247314453,4.371167182922363,False,0,0,1,113.23518562599929,72.81060465627253,0.5805852141767458,2.718477725982666,71.14011893411225,2
2972,7.948488235473633,197.59454345703125,23602.1875,7.098458290100098,355.1436149120031,394.7679748535156,14.876693725585938,78.97422790527344,3.8911242485046387,False,1,1,1,105.6015899056656,59.787492764504115,0.5563792634977026,0.9484882354736328,57.887063693204254,0
2973,6.825646877288818,176.841064453125,12838.9140625,5.79242467880249,393.79864501953125,447.28912353515625,15.821346282958984,104.23094940185547,2.8044803142547607,False,1,1,1,91.64395666129167,28.703836865791896,0.4490646837936416,0.17435312271118164,44.3706541955662,0
2974,7.28537130355835,169.14918518066406,17375.970703125,9.40468692779541,394.0924377441406,373.1902770996094,15.260509490966797,80.79598236083984,3.6944820880889893,False,1,1,1,143.52031412119322,46.56061993792648,0.4292119527075777,0.2853713035583496,56.37967896948885,0
2975,5.984941005706787,180.7765655517578,33244.5546875,8.086517333984375,364.7063903808594,392.97100830078125,20.471817016601562,50.1416015625,3.488675355911255,False,0,1,1,165.54570316290483,84.59798280451399,0.495676987911557,1.015058994293213,71.41952351654254,1
2976,5.368988513946533,250.66091918945312,15973.6865234375,6.4162983894348145,277.1519470214844,334.8199462890625,15.684362411499023,44.040382385253906,3.7378828525543213,False,0,1,1,100.63554928021313,47.708288149411906,0.9044169488212376,1.6310114860534668,58.62630931118974,1
2977,4.016590118408203,255.61656188964844,28612.265625,7.340595245361328,290.690673828125,442.3851318359375,9.305732727050781,71.34213256835938,4.4171342849731445,False,0,1,1,68.30961741079227,64.67727665615543,0.8793421462204983,2.983409881591797,41.10467107545264,1
2978,7.036752223968506,254.12538146972656,9959.134765625,4.008584022521973,321.01638666982393,364.8062744140625,11.316645622253418,59.35322189331055,3.1705431938171387,False,1,1,1,45.36372482990828,27.299790153886967,0.7916274409364515,0.03675222396850586,35.87991375447609,0
2979,7.719000816345215,196.0075225830078,13939.2939453125,6.935550689697266,345.6536560058594,423.2035217285156,16.8367862701416,89.3386459350586,2.8848187923431396,False,1,1,1,116.77238462816604,32.937565962215615,0.5670633555012126,0.7190008163452148,48.57107743476945,0
2980,5.983731269836426,221.55738830566406,18438.82421875,6.654372215270996,316.77899169921875,443.5439453125,19.13637924194336,53.66182327270508,3.8493828773498535,False,0,1,1,127.34059032847654,41.5715835421613,0.6994068211967343,1.0162687301635742,73.66325058840994,1
2981,7.732601642608643,166.98683166503906,18445.744140625,7.172851085662842,327.11353897489266,453.3856201171875,13.111401557922363,77.23212432861328,3.8549938201904297,False,1,1,1,94.0461308993049,40.68444891386904,0.5104858443886364,0.7326016426086426,50.54437197982588,0
2982,8.847880363464355,190.7008514404297,11705.072265625,6.663396835327148,380.5924987792969,386.4641418457031,16.31910514831543,85.69364929199219,4.14345121383667,False,0,1,1,108.74067360065601,30.28760231010172,0.5010630833529717,1.8478803634643555,67.61741603551582,1
2983,7.561832904815674,170.17515563964844,23254.009765625,7.583326816558838,328.70263671875,397.5879821777344,16.140317916870117,66.74678039550781,4.0321502685546875,False,1,0,1,122.39730568678624,58.487707751543695,0.517717645409516,0.5618329048156738,65.08018722306588,1
2984,8.758560180664062,174.7286834716797,25564.767578125,8.0702543258667,372.74099154740134,371.9151611328125,14.94369888305664,47.18556594848633,4.444375514984131,False,0,0,1,120.59945055543722,68.73816983292473,0.468767017755525,1.7585601806640625,66.41540941915264,2
2985,7.036752223968506,188.44546508789062,28791.615234375,8.040356636047363,382.0094909667969,422.23486328125,10.575690269470215,63.23536682128906,3.228379249572754,False,1,1,1,85.03232143891637,68.18862597570093,0.49330047826212065,0.03675222396850586,34.14233901586613,0
2988,5.801571369171143,201.89247131347656,15327.8798828125,6.860647201538086,328.9325866699218,281.08502197265625,19.812482833862305,55.39756393432617,4.425377368927002,False,0,1,1,135.9264549096588,54.53111560591254,0.6137806920975315,1.1984286308288574,87.67771315522896,1
2990,5.143587589263916,180.3826141357422,32740.564453125,7.988892555236816,328.43743896484375,389.2421569824219,13.943182945251465,66.62102508544922,3.0961644649505615,False,0,1,1,111.39059042762437,84.11361354800515,0.549214529729164,1.856412410736084,43.170387563392296,1
2991,6.628256320953369,198.86573791503906,15911.357421875,7.5179057121276855,342.01593017578125,437.91864013671875,15.005742073059082,38.8459587097168,4.464457035064697,False,1,1,1,112.81175404576561,36.33404912970456,0.5814516804272218,0.37174367904663086,66.99249076443493,0
2992,7.036752223968506,196.08355712890625,18592.083984375,7.245436191558838,321.81402587890625,552.8790283203125,15.664786338806152,81.08082580566406,4.762871742248535,False,1,1,1,113.49820987222256,33.62776122514788,0.6093070554773845,0.03675222396850586,74.60936820146071,0
2994,4.497585296630859,193.93650817871094,27768.3828125,6.906347751617432,330.4306945800781,556.0328979492188,22.618412017822266,81.26581573486328,4.965738773345947,False,0,1,1,156.2106189844435,49.94017955587917,0.5869203762630202,2.5024147033691406,112.31712554841397,1
2995,5.584124565124512,203.7564239501953,29999.986328125,7.213328838348389,310.66027832031244,366.5581359863281,14.183025360107422,65.88127136230469,3.852731943130493,False,0,1,1,102.3068258450894,81.84236905711887,0.655881802449898,1.4158754348754883,54.64339485511573,1
2996,7.036752223968506,205.0658721923828,16034.4541015625,7.136008262634277,397.46966552734375,459.2983703613281,19.637893676757812,70.0598373413086,4.8581647872924805,False,1,1,1,140.13617153807718,34.91075758452507,0.515928357461903,0.03675222396850586,95.40412355701847,0
2998,9.1307954788208,200.0323486328125,28273.603515625,7.497526168823242,339.0362234925756,453.8735656738281,12.860513687133789,64.17849731445312,3.025707483291626,False,0,0,1,96.42203791379507,62.294007828712246,0.5900028792858178,2.130795478820801,38.912152502135086,2
2999,4.6188507080078125,199.31890869140625,27174.6875,7.218587875366211,371.0568542480469,312.2813720703125,14.040786743164062,66.62102508544922,4.322115898132324,False,0,1,1,101.35465294480673,87.0198796451475,0.5371654124491624,2.3811492919921875,60.68590760491497,1
3000,6.931244373321533,207.58895874023438,24359.470703125,7.222004413604736,313.8197021484375,477.06298828125,16.495092391967773,75.04191589355469,4.8979573249816895,False,1,1,1,119.12763005760917,51.06132995105181,0.6614911576856737,0.0687556266784668,80.7922586074883,0
3001,5.602158546447754,264.5735168457031,29860.275390625,7.014528274536133,334.85949062182317,530.2047729492188,16.030179977416992,29.850948333740234,4.0670485496521,False,0,1,1,112.44415069749448,56.31838274146683,0.790103083428502,1.397841453552246,65.1955202278159,1
3002,7.520518779754639,228.56260681152344,22160.8203125,7.473798751831055,309.9554797332952,545.1466674804688,16.460634231567383,90.9449462890625,4.227766036987305,False,1,1,1,123.02346757423584,40.65111573417598,0.737404630725639,0.5205187797546387,69.5917103514912,0
3003,5.582469940185547,172.3315887451172,23512.837890625,8.011316299438477,364.4834289550781,452.0807800292969,16.472043991088867,95.045654296875,4.0481133460998535,False,0,1,1,131.96275451087786,52.01025762937987,0.47281048898809125,1.4175300598144531,66.68070111787074,1
3004,7.9927496910095215,193.609130859375,14610.4130859375,7.2189040184021,332.46875000000006,468.6029968261719,10.87706184387207,67.18134307861328,4.0629072189331055,False,1,1,1,78.52046545313624,31.178659022060348,0.5823378295765756,0.9927496910095215,44.19249308624967,0
3005,8.210357666015625,210.22210693359375,22619.240234375,7.56798791885376,322.0767100997851,361.6143798828125,14.650189399719238,70.36804962158203,3.7166638374328613,False,1,0,1,110.87245638599461,62.550720961800366,0.6527081893495342,1.210357666015625,54.44982915347873,1
3006,9.901930809020996,206.74647521972656,13180.677734375,5.8788347244262695,355.4060596278579,426.5348205566406,14.321873664855957,75.40875244140625,4.226949691772461,False,0,1,1,84.19592821980132,30.901762454638664,0.5817190479377016,2.901930809020996,60.53783947326701,1
3007,7.036752223968506,191.25865173339844,14064.8994140625,7.036949157714844,361.1549377441406,399.8386535644531,10.845263481140137,35.58299255371094,3.732339382171631,False,1,1,1,76.31756771880464,35.17643742920126,0.5295750693551922,0.03675222396850586,40.47820400068713,0
3008,9.405875205993652,149.3083038330078,27180.056640625,7.8673095703125,308.40139222088897,398.8062438964844,17.36470603942871,57.9626350402832,4.033733367919922,False,0,1,0,136.61351800966077,68.15353818664488,0.4841362818554696,2.4058752059936523,70.04459417536418,2
3009,9.587895393371582,195.8371124267578,11351.8623046875,6.267475605010986,366.4289245605469,323.79486083984375,13.068242073059082,37.35308074951172,4.666916847229004,False,0,1,1,81.904888393276,35.05880927258934,0.5344477435212703,2.587895393371582,60.98839909442631,1
3011,6.901111125946045,154.47409057617188,21103.302734375,7.928699970245361,376.0010681152343,450.2529602050781,14.643306732177734,71.32137298583984,3.6164982318878174,False,1,1,1,116.1023856517113,46.869881050627924,0.41083417911460696,0.09888887405395508,52.95749290591175,0
3013,7.036752223968506,215.43191528320312,19909.939453125,6.902627944946289,299.08642578125,371.48291015625,10.766348838806152,85.26718139648438,4.592537879943848,False,1,1,1,74.31610035978338,53.59584211062309,0.7202998731893933,0.03675222396850586,49.44486487090671,0
3015,8.398261070251465,177.3472137451172,18003.2578125,7.390923976898193,333.2718970012019,498.3653869628906,10.351297378540039,55.715660095214844,2.6278624534606934,False,1,1,1,76.50565198705499,36.124615086312055,0.5321397177762572,1.3982610702514648,27.20178572567147,0
3016,6.255149841308594,153.64048767089844,24316.1640625,8.21159553527832,367.34454345703125,295.04248046875,12.503660202026367,91.27079010009766,3.146482467651367,False,0,1,1,102.67500028959694,82.41580650166642,0.4182462758443659,0.7448501586914062,39.342547607146116,1
3018,7.036752223968506,200.7172088623047,40581.48828125,6.75998067855835,263.87646484375,283.1719970703125,14.915325164794922,58.87946701049805,4.008443355560303,False,1,1,1,100.8273099284288,143.31038576481524,0.7606483898460122,0.03675222396850586,59.78723605284358,0
3019,9.347344398498535,201.63284301757812,13749.595703125,7.333742141723633,322.044677734375,512.4462890625,12.43471622467041,43.827117919921875,3.6151511669158936,False,0,1,1,91.19300239723998,26.831291336791693,0.6261020794070828,2.347344398498535,44.95337886988523,1
3022,7.036752223968506,196.05174255371094,21919.470703125,6.730276584625244,359.70135498046875,401.7313232421875,14.219303131103516,77.60572814941406,3.9549643993377686,False,1,1,1,95.69984291295441,54.56251325303835,0.5450403210722293,0.03675222396850586,56.23683766690647,0
3024,7.617524147033691,179.59619140625,30308.23046875,6.9526166915893555,329.4224243164062,355.425537109375,13.40075969696045,66.22359466552734,3.698317289352417,False,1,1,1,93.17034554906513,85.2730803474883,0.5451850803227802,0.6175241470336914,49.560261277725886,0
3025,7.149124622344971,202.58253479003906,23158.388671875,6.067811965942383,302.00274658203125,301.9842529296875,17.622594833374023,42.29276657104492,3.7870333194732666,False,1,1,1,106.93059180090131,76.68740462629248,0.670796992451245,0.1491246223449707,66.73735380956487,0
3026,8.651390075683594,154.5469512939453,15901.28515625,6.510980129241943,419.21630859375,444.8435974121094,14.656725883483887,49.515174865722656,3.2664096355438232,False,0,1,1,95.42965098710965,35.745788436678424,0.36865681930102423,1.6513900756835938,47.87487065133632,1
3027,5.290004253387451,174.73841857910156,28697.00390625,8.606789588928223,317.0164794921875,480.6803894042969,13.748302459716797,52.475868225097656,3.532322406768799,False,0,0,1,118.3287464757268,59.700800114007464,0.5511966390763328,1.7099957466125488,48.56343683349223,2
3028,5.369584083557129,170.83518981933594,27199.642578125,8.065885543823242,376.0556335449219,401.8330383300781,14.08198070526123,81.74022674560547,3.3574843406677246,False,0,1,1,113.58364459896438,67.68891533526283,0.4542816916599843,1.630415916442871,47.28002970349962,1
3029,8.747271537780762,198.7122344970703,30348.244140625,7.324498176574707,328.6788479398574,333.6392822265625,13.866073608398438,94.7281265258789,4.764707565307617,False,0,1,1,101.56203086096502,90.9612436735053,0.6045787100022102,1.7472715377807617,66.06778582304833,1
3030,8.04039192199707,200.6375732421875,12999.14453125,6.696355819702148,356.8700256347656,394.0177307128906,11.100406646728516,43.625911712646484,3.017796039581299,False,1,1,1,74.3322726498809,32.99126786690428,0.5622146951767615,1.0403919219970703,33.49876321623924,0
3031,8.550427436828613,206.52256774902344,10453.0869140625,6.482009410858154,326.12548828125,347.8243408203125,13.997466087341309,42.29053497314453,4.90386962890625,False,0,1,1,90.73170690631423,30.052775660717295,0.6332610437907807,1.5504274368286133,68.64174882735824,1
3032,7.739325523376465,207.7643280029297,30412.373046875,7.813966751098633,289.41363525390625,273.6971435546875,19.11338233947754,52.281105041503906,3.6457855701446533,False,1,1,1,149.3513341017133,111.11688101955443,0.7178802308425282,0.7393255233764648,69.68329352992487,0
3033,7.104594707489014,201.6271209716797,18093.97265625,8.474123001098633,361.6291809082031,348.7329406738281,8.5824613571167,49.38268280029297,4.763058185577393,False,1,1,1,72.72883319238281,51.884896704634784,0.5575521309086755,0.10459470748901367,40.87876281941635,0
3034,6.988206386566162,144.20953369140625,33357.515625,6.771944522857666,340.19382764230636,409.00677490234375,17.88033103942871,54.111785888671875,1.8996829986572266,False,1,0,1,121.08460984934118,81.55736674877139,0.423904026322106,0.01179361343383789,33.96696088596582,1
3036,8.859696388244629,194.55648803710938,20231.517578125,6.51965856552124,332.3499450683594,476.2317199707031,17.889568328857422,52.9090690612793,4.575331211090088,False,0,1,1,116.63387738871279,42.48250733253782,0.5853964784368945,1.859696388244629,81.85070032795011,1
3037,7.397543907165527,184.84092712402344,19797.109375,8.42199993133545,387.1903076171875,428.414794921875,13.143444061279297,62.337974548339844,3.9471378326416016,False,1,0,1,110.69408498160556,46.21014391531465,0.4773903762833445,0.39754390716552734,51.87898530548409,1
3038,5.174896240234375,205.51901245117188,12871.55078125,7.0995988845825195,365.68438720703125,501.1939392089844,20.558671951293945,77.12345886230469,3.445028066635132,False,0,1,1,145.95832445390442,25.6817765511748,0.5620119947117289,1.825103759765625,70.8252018849521,1
3039,7.036752223968506,184.21824645996094,32328.5390625,8.381231307983398,323.3411763657506,452.8902893066406,12.167905807495117,79.9378433227539,5.037492275238037,False,1,1,1,101.98203310637109,71.38271619957045,0.5697333323295865,0.03675222396850586,61.2957315110807,0
3040,5.470981597900391,191.81304931640625,36435.79296875,7.369649410247803,323.1200256347656,383.8710632324219,15.88138198852539,52.76504898071289,3.844019889831543,False,0,1,1,117.04021740565622,94.91674774082287,0.5936278580876064,1.5290184020996094,61.04834824190402,1
3041,6.7118144035339355,232.2064208984375,23936.275390625,6.6190876960754395,318.2351721197475,463.5102844238281,13.91187858581543,78.1908950805664,3.413646697998047,False,1,1,1,92.0839443766663,51.64130364170444,0.7296692525281026,0.28818559646606445,47.49023839741858,0
3043,6.260891437530518,188.06179809570312,33809.2265625,8.141301155090332,341.498046875,522.3012084960938,14.467501640319824,47.05015563964844,4.397386074066162,False,0,1,1,117.78428781560706,64.73128139051889,0.550696553804431,0.7391085624694824,63.61919023967175,1
3044,7.6935553550720215,224.39303588867188,21856.14453125,7.041440486907959,275.27197265625,404.82391357421875,12.84896469116211,63.154903411865234,2.7506959438323975,False,1,1,1,90.4752201911997,53.9892623543192,0.8151684783169609,0.6935553550720215,35.34359505842531,0
3045,5.622807025909424,194.46324157714844,16119.33984375,6.907987117767334,336.648193359375,408.4590759277344,16.364723205566406,76.63118743896484,3.9929568767547607,False,0,1,1,113.04729708988089,39.46378169630412,0.5776452832227497,1.3771929740905762,65.3436340598546,1
3046,6.17488431930542,193.0279541015625,23006.2421875,8.098312377929688,340.25335693359375,297.11260986328125,13.47515869140625,78.32522583007812,3.623297691345215,False,0,1,1,109.12604442518204,77.43273542194581,0.5673065367344154,0.8251156806945801,48.82451137708267,1
3047,5.039406776428223,194.4041748046875,19336.607421875,7.194765090942383,339.23211669921875,515.8071899414062,10.728669166564941,61.1295166015625,3.126955986022949,False,0,1,1,77.19025439187135,37.488053213417814,0.5730712531678872,1.9605932235717773,33.54807627245009,1
3048,7.75693941116333,219.5762176513672,16478.072265625,6.950541019439697,332.04746617111016,362.74920654296875,13.054672241210938,82.10099792480469,3.8703389167785645,False,1,1,1,90.73703490787739,45.42552243528505,0.6612796041543528,0.7569394111633301,50.526006020947534,0
3049,9.809996604919434,139.1186981201172,16819.423828125,7.791982173919678,361.0280456542969,438.17926025390625,10.95113754272461,34.537410736083984,5.538200378417969,False,0,1,1,85.3310685170527,38.38480118843155,0.3853404172040146,2.8099966049194336,60.649594083224656,1
3050,8.479592323303223,200.76568603515625,14901.80859375,7.3795061111450195,331.6214501668757,485.0931701660156,16.806346893310547,53.13417053222656,4.22126579284668,False,1,0,1,124.0225396052083,30.71947716338824,0.6054062103905596,1.4795923233032227,70.94405724344688,1
3051,8.862868309020996,181.6654052734375,17465.095703125,7.1317033767700195,356.48190307617193,529.0859985351562,15.430418014526367,60.60660171508789,5.758675575256348,False,0,1,1,110.04516425917063,33.00993736078721,0.5096062470386149,1.862868309020996,88.85877133624854,1
3052,6.155738830566406,166.2929229736328,30284.494140625,8.995896339416504,321.62375988167383,351.6267395019531,17.404754638671875,75.3362045288086,3.6859757900238037,False,0,0,1,156.57136854247074,86.12682328253355,0.517041783597613,0.8442611694335938,64.15350422944903,2
3053,7.287286281585693,219.69512939453125,18085.501953125,6.010568618774414,277.3297119140625,406.5647888183594,16.13676643371582,53.67744827270508,3.504265069961548,False,1,1,1,96.99114193498463,44.48368969975252,0.7921802791560573,0.28728628158569336,56.547506955798326,0
3054,9.06589412689209,164.6748046875,20260.404296875,7.588174819946289,304.5675354003906,408.9012756347656,10.178500175476074,84.72310638427734,4.299502372741699,False,0,1,1,77.23623873636643,49.5484006888337,0.5406840355796002,2.06589412689209,43.76248565541118,1
3055,9.314522743225098,203.34164428710938,23087.216796875,6.437070369720459,297.5667724609375,373.0441589355469,16.402772903442383,79.16345977783203,3.09294056892395,False,0,1,1,105.58580343800259,61.88869650409195,0.6833479488387928,2.3145227432250977,50.73280175590344,1
3056,9.75993824005127,182.75079345703125,19945.369140625,6.719256401062012,396.60398348052144,343.5969543457031,19.863353729248047,85.70256042480469,5.3817458152771,False,0,1,1,133.46696669180892,58.04873655110643,0.46078910098798254,2.7599382400512695,106.89952080974945,1
3057,7.985406398773193,200.13470458984375,17583.080078125,6.771728992462158,296.56982421875,377.5841979980469,10.289288520812988,66.8907470703125,4.7524518966674805,False,1,1,1,69.67627338819739,46.567309026127845,0.6748316503279601,0.9854063987731934,48.89934874609662,0
3058,8.10835075378418,202.51019287109375,26730.193359375,8.395129203796387,323.9518127441407,368.4549865722656,17.33709144592285,66.62102508544922,4.753358364105225,False,1,1,1,145.54712270655546,72.54669976242991,0.6251244298667137,1.1083507537841797,82.40940863373453,0
3059,8.243090629577637,214.53298950195312,29461.0234375,8.315129280090332,336.35216342622766,514.489990234375,16.30176544189453,90.0759048461914,3.5507168769836426,False,1,1,1,135.55128714306193,57.26257835806777,0.6378225330225481,1.2430906295776367,57.88295367916362,0
3061,3.989032030105591,216.07614135742188,40175.20703125,7.487422943115234,309.80078125,399.04718017578125,11.186738967895508,86.95746612548828,4.409414291381836,False,0,1,1,83.75984600686206,100.67783692363115,0.6974680302229026,3.010967969894409,49.32696667899654,1
3063,8.519639015197754,190.99496459960938,14578.9609375,6.602693557739258,331.3812339965782,498.5335693359375,11.316601753234863,57.18158721923828,3.4272513389587402,False,0,1,1,74.72005349158462,29.243689502546335,0.5763602293339922,1.519639015197754,38.78483851123701,1
3064,7.036752223968506,169.5474090576172,20004.734375,6.4376749992370605,338.1559060331207,349.86505126953125,11.332517623901367,41.703765869140625,3.8820040225982666,False,1,1,1,72.95506538580321,57.17842992671536,0.5013882813557087,0.03675222396850586,43.99287900215086,0
3065,7.036752223968506,223.37667846679688,20992.28125,7.7604079246521,340.3657531738281,332.4880065917969,18.085384368896484,61.016456604003906,4.647782325744629,False,1,0,1,140.3499601767635,63.136957636597536,0.6562842346140271,0.03675222396850586,84.05692982405526,1
3066,4.495357513427734,234.19190979003906,14080.833984375,6.340682506561279,296.314208984375,382.4080810546875,17.353544235229492,59.00434875488281,4.962899684906006,False,0,1,1,110.03331435915698,36.82148637842159,0.7903499120153173,2.5046424865722656,86.12389921702288,1
3067,7.036752223968506,193.0912628173828,17777.099609375,6.087949275970459,363.59810244738907,543.1149291992188,10.717588424682617,66.62102508544922,3.878664255142212,False,1,1,1,65.24813469019591,32.73174538371505,0.5310568481700626,0.03675222396850586,41.569927124142396,0
3068,5.620533466339111,226.9878387451172,27852.09765625,6.52147102355957,309.22808837890625,414.0615539550781,16.932910919189453,78.43925476074219,3.4394757747650146,False,0,1,1,110.42748790400947,67.26559692138454,0.7340466359347528,1.3794665336608887,58.24033690280612,1
3069,8.552993774414062,199.5997772216797,10452.724609375,6.587933540344238,324.48739419387573,316.25750732421875,23.042375564575195,45.25371551513672,3.1086738109588623,False,0,1,1,151.80163883107343,33.0513089310093,0.6151233612708505,1.5529937744140625,71.63122945987334,1
3070,7.036752223968506,216.23797607421875,20886.787109375,7.3263702392578125,303.4986572265625,269.8175354003906,15.252779960632324,104.68255615234375,3.8603475093841553,False,1,1,1,111.74751316952461,77.41078429528186,0.7124841254250177,0.03675222396850586,58.88103113221155,0
3071,10.209956169128418,148.37924194335938,18413.09765625,7.4079670906066895,390.6190185546875,410.56817626953125,15.10362434387207,89.17848205566406,4.112597942352295,False,0,1,1,111.88715208829035,44.84784422091755,0.3798566749579022,3.209956169128418,62.11513439867031,1
3072,7.036752223968506,205.23362731933594,21829.2734375,6.677057266235352,331.6746520996094,338.5677490234375,15.566655158996582,56.608680725097656,2.5456314086914062,False,1,1,1,103.93944794035815,64.47534780258563,0.618779956205154,0.03675222396850586,39.626966301009816,0
3073,6.588208198547363,179.69915771484375,35263.61328125,7.445343017578125,326.7482665984692,527.4493408203125,16.149314880371094,81.50347137451172,3.9722559452056885,False,1,1,1,120.23718878324144,66.8568722818946,0.5499620825401605,0.4117918014526367,64.14921204455277,0
3074,8.558388710021973,198.8888702392578,8535.4033203125,4.796665668487549,321.4034729003906,453.5711669921875,14.351624488830566,74.32620239257812,3.946227788925171,False,0,1,1,68.83994447259875,18.818222855954367,0.6188136917925705,1.5583887100219727,56.63477937404218,1
3075,8.42690658569336,159.69024658203125,19576.53125,7.664375305175781,344.1451416015625,390.6908874511719,17.74703598022461,53.63150405883789,4.244513988494873,False,1,0,1,136.01994430689956,50.10746815112033,0.4640200508856644,1.4269065856933594,75.32754247238518,1
3076,7.207538604736328,174.80516052246094,15796.3994140625,6.954041481018066,314.6635960735332,555.59619140625,14.171164512634277,60.53126907348633,4.295189380645752,False,1,1,1,98.54686585518994,28.43143928983629,0.5555302937746911,0.20753860473632812,60.86783532605068,0
3077,10.227689743041992,225.9191131591797,9546.12890625,5.899676322937012,313.9873352050781,372.5327453613281,15.28429126739502,61.2580451965332,4.786329746246338,False,0,1,1,90.17237130312333,25.624939014061837,0.719516640032968,3.227689743041992,73.15565794342592,1
3079,7.036752223968506,199.38308715820312,5576.62841796875,4.998843669891357,341.0883483886719,388.2492980957031,10.74515438079834,50.747474670410156,3.216413974761963,False,1,1,1,53.71334695845917,14.363524753187296,0.584549684899982,0.03675222396850586,34.560864711374506,0
3080,6.580043315887451,220.57546997070312,27668.486328125,6.198069095611572,334.63566785246655,474.627685546875,11.470226287841797,53.50804138183594,4.756446361541748,False,1,1,1,71.09325507434369,58.295137667643026,0.6591511022333664,0.41995668411254883,54.557516092865626,0
3082,5.093675136566162,251.31378173828125,30245.95703125,6.71882963180542,267.0260925292969,271.6307373046875,14.882428169250488,70.77841186523438,4.5525712966918945,False,0,1,1,99.99249937677587,111.34953731680834,0.9411581408268187,1.906324863433838,67.75331530840867,1
3083,5.264283657073975,142.5341339111328,25556.052734375,6.600787162780762,416.2627868652344,443.75921630859375,7.491362571716309,72.87984466552734,5.1002397537231445,False,0,1,1,49.44888989512128,57.58990853051535,0.342413826232477,1.7357163429260254,38.20774519782117,1
3084,7.971298694610596,151.03292846679688,29827.794921875,7.662153720855713,405.82989501953125,376.9122009277344,19.382740020751953,78.1601333618164,2.4391400814056396,False,1,0,1,148.51353357038352,79.13724938943182,0.3721582119704857,0.9712986946105957,47.27721807208127,1
3085,8.350351333618164,239.81600952148438,17177.7890625,6.108947277069092,272.8447265625,294.8760681152344,10.603466987609863,62.85274887084961,3.507227659225464,False,1,1,1,64.77602078145128,58.254266322938214,0.878946834208296,1.350351333618164,37.18877270262942,0
3086,7.036752223968506,184.61485290527344,22289.7265625,7.167404651641846,392.4621887207031,409.4909973144531,12.215588569641113,63.90425491333008,3.35176682472229,False,1,1,1,87.55406633658868,54.43276324570986,0.4704016278272695,0.03675222396850586,40.943804512179895,0
3087,4.032060623168945,200.06797790527344,14720.544921875,6.482678413391113,325.30991010281423,519.21337890625,16.60077667236328,77.29393768310547,4.814235210418701,False,0,1,1,107.6174965794562,28.351628620458442,0.6150073240222981,2.9679393768310547,79.92004357638871,1
3089,9.842056274414062,217.8967742919922,6785.1455078125,6.028898239135742,333.07354736328125,432.3323974609375,12.365537643432617,45.82200241088867,4.179197788238525,False,0,1,1,74.55056812445764,15.694279521884035,0.6542001769961436,2.8420562744140625,51.67802756981382,1
3090,7.664628028869629,150.66720581054688,33918.0390625,8.746294975280762,406.4761047363281,436.33563232421875,15.21692943572998,66.62102508544922,3.4874069690704346,False,1,1,1,133.09175346292704,77.73382798029982,0.37066682071659407,0.6646280288696289,53.06762576201777,0
3091,7.036752223968506,233.99317932128906,27197.302734375,7.297452449798584,301.84878540039057,490.7662048339844,16.02277946472168,58.52466583251953,3.1983437538146973,False,1,1,1,116.92547125741567,55.418043074415074,0.7752000003435704,0.03675222396850586,51.24635661974298,0
3092,7.260319709777832,194.24774169921875,8127.0712890625,6.674031734466553,394.55584716796875,312.3490295410156,16.005022048950195,65.02396392822266,4.282314777374268,False,1,1,1,106.81802506553049,26.01919805861317,0.4923200165481374,0.26031970977783203,68.5385424324204,0
3093,9.53787899017334,200.55751037597656,20044.20703125,7.0786895751953125,303.9193420410156,335.5548095703125,16.636173248291016,71.30902099609375,3.0245566368103027,False,0,1,1,117.76230614382075,59.73452443486849,0.6599037375153519,2.53787899017334,50.317048209244604,1
3095,7.248991012573242,184.07102966308594,33123.44140625,7.186173439025879,322.36566162109375,345.3565673828125,15.16413402557373,68.84754180908203,4.255979537963867,False,1,1,1,108.97209716040652,95.91084820351274,0.5710007330384989,0.2489910125732422,64.53824412378344,0
3096,6.9682087898254395,178.21731567382812,39995.1875,8.930688858032227,337.06494140625,393.6769714355469,14.24337387084961,75.37574005126953,3.632643938064575,False,1,0,1,127.20314032918395,101.59392166771462,0.5287328738538177,0.03179121017456055,51.7411057495292,1
3097,6.150553226470947,212.8193817138672,15017.7470703125,5.544435501098633,319.4949645996094,279.4470520019531,12.850505828857422,75.02879333496094,4.810537338256836,False,0,1,1,71.248800724592,53.74093914745108,0.6661118472225698,0.8494467735290527,61.81783810520574,1
3098,6.300755500793457,179.45278930664062,25668.19921875,8.931530952453613,341.4930114746093,458.8354187011719,14.062955856323242,66.62102508544922,5.708111763000488,False,0,1,1,125.60372551373985,55.94206139418588,0.525494761975498,0.699244499206543,80.2729237460353,1
3099,6.920799732208252,218.09861755371094,13477.3818359375,5.659837245941162,335.09606605970055,302.4123840332031,11.054577827453613,61.933780670166016,4.915733337402344,False,1,1,1,62.567111325977294,44.566236381019124,0.6508540057405526,0.07920026779174805,54.3413567573225,0
3100,6.4818902015686035,179.91970825195312,34698.62109375,8.538491249084473,338.0123291015625,504.39715576171875,16.409364700317383,59.95481491088867,5.0023603439331055,False,0,1,1,140.11121689669562,68.79226147212782,0.5322874115210314,0.5181097984313965,82.08555524600342,1
3103,5.967274188995361,187.0850830078125,30846.5859375,7.2811055183410645,339.063720703125,323.96270751953125,12.651853561401367,72.27359008789062,3.914543628692627,False,0,1,1,92.11948078316254,95.21647129839423,0.5517696852617548,1.0327258110046387,49.52623274993584,1
3104,8.631270408630371,164.3711700439453,14880.6513671875,7.278263092041016,350.9515686035156,444.1081237792969,16.857458114624023,58.1778678894043,3.640944004058838,False,0,0,1,122.69301522129535,33.50682083238752,0.4683585550839455,1.631270408630371,61.37706104611334,2
3105,9.172624588012695,165.6875457763672,11319.1064453125,6.618852615356445,372.5547180175781,420.4291076660156,13.353259086608887,72.97405242919922,3.6863951683044434,False,0,1,1,88.38325382893345,26.922746812719566,0.4447334507351915,2.1726245880126953,49.225389777992405,1
3106,7.036752223968506,156.77317810058594,23084.06640625,7.269794940948486,334.9560852050781,378.2538757324219,19.247140884399414,81.5715560913086,5.564901351928711,False,1,1,1,139.92276742912964,61.02797043526338,0.46804098972126446,0.03675222396850586,107.10844032835666,0
3109,6.283679008483887,205.37661743164062,19905.4375,7.078344345092773,284.2060241699219,471.9040222167969,18.02716064453125,64.36260986328125,4.480771541595459,False,0,1,1,127.60245060629677,42.18111421113116,0.7226328763046086,0.7163209915161133,80.77558839178528,1
3110,7.036752223968506,192.4078826904297,25460.30078125,8.231474876403809,319.5865887517251,465.8839416503906,16.65729331970215,58.36012649536133,3.543696403503418,False,1,1,1,137.11409147001723,54.649449037474035,0.602052429170774,0.03675222396850586,59.02839042913001,0
3111,8.761768341064453,212.4269561767578,14168.9248046875,6.385732650756836,334.6073937017972,488.59954833984375,12.601800918579102,60.2370719909668,4.673547744750977,False,0,1,1,80.47173158410806,28.99905418216494,0.6348543383689208,1.7617683410644531,58.895118262826145,1
3112,6.616730690002441,195.0969696044922,34277.76171875,7.632638454437256,352.40535626325715,417.465087890625,13.432557106018066,47.9459342956543,3.6223793029785156,False,1,1,0,102.52585190881791,82.10928920988337,0.5536152206072992,0.3832693099975586,48.65781684691683,1
3113,7.734569072723389,230.9195098876953,21776.59375,6.908590793609619,336.1330386907275,395.1149597167969,15.033556938171387,92.69737243652344,3.821455955505371,False,1,1,1,103.86069305825686,55.11457655385674,0.6869884320213269,0.7345690727233887,57.45007569380414,0
3114,6.971577167510986,185.9069366455078,27959.98828125,7.214510440826416,349.7438659667969,414.0673522949219,19.882917404174805,36.17900466918945,3.226348400115967,False,1,1,1,143.4455152065084,67.52521795973453,0.5315516702488938,0.028422832489013672,64.14921875659729,0
3115,4.709186553955078,179.14102172851562,22291.41796875,6.774276256561279,407.41796875,371.26483154296875,18.186800003051758,86.52862548828125,3.860084056854248,False,0,1,1,123.20240744350212,60.041824635168155,0.43969838109605286,2.290813446044922,70.20257673697688,1
3116,5.230003356933594,176.71401977539062,27971.892578125,7.597980499267578,413.9140014648437,440.3553771972656,14.423614501953125,72.83737182617188,3.045612096786499,False,0,1,1,109.59034171479288,63.52117849141939,0.42693414265539387,1.7699966430664062,43.92873480653361,1
3117,5.2741851806640625,227.34017944335938,17605.53515625,6.326979637145996,358.58990478515625,489.4346008300781,11.199191093444824,66.62102508544922,4.364426612854004,True,0,1,1,70.8570540007322,35.97116977512409,0.6339837674615605,1.7258148193359375,48.87804765066812,1
3118,8.433443069458008,224.85609436035156,12833.4609375,6.179495811462402,327.53326416015625,411.8499450683594,17.40042495727539,72.91730499267578,3.8247342109680176,True,1,1,1,107.52585314114913,31.160525963429134,0.6865137629620677,1.4334430694580078,66.55200061947289,0
3119,6.84786319732666,234.94219970703125,24456.17578125,5.596240520477295,334.873046875,337.5731506347656,9.515292167663574,77.29730224609375,4.9211955070495605,True,1,1,1,53.24986359285913,72.44704047942221,0.7015858732074773,0.15213680267333984,46.826613063769855,0
3120,7.263545036315918,160.4430694580078,16129.70703125,8.09101390838623,328.4471740722656,478.51507568359375,12.814835548400879,43.59230041503906,3.9505298137664795,True,1,1,1,103.6850126557938,33.70783454314308,0.48848972265542184,0.26354503631591797,50.625389892472185,0
3121,6.733266830444336,191.30563354492188,6193.33056640625,7.739770889282227,313.4288692778471,424.66680908203125,20.811342239379883,98.36782836914062,3.7656936645507812,True,1,0,1,161.075020831242,14.583976000408198,0.6103637912338262,0.26673316955566406,78.3691396216309,1
3122,7.036752223968506,258.447265625,25498.330078125,4.92216682434082,341.0395812988281,425.7970275878906,18.993663787841797,67.40067291259766,3.691946506500244,True,1,1,1,93.4899817691985,59.883767067814986,0.7578219040819183,0.03675222396850586,70.12359066716272,0
3123,7.036752223968506,232.9432373046875,8729.0966796875,5.885992050170898,345.59884418807275,400.5176696777344,8.772738456726074,69.72391510009766,3.3997256755828857,True,1,0,1,51.63626881451819,21.794535719027312,0.674027823148313,0.03675222396850586,29.824904176505015,1
3124,7.777665138244629,233.76158142089844,16780.115234375,6.123297691345215,323.5380554199219,520.2850952148438,17.794740676879883,60.34389114379883,4.683334827423096,True,1,1,1,108.96249450482537,32.25176995545901,0.7225164915916351,0.7776651382446289,83.33872875699399,0
3125,6.103731155395508,184.3286895751953,17977.525390625,7.275530815124512,363.1403831712136,334.9497375488281,7.655381202697754,59.000667572021484,3.3830490112304688,True,0,1,1,55.696961841752454,53.67230757818395,0.5075962289236549,0.8962688446044922,25.898529808378953,1
3126,6.665774345397949,155.70968627929688,30610.048828125,8.172548294067383,337.17376708984375,425.69195556640625,15.101532936096191,79.78046417236328,4.903553009033203,True,1,1,1,123.41800723469532,71.90657083357401,0.4618084234767821,0.3342256546020508,74.0511672698085,0
3127,7.036752223968506,215.94068908691406,10171.7099609375,6.622284412384033,306.807066273115,378.3175354003906,13.190817832946777,82.78535461425781,3.7577991485595703,True,1,1,1,87.35334732172078,26.88669961672704,0.7038321868077665,0.03675222396850586,49.568444021451796,0
3128,4.959852695465088,215.85487365722656,9887.8310546875,6.954230785369873,379.5047302246094,527.4796752929688,14.326638221740723,52.388851165771484,3.455044746398926,True,0,1,1,99.63074857248603,18.745425651614443,0.5687804548857472,2.040147304534912,49.49917612158333,1
3129,6.397904872894287,249.96923828125,22057.052734375,4.892716884613037,375.4944763183594,334.2698669433594,14.150362968444824,97.03045654296875,3.958543539047241,True,0,1,1,69.23371981911305,65.98576434688536,0.6657068302746727,0.6020951271057129,56.0148279039106,1
3131,6.850625514984131,232.9311981201172,15338.0615234375,6.142618179321289,358.81590675574336,438.3473205566406,18.148595809936523,81.5516128540039,2.5938336849212646,True,1,0,1,111.47989455127026,34.99065870636467,0.6491663080854274,0.14937448501586914,47.074439145834276,1
3132,6.714776992797852,185.9093017578125,34558.40234375,6.5548577308654785,360.50823974609375,303.96820068359375,10.226469993591309,50.214012145996094,4.684853553771973,True,1,1,1,67.03305589695583,113.69084710947,0.5156866910255973,0.28522300720214844,47.909514292018685,0
3133,4.3371195793151855,207.36190795898438,34355.6171875,6.809153079986572,374.0727844238281,530.069580078125,12.622032165527344,44.75035858154297,4.40163516998291,True,0,1,1,85.9453491955901,64.81341018970197,0.5543357229904905,2.6628804206848145,55.55758069644071,1
3134,8.433290481567383,161.19528198242188,15904.2431640625,8.423766136169434,300.1189880371094,479.99591064453125,15.303754806518555,71.47850036621094,3.631542921066284,True,1,1,1,128.9152514953912,33.13412214194159,0.5371045747541494,1.4332904815673828,55.57624243334658,0
3135,7.27421236038208,197.66094970703125,27198.431640625,7.797840118408203,304.84997558593756,300.0198974609375,14.611599922180176,66.60889434814453,4.710256099700928,True,1,1,1,113.93892006730675,90.65542579058712,0.6483876164947331,0.2742123603820801,68.82437765983877,0
3136,6.5791850090026855,186.9868621826172,16700.03515625,6.454924583435059,379.04071044921875,405.27691650390625,14.9960298538208,62.152313232421875,3.813556432723999,True,1,1,1,96.79824175735394,41.20647990293954,0.49331603844793964,0.42081499099731445,57.188206114359446,0
3137,7.036752223968506,240.61151123046875,20006.228515625,4.907299518585205,379.75860595703125,327.3055725097656,13.28583812713623,83.18441772460938,3.453125476837158,True,1,1,1,65.19758704529659,61.12400806712228,0.6335906726603654,0.03675222396850586,45.87766611794859,0
3138,8.651022911071777,188.71163940429688,13207.861328125,6.8346734046936035,335.2447814941406,399.6910705566406,10.689364433288574,43.953311920166016,3.6442790031433105,True,0,1,1,73.05831480527513,33.04517480634616,0.5629070137954948,1.6510229110717773,38.955026361180444,1
3139,8.357612609863281,163.09825134277344,34989.046875,7.6969428062438965,317.3016662597656,404.49261474609375,8.271882057189941,67.59815979003906,4.366242408752441,True,1,0,1,63.66820309418608,86.50107693674973,0.5140163704505519,1.3576126098632812,36.11704223830111,1
3140,7.036752223968506,242.8275909423828,29298.07421875,5.853839874267578,340.3486328125,463.11517333984375,5.426650047302246,66.62102508544922,3.5225861072540283,True,1,1,1,31.766740430593927,63.26304090664594,0.7134672122002932,0.03675222396850586,19.115842065556308,0
3141,6.658741474151611,216.564697265625,25172.5859375,6.785520553588867,330.5175476074218,620.448974609375,19.095090866088867,82.24409484863281,3.4009876251220703,True,1,1,1,129.57013154449305,40.57156499094338,0.6552290435956659,0.34125852584838867,64.94216773614971,0
3143,6.3323869705200195,186.83802795410156,23073.064453125,8.082003593444824,326.98046875,233.907958984375,9.641441345214844,60.94002914428711,5.15900182723999,True,0,1,1,77.92216359801387,98.64163859436967,0.5714042434918288,0.6676130294799805,49.74021351719057,1
3144,7.036752223968506,214.59368896484375,22038.51171875,6.19962739944458,294.24139404296875,332.4725341796875,18.469528198242188,46.046287536621094,4.238535404205322,True,1,1,1,114.50419307263655,66.28671359827995,0.7293116895857095,0.03675222396850586,78.28374916721805,0
3145,6.7304277420043945,183.91529846191406,9258.7666015625,8.005172729492188,345.07196044921875,320.6678771972656,12.066807746887207,56.43748474121094,3.961941957473755,True,1,1,1,96.59688030740654,28.873383432146497,0.5329766512744597,0.26957225799560547,47.80799190516177,0
3146,8.297782897949219,183.61412048339844,20316.42578125,7.108809471130371,322.0958557128906,295.6539611816406,13.503196716308594,62.230133056640625,4.23922061920166,True,1,1,1,95.99165270743106,68.71690685737612,0.5700604855872708,1.2977828979492188,57.24302994491154,0
3147,6.259267330169678,130.374267578125,9734.6767578125,10.282328605651855,320.3597717285156,399.3507080078125,10.846787452697754,43.420196533203125,3.9321420192718506,True,0,1,1,111.53023290429974,24.376260109812552,0.4069620429173198,0.7407326698303223,42.65110871686352,1
3148,8.076126098632812,132.67030334472656,10816.2734375,9.513269424438477,314.9704895019531,479.7589111328125,14.685851097106934,72.6383056640625,4.291355133056641,True,1,1,1,139.71045821396365,22.54522670441964,0.42121502599591587,1.0761260986328125,63.02220248887534,0
3149,5.73104190826416,223.70497131347656,1351.906982421875,6.49672269821167,380.5140686035156,620.3046264648438,14.672926902770996,62.02362823486328,3.675806999206543,True,0,0,1,95.32593725843299,2.179424306323582,0.5879019704752849,1.2689580917358398,53.93484740805161,2
3151,5.303764343261719,231.01878356933594,6675.68212890625,6.100064277648926,388.8020324707031,465.8305358886719,14.531245231628418,77.66802215576172,4.0245208740234375,True,0,1,1,88.6415299472128,14.33070956123613,0.5941810064806248,1.6962356567382812,58.48129976024211,1
3152,7.647871494293213,160.77435302734375,29000.58984375,7.217409133911133,300.2489546945408,438.80096435546875,13.182500839233398,67.09996795654297,3.0786726474761963,True,1,1,1,95.1435019648743,66.09053337031034,0.5354701489483548,0.6478714942932129,40.584604759079866,0
3153,7.036752223968506,139.16973876953125,33784.828125,9.640520095825195,275.33197021484375,499.4281311035156,13.664484977722168,70.36836242675781,4.678745269775391,True,1,1,1,131.73274202683206,67.6470265755824,0.505461600247419,0.03675222396850586,63.93264445343448,0
3154,7.951451301574707,185.42172241210938,6108.7958984375,7.117858409881592,344.7956848144531,283.8772888183594,18.904399871826172,85.79975891113281,3.8868823051452637,True,1,1,1,134.5588416114424,21.51914266317764,0.5377727449637854,0.951451301574707,73.47917735119154,0
3155,8.832141876220703,176.80865478515625,12171.0244140625,7.475336074829102,321.25762939453125,395.3873291015625,12.481551170349121,65.8671875,3.9145119190216064,True,0,1,1,93.30378973353618,30.782535219163822,0.5503640631602132,1.8321418762207031,48.859180824209716,1
3156,8.250829696655273,184.3851318359375,21616.634765625,7.166733741760254,305.17742919921875,412.9471130371094,13.791337013244629,71.79912567138672,2.604707956314087,True,1,1,1,98.83884031680736,52.3472232419632,0.6041899353945392,1.2508296966552734,35.92240524660724,0
3157,5.860574245452881,240.88714599609375,18321.9921875,6.046385288238525,351.04980468749994,491.87542724609375,8.99722671508789,44.61566162109375,4.277241230010986,True,0,1,1,54.40069924505406,37.24925282979005,0.6861907971273125,1.1394257545471191,38.483309061530235,1
3158,8.182103157043457,186.67050170898438,19642.39453125,7.71513557434082,350.27931286250214,370.3213806152344,11.521596908569336,55.49388122558594,4.60523796081543,True,1,1,1,88.8906821825185,53.041481011913426,0.5329190001275942,1.182103157043457,53.05969545255721,0
3159,7.8895792961120605,153.56973266601562,41210.66796875,8.45763874053955,294.26007080078125,354.4826965332031,11.292574882507324,67.35476684570312,3.2273600101470947,True,1,1,1,95.50851880673781,116.25579543241301,0.5218843716247876,0.8895792961120605,36.445204587395665,0
3160,8.713482856750488,169.57852172851562,23838.81640625,8.162687301635742,379.26079837295094,478.9830322265625,14.520903587341309,63.94527053833008,2.9221949577331543,True,0,1,1,118.5295953206678,49.769646840442604,0.44712905211634707,1.7134828567504883,42.432911244658044,1
3161,6.185925006866455,236.0347900390625,1198.9437255859375,6.14003324508667,374.09539794921875,436.2362060546875,11.09381103515625,99.77507781982422,4.090264320373535,True,0,1,1,68.11636857056874,2.7483819687521613,0.6309481236659177,0.8140749931335449,45.3766194540658,1
3163,8.379512786865234,164.1681671142578,24409.09765625,8.199017524719238,316.9010112138468,430.2389221191406,19.3499813079834,63.1052360534668,3.7498180866241455,True,1,1,1,158.65083584714557,56.733820081384636,0.5180424195157701,1.3795127868652344,72.55890988451529,0
3164,9.221955299377441,151.454833984375,26502.595703125,8.097193717956543,294.1927490234375,541.6014404296875,13.951753616333008,39.57240676879883,4.294251918792725,True,0,1,1,112.97005173664911,48.93376138949153,0.5148149775013457,2.2219552993774414,59.91234473746135,1
3167,6.028348922729492,225.67486572265625,12145.544921875,6.126269817352295,365.9617004394531,503.1121520996094,15.651888847351074,73.40058135986328,3.1420838832855225,True,0,0,1,95.88769423007989,24.140829926384917,0.6166625218841192,0.9716510772705078,49.17954769023822,2
3168,6.283318519592285,228.52484130859375,11601.642578125,6.322219371795654,336.83108768993,414.7844543457031,11.679676055908203,88.34593963623047,4.153989791870117,True,0,1,0,73.8414742169607,27.97029259077605,0.6784553118223668,0.7166814804077148,48.51725510859251,2
3170,6.98530387878418,219.58644104003906,16470.953125,6.445512771606445,339.0539855957031,492.90301513671875,15.804449081420898,70.6006851196289,3.081799030303955,True,1,1,1,101.86777840250215,33.41621492620645,0.6476444746891583,0.014696121215820312,48.70613585361116,0
3171,7.2733683586120605,175.01507568359375,14206.357421875,7.839066505432129,337.6445617675781,322.4906921386719,18.10784149169922,58.18170928955078,4.196421146392822,True,1,1,1,141.9485737232535,44.051991961722216,0.5183411640011143,0.27336835861206055,75.98812895129595,0
3172,7.449659824371338,193.04208374023438,32251.359375,6.086599349975586,337.1350402832031,572.80615234375,18.060298919677734,57.401336669921875,4.370404243469238,True,1,1,1,109.92580366487527,56.30414266106086,0.5725957260493533,0.4496598243713379,78.93080703688247,0
3173,7.618119716644287,202.7154998779297,44539.73828125,5.816215991973877,338.070068359375,459.07843017578125,13.351652145385742,73.60192108154297,3.7696995735168457,True,1,1,1,77.65609272726488,97.01988866515866,0.5996256937565189,0.6181197166442871,50.33171739820591,0
3174,6.698153972625732,198.28627014160156,34675.86328125,6.263601779937744,360.23284912109375,430.93499755859375,12.176678657531738,66.62102508544922,3.7581796646118164,True,1,1,1,76.26986611304574,80.4665747670415,0.5504391675410691,0.3018460273742676,45.76214611324849,0
3175,7.027297019958496,185.8386688232422,31151.615234375,7.625545024871826,327.22174072265625,398.70501708984375,19.461463928222656,80.69356536865234,3.3926663398742676,True,1,1,1,148.40426943458078,78.13198685990787,0.5679288541308288,0.027297019958496094,66.02625359395824,0
3176,8.610962867736816,125.15876770019531,32079.775390625,9.844921112060547,264.0528259277344,342.20526123046875,12.947376251220703,53.95026779174805,4.614400386810303,True,0,1,1,127.46589780143404,93.74424923080196,0.47399139466304063,1.6109628677368164,59.74437798181134,1
3177,7.423585891723633,180.45387268066406,34451.984375,7.9306511878967285,303.7901306152343,429.8599853515625,7.665923595428467,66.70047760009766,3.3653974533081055,True,1,1,0,60.79576606841033,80.14699080835899,0.5940083429346483,0.4235858917236328,25.798879745309478,1
3178,5.456680774688721,219.51988220214844,20967.83984375,6.8267822265625,355.0828857421875,312.01983642578125,14.029285430908203,57.852508544921875,3.7994725704193115,True,0,1,1,95.77487643109635,67.20034218573531,0.6182215206601429,1.5433192253112793,53.30388517731899,1
3180,8.246919631958008,119.02821350097656,7747.5771484375,9.124225616455078,336.627379721247,579.2476806640625,13.001228332519531,72.8037338256836,4.096619606018066,True,1,1,1,118.62614059695625,13.375240667654056,0.35359040980549633,1.2469196319580078,53.261086889317085,0
3181,6.64117431640625,191.91690063476562,10220.7119140625,6.6750807762146,380.36358642578125,421.4173583984375,12.243252754211426,65.17992401123047,3.1547012329101562,True,1,1,1,81.72470109797314,24.253181996708214,0.5045617061654556,0.35882568359375,38.62380455854145,0
3182,6.646067142486572,197.22206115722656,16863.439453125,6.793929100036621,340.65376674133324,505.2959289550781,16.712366104125977,45.66041946411133,3.053983211517334,True,1,1,1,113.54263040528713,33.3733926070297,0.5789516507182216,0.35393285751342773,51.039285506732085,0
3183,7.164478302001953,213.00244140625,32751.9296875,6.292148113250732,323.018365342313,490.9331359863281,12.68376636505127,58.25261306762695,4.998203277587891,True,1,1,1,79.80813660277045,66.71362599101168,0.6594127876324049,0.16447830200195312,63.3960426179583,0
3185,6.110022068023682,234.80096435546875,16663.5390625,5.984536170959473,348.05520629882807,437.8921203613281,10.05952262878418,66.62102508544922,2.8177804946899414,True,0,1,1,60.20157703454424,38.053982361445655,0.6746083938168947,0.8899779319763184,28.345526649280146,1
3187,7.036752223968506,184.9936981201172,14875.9560546875,7.4982099533081055,367.3265991210937,435.6029968261719,19.839906692504883,75.19947814941406,1.9223768711090088,True,1,1,1,148.7637858344442,34.150260969103286,0.5036218396901606,0.03675222396850586,38.13977775063222,0
3188,9.004680633544922,173.7393341064453,28311.291015625,8.475083351135254,377.7996532457829,531.5214233398438,12.838812828063965,37.76479721069336,3.775014877319336,True,0,1,1,108.81000884746663,53.26462813947336,0.4598716069586891,2.004680633544922,48.466709433059805,1
3189,6.886512756347656,211.4544219970703,35018.32421875,6.067596912384033,293.67181141411896,549.9970703125,8.445127487182617,27.66317367553711,3.5997564792633057,True,1,1,0,51.24162946591878,63.67001943334552,0.7200364933182267,0.11348724365234375,30.400402390190266,1
3191,6.98519229888916,133.43212890625,21944.642578125,8.577654838562012,341.2398986816406,536.2771606445312,16.176687240600586,91.70881652832031,4.246201515197754,True,1,1,0,138.75803958124197,40.92033774257741,0.3910214750113787,0.014807701110839844,68.68947387191838,1
3192,5.0941643714904785,223.16712951660156,22957.654296875,6.977420806884766,350.1012878417968,476.6245422363281,13.034637451171875,78.07592010498047,4.710936546325684,True,0,1,1,90.94815056200605,48.16716768505088,0.637435898207864,1.9058356285095215,61.405349936831044,1
3193,6.150034427642822,188.41305541992188,8406.7236328125,7.74471378326416,358.59173583984375,449.35882568359375,13.220294952392578,52.95663070678711,3.4444425106048584,True,0,1,1,102.3874005366124,18.70826416130891,0.5254249779438503,0.8499655723571777,45.53654593675583,1
3194,6.189699172973633,224.43295288085938,15229.703125,5.879183769226074,366.5011291503906,649.8057861328125,10.257514953613281,71.78095245361328,3.027371406555176,True,0,0,1,60.30581542787695,23.43731531262468,0.6123663323732869,0.8103008270263672,31.053307472880988,2
3195,7.497987747192383,185.81028747558594,30927.39453125,7.579377174377441,353.23965183510376,476.38714599609375,15.124286651611328,72.92842102050781,5.7389912605285645,True,1,1,1,114.63267302596432,64.92071569576497,0.5260176369902738,0.4979877471923828,86.79814891532624,0
3196,6.965280055999756,162.69944763183594,24312.037109375,9.129755020141602,307.7592163085937,490.8155212402344,15.512059211730957,102.69586944580078,3.969318389892578,True,1,1,1,141.62130046103448,49.533961351522294,0.5286582447624805,0.03471994400024414,61.57230189422626,0
3197,5.412119388580322,272.5146789550781,2835.30322265625,5.778010368347168,315.89574045790346,347.8044128417969,15.307745933532715,66.6614761352539,5.680346488952637,True,0,0,1,88.44831471997622,8.15200471822052,0.8626728480016362,1.5878806114196777,86.95330086732156,2
3198,7.503085613250732,186.7133331298828,32000.1796875,7.6417765617370605,315.9741516113281,473.5316162109375,12.0491304397583,43.28047561645508,4.305513858795166,True,1,1,1,92.07676258385754,67.57770447510653,0.5909133123289176,0.5030856132507324,51.87769809481006,0
3199,7.036752223968506,209.14999389648438,27030.755859375,6.093750476837158,350.0603332519531,407.91064453125,11.04694652557373,81.75785064697266,3.9931256771087646,True,1,1,1,67.31733565780951,66.2663653314833,0.597468417389873,0.03675222396850586,44.11184582491592,0
3200,8.581043243408203,153.70909118652344,19970.43359375,7.66168737411499,312.8851318359375,520.808349609375,14.781584739685059,74.12779235839844,2.883145332336426,True,0,1,1,113.25188116945583,38.345071791539965,0.4912636461609104,1.5810432434082031,42.61745704675832,1
3201,5.530055046081543,207.9982147216797,38918.77734375,6.543134689331055,360.0707092285156,427.664306640625,18.813079833984375,61.21498107910156,3.32747220993042,True,0,1,1,123.09651527489768,91.00309903919837,0.5776593563794054,1.469944953918457,62.600000330785406,1
3202,8.743958473205566,197.74932861328125,40843.6171875,6.368862152099609,310.67718505859375,326.2533264160156,12.503203392028809,66.42188262939453,4.118973255157471,True,0,1,1,79.63117886349573,125.18988698441396,0.636510620950409,1.7439584732055664,51.50036037556083,1
3203,9.052383422851562,120.021728515625,22203.486328125,9.368339538574219,285.2335205078125,372.2752380371094,14.538445472717285,64.1324234008789,4.259719371795654,True,0,1,0,136.2010935514627,59.64266220217697,0.42078409256093563,2.0523834228515625,61.92969781592865,2
3204,8.077260971069336,125.30271911621094,23931.283203125,8.773161888122559,317.6933288574219,398.32879638671875,15.279582977294922,62.668357849121094,4.279871463775635,True,1,1,1,134.05025504281002,60.07921937888724,0.39441406960746,1.077260971069336,65.39465116291649,0
3205,6.682097434997559,228.30319213867188,7705.298828125,5.94735050201416,363.5369873046875,254.39230346679688,13.140439987182617,64.78395080566406,3.449829578399658,True,1,1,1,78.15080235445748,30.289040559914778,0.6280054010551643,0.3179025650024414,45.33227854096822,0
3206,4.731319904327393,230.93869018554688,15517.3916015625,6.6147050857543945,337.4461861181257,384.8067321777344,16.620933532714844,64.03826141357422,5.457892417907715,True,0,1,1,109.94257356883463,40.32515614635915,0.6843719058076213,2.2686800956726074,90.71526710675244,1
3207,9.241419792175293,127.9188232421875,39566.75390625,8.860817909240723,281.9956359863281,487.33917236328125,9.534499168395996,65.51667022705078,4.718851089477539,True,0,1,1,84.48346098696402,81.189356548515,0.45361986663782794,2.241419792175293,44.991881788408136,1
3208,5.628313064575195,192.3407440185547,22856.7421875,7.764692783355713,343.0395202636719,439.05474853515625,15.199905395507812,50.229942321777344,4.061644554138184,True,0,0,1,118.02259573218907,52.05897945916606,0.5606955819843132,1.3716869354248047,61.7366129730799,2
3209,4.857802391052246,222.39999389648438,15668.2734375,7.900790214538574,320.39453125,417.8040771484375,15.530563354492188,84.22877502441406,3.9665708541870117,True,0,1,1,122.70372297744325,37.501485162462615,0.6941441613708574,2.142197608947754,61.60307995103358,1
3210,8.430471420288086,195.71730041503906,35254.02734375,6.703538417816162,314.7278442382812,282.59991455078125,12.26917839050293,46.48794937133789,3.253920316696167,True,1,1,1,82.24690869577626,124.7488955367897,0.6218620416851297,1.430471420288086,39.92292883402706,0
3211,6.81760835647583,219.33743286132812,27548.61328125,6.298121452331543,340.9376220703125,530.7100219726562,19.486791610717773,68.56879425048828,3.0482921600341797,True,1,1,0,122.73018028057595,51.90897493690144,0.6433359594816368,0.18239164352416992,59.40143409117081,1
3212,5.913755416870117,175.32606506347656,12044.625,8.368785858154297,347.88037109375,380.9671630859375,12.530826568603516,65.19405364990234,4.023776054382324,True,0,1,1,104.86780417831324,31.615913746527003,0.5039837804250367,1.0862445831298828,50.42123988836465,1
3213,7.036752223968506,257.2354431152344,28149.052734375,5.994555950164795,336.06243896484375,551.85009765625,14.252898216247559,68.4038314819336,2.6740400791168213,True,1,1,1,85.4397958093,51.0085126430487,0.7654394318572,0.03675222396850586,38.11282107381862,0
3214,5.500276565551758,263.68316650390625,19911.224609375,4.755311965942383,366.9427490234375,435.8656921386719,12.761184692382812,51.43989562988281,5.147535800933838,True,0,1,1,60.683414267288754,45.68201838964231,0.718594839350455,1.4997234344482422,65.68865506636939,1
3215,5.608623027801514,271.8822326660156,43680.22265625,4.15733528137207,366.8665466308594,450.89605712890625,16.442752838134766,61.24976348876953,3.77750825881958,True,0,1,1,68.3580364968584,96.87426152606174,0.7410930062219332,1.3913769721984863,62.11263464378317,1
3216,5.6092352867126465,216.1226806640625,14825.9345703125,7.001788139343262,355.211669921875,330.0926818847656,9.779518127441406,41.249977111816406,3.224675416946411,True,0,1,0,68.47411403321166,44.91445990485099,0.6084335013631812,1.3907647132873535,31.535771695142103,2
3219,6.417716026306152,209.70242309570312,31974.482421875,7.263425350189209,321.3821105957031,289.4501037597656,11.369071006774902,66.62102508544922,4.2103271484375,True,0,1,1,82.57839855870998,110.46630108637481,0.6525018522484151,0.5822839736938477,47.86750831233803,1
3220,6.170526027679443,193.33551025390625,16206.2197265625,7.123966693878174,335.6846964892413,528.0960693359375,20.532278060913086,75.06770324707031,3.652207612991333,True,0,1,1,146.27126505539036,30.688014240009863,0.5759437701508651,0.8294739723205566,74.9881422461217,1
3222,4.979468822479248,240.8134765625,24167.84375,5.593830585479736,288.3389599898778,398.0289611816406,6.091226577758789,62.41952896118164,3.439021587371826,True,0,0,1,34.07328953375418,60.71880703739091,0.8351749473459252,2.020531177520752,20.947859694485487,2
3223,8.097454071044922,218.992431640625,18112.28515625,6.1969475746154785,324.2514119006175,376.5697937011719,17.74626350402832,59.909942626953125,4.279082298278809,True,1,0,1,109.97266457977548,48.09808277539376,0.6753784962156689,1.0974540710449219,75.93772202067885,1
3224,7.036752223968506,198.2187042236328,31081.734375,7.419106483459473,332.9893771893216,517.9259643554688,11.711419105529785,85.42878723144531,3.345543384552002,True,1,0,1,86.88826541634717,60.011925360157676,0.5952703515693983,0.03675222396850586,39.1810607122211,1
3225,8.468741416931152,132.45648193359375,21038.443359375,8.001378059387207,345.000732421875,360.5755920410156,10.742959976196289,64.5089340209961,2.87699556350708,True,1,1,1,85.9584842464119,58.34683147004314,0.38393101550779274,1.4687414169311523,30.90744819045085,0
3227,7.679594993591309,200.0729217529297,32000.84375,7.633725166320801,290.7403259277344,583.6083984375,16.84450912475586,39.36705780029297,3.29752516746521,True,1,1,1,128.58635321996917,54.832733354837615,0.6881498822922465,0.6795949935913086,55.54519277247982,0
3228,7.226592540740967,207.8322296142578,22097.4140625,5.862717151641846,354.7083740234375,353.654052734375,10.401056289672852,66.86414337158203,4.337116718292236,True,1,1,1,60.978451104657324,62.483135225411786,0.5859242246550429,0.2265925407409668,45.11059512183874,0
3229,7.036752223968506,203.2046661376953,10643.1865234375,6.828936576843262,350.109802333382,384.59771728515625,16.011327743530273,72.91157531738281,3.0659103393554688,True,1,1,1,109.34034167161917,27.673556075406076,0.5804026742553093,0.03675222396850586,49.08929527569853,0
3231,7.036752223968506,225.7541046142578,28194.453125,5.892829895019531,366.2015686035156,418.27288818359375,17.30683135986328,103.91254425048828,3.8558950424194336,True,1,1,1,101.98621322546387,67.40683858337404,0.6164749781348029,0.03675222396850586,66.73332524048601,0
3232,6.360195636749268,198.9114532470703,13742.1396484375,7.441486358642578,338.4095764160156,423.6256408691406,11.915900230407715,57.71315002441406,2.7132484912872314,True,0,1,1,88.67200901552496,32.439348071103055,0.587783167266993,0.6398043632507324,32.330798322482906,1
3234,6.603416442871094,190.83731079101562,19468.791015625,6.375631809234619,380.73190307617193,456.3154602050781,5.934588432312012,83.559326171875,4.270816802978516,True,1,1,1,37.83675078376427,42.6652013153578,0.5012380332404067,0.39658355712890625,25.345539995480067,0
3235,5.71332311630249,196.24571228027344,11356.580078125,8.027819633483887,347.58758544921875,300.1251220703125,18.430084228515625,44.8603515625,4.571127891540527,True,0,1,1,147.95339201643947,37.839484951962554,0.5645935583748017,1.2866768836975098,84.24627206040896,1
3237,9.609834671020508,227.366943359375,22690.044921875,5.385439872741699,314.3174743652344,394.7315673828125,16.98835563659668,75.33969116210938,4.3083577156066895,True,0,1,1,91.48976781764395,57.48221510337904,0.7233671722998425,2.609834671020508,73.1919130824017,1
3238,9.186453819274902,169.11981201171875,27055.6953125,7.442479610443115,386.63852369803897,498.63531494140625,10.247444152832031,50.401161193847656,3.4538614749908447,True,0,1,1,76.26639416660691,54.25948473268441,0.43741065933302875,2.1864538192749023,35.39325257658675,1
3239,9.960689544677734,169.9252471923828,15835.123046875,7.143906593322754,301.7772521972656,388.89715576171875,13.563992500305176,71.59386444091797,3.4345383644104004,True,0,0,1,96.89989545471053,40.71802215971803,0.5630816948330634,2.9606895446777344,46.586052616873076,2
3240,6.102306842803955,205.99903869628906,23406.859375,8.061863899230957,298.3580623065031,380.30499267578125,15.49239730834961,69.1108169555664,4.280766487121582,True,0,1,0,124.89759857272657,61.54759933274735,0.6904423376842554,0.8976931571960449,66.31933520275561,2
3241,6.792654991149902,241.72445678710938,9094.3134765625,6.435809135437012,338.52117919921875,361.1075439453125,14.502464294433594,45.428096771240234,1.9177544116973877,True,1,1,1,93.3350921924648,25.18450141477874,0.7140600675114486,0.20734500885009766,27.812164881133867,0
3242,5.910539627075195,241.1407470703125,25721.833984375,4.806758880615234,385.8874816894531,462.6125183105469,14.316821098327637,60.59035873413086,4.007508277893066,True,0,1,1,68.81750695656592,55.60124923274765,0.6248991166794933,1.0894603729248047,57.37477906466211,1
3243,6.125810146331787,241.4435272216797,8810.8955078125,5.740321159362793,369.022705078125,367.96795654296875,16.81650733947754,47.66172790527344,4.953057765960693,True,0,1,1,96.53215290738262,23.94473574994264,0.6542782415414953,0.8741898536682129,83.29313227413422,1
3245,7.036752223968506,188.53660583496094,24711.4140625,7.129520416259766,341.30109797154705,555.5485229492188,16.95926856994629,56.038700103759766,4.331690788269043,True,1,1,1,120.91145151426463,44.48110830505745,0.5524055047085521,0.03675222396850586,73.46230744021705,0
3247,8.628300666809082,185.92672729492188,31548.005859375,7.07946252822876,321.0034929426225,342.3556823730469,18.248367309570312,62.18868637084961,5.100857734680176,True,0,1,1,129.1886325694577,92.14979447266488,0.5792046840716171,1.628300666809082,93.0823255363066,1
3248,6.260111331939697,211.5941162109375,18577.623046875,7.154890537261963,340.79257202148443,357.098388671875,7.9922099113464355,82.3653793334961,5.4036149978637695,True,0,0,1,57.18338706650388,52.02382196107162,0.6208882850202199,0.7398886680603027,43.18682534302707,2
3250,7.371914386749268,148.19369506835938,42059.37890625,7.966710567474365,324.5462646484375,544.8484497070312,17.16650390625,62.677757263183594,4.3389573097229,True,1,1,1,136.76056807651184,77.1946379799208,0.45661808732345477,0.3719143867492676,74.48472760641016,0
3251,4.825591564178467,234.78390502929688,11142.392578125,6.442769527435303,370.4168395996094,370.1889343261719,13.046354293823242,46.31599044799805,3.463097095489502,True,0,1,1,84.0546538883691,30.099204797429955,0.6338370162901942,2.174408435821533,45.18079166166626,1
3252,4.8688273429870605,258.678955078125,13400.3857421875,4.880910396575928,360.17588060573263,328.7645263671875,17.352081298828125,55.96821594238281,3.2556002140045166,True,0,1,1,84.69395401368092,40.759828469027624,0.718201768327421,2.1311726570129395,56.491439589888614,1
3253,7.395451068878174,190.47789001464844,22561.5078125,8.310194969177246,294.0303955078125,413.9102783203125,13.301373481750488,63.410179138183594,4.990235805511475,True,1,1,1,110.53700699119054,54.50820851694852,0.6478170021771452,0.39545106887817383,66.37699021111212,0
3254,8.862112998962402,131.6351776123047,17433.6015625,7.639573097229004,340.1331787109375,399.46282958984375,16.71220588684082,53.5941047668457,4.955081939697266,True,0,1,1,127.67411848846132,43.64261259741658,0.3870106930590393,1.8621129989624023,82.81034956238727,1
3255,6.008973598480225,225.08023071289062,5100.09423828125,7.452236175537109,336.1189880371094,325.1344909667969,11.079951286315918,36.34101104736328,4.012340545654297,True,0,1,1,82.57041379907241,15.686106409165834,0.6696444951166997,0.9910264015197754,44.45653778995984,1
3256,7.607223987579346,160.56524658203125,39184.84765625,7.826411247253418,312.0560607910156,503.1580810546875,13.366994857788086,62.022308349609375,3.52502703666687,True,1,1,1,104.61559889697128,77.87780630738445,0.5145397453921662,0.6072239875793457,47.11901827269003,0
3257,6.683367729187012,272.1116943359375,18989.31640625,5.336202144622803,336.55511474609375,307.7250061035156,20.1787166595459,75.40225982666016,5.208061218261719,True,1,0,1,107.6777111144047,61.708720344142144,0.808520452089119,0.3166322708129883,105.09199166887265,1
3258,6.638411521911621,180.82666015625,9772.5048828125,8.29598331451416,335.92026396979384,401.11114501953125,12.601517677307129,61.05188751220703,5.164056777954102,True,1,1,1,104.54198038849518,24.363583460073304,0.5383023265134363,0.3615884780883789,65.0749527740063,0
3259,9.271355628967285,181.25961303710938,16540.978515625,7.022499084472656,309.2388610839844,487.6927795410156,13.22844123840332,66.62102508544922,4.333952903747559,True,0,1,1,92.89671648568765,33.91680003397934,0.5861475877112824,2.271355628967285,57.33144131723202,1
3262,8.378108024597168,198.51121520996094,28474.203125,6.477056980133057,319.4771728515625,499.86700439453125,15.389083862304688,35.22119903564453,4.524693012237549,True,1,1,1,99.67597304819355,56.96355794182914,0.6213627496973992,1.378108024597168,69.63088021650765,0
3263,6.923635959625244,260.5931396484375,24792.525390625,5.501163959503174,332.232177734375,607.7735595703125,15.483026504516602,51.535865783691406,4.013338565826416,True,1,1,1,85.17466739067913,40.792372355521024,0.7843705586892772,0.07636404037475586,62.138627386289045,0
3264,5.89310359954834,239.2694854736328,20526.666015625,6.349560737609863,341.25634765625,403.6175537109375,18.963706970214844,63.84632110595703,4.390701770782471,True,0,1,0,120.41120921761467,50.85672259801923,0.701142957239605,1.1068964004516602,83.2639817747222,2
3265,8.19735336303711,203.10508728027344,27701.794921875,6.472914218902588,328.8868408203125,444.61273193359375,14.250875473022461,62.90620422363281,3.361833333969116,True,1,1,1,92.24469448113723,62.30544667287446,0.6175530956365838,1.1973533630371094,47.909068203449806,0
3266,8.372910499572754,169.08705139160156,14622.7451171875,7.5479841232299805,301.5862361973452,464.5255432128906,11.083026885986328,38.435150146484375,4.906358242034912,True,1,1,1,83.65451097275582,31.478882699475275,0.5606590438706199,1.372910499572754,54.37730030875355,0
3267,8.989899635314941,215.04736328125,15921.412109375,6.297311305999756,312.9310302734375,390.41021728515625,9.899115562438965,55.069305419921875,4.613842964172363,True,0,1,1,62.337812350745025,40.78123820454406,0.6872037023817645,1.9898996353149414,45.672964689288165,1
3268,6.7025465965271,207.3210906982422,17246.919921875,7.7081170082092285,304.5102233886719,329.2659912109375,16.217302322387695,28.87860107421875,3.4429831504821777,True,1,1,1,125.00486385846762,52.37990053593544,0.6808345799043547,0.2974534034729004,55.835898642256325,0
3270,6.069615840911865,186.65904235839844,26138.779296875,7.747547626495361,345.70025634765625,415.886962890625,12.067619323730469,60.419921875,3.6697115898132324,True,0,1,1,93.49445544901755,62.85068195537212,0.5399447596322825,0.9303841590881348,44.28468249374782,1
3272,7.808856010437012,193.55320739746094,17329.802734375,8.061362266540527,349.3559618701831,392.4495849609375,19.90322494506836,66.62102508544922,2.7982428073883057,True,1,1,1,160.44710655464223,44.15803546318411,0.5540286354562187,0.8088560104370117,55.69405604636904,0
3273,9.419509887695312,175.7626495361328,33155.578125,7.35023307800293,367.28218737174205,432.0447692871094,11.039070129394531,69.84539794921875,3.298875570297241,True,0,1,0,81.13973841546976,76.74107038251364,0.4785493418979411,2.4195098876953125,36.416518768657625,2
3274,5.126762866973877,230.603759765625,11983.869140625,6.303356647491455,350.9205393085592,402.88311767578125,11.168946266174316,77.48821258544922,4.708658695220947,True,0,1,1,70.40185169236474,29.74527495719913,0.6571395323934545,1.873237133026123,52.59075595267723,1
3275,7.874671459197998,195.102294921875,17404.177734375,7.509305953979492,358.2041880871452,327.4597473144531,16.14036750793457,78.69844818115234,2.3091490268707275,True,1,1,1,121.20295782675021,53.14905976676594,0.5446678203822173,0.874671459197998,37.27051392428302,0
