ph,Hardness,Solids,Chloramines,Sulfate,Conductivity,Organic_carbon,Trihalomethanes,Turbidity,Potability
7.200767570198842,204.8904571533203,20791.318359375,7.3002119064331055,368.5164489746094,564.3086547851562,10.379782676696777,86.990966796875,2.9631354808807373,False
3.7160801887512207,129.4229278564453,18630.05859375,6.6352458000183105,344.638955918942,592.8853759765625,15.180012702941895,56.32907485961914,4.5006561279296875,False
8.09912395477295,224.2362518310547,19909.541015625,9.275883674621582,332.0562597472119,418.606201171875,16.868637084960938,66.42008972167969,3.055933713912964,False
8.316765785217285,214.37339782714844,22018.41796875,8.059332847595215,356.8861389160156,363.2665100097656,18.436525344848633,100.3416748046875,4.628770351409912,False
9.092223167419434,181.1015167236328,17978.986328125,6.546599864959717,310.1357421875,398.41082763671875,11.558279037475586,31.99799346923828,4.075075626373291,False
5.5840864181518555,188.31332397460938,28748.6875,7.5448689460754395,326.6783752441406,280.4679260253906,8.399734497070312,54.91786193847656,2.5597081184387207,False
10.223861694335938,248.0717315673828,28749.716796875,7.513408660888672,393.66339111328125,283.6516418457031,13.789695739746094,84.60355377197266,2.6729886531829834,False
8.635848999023438,203.3615264892578,13672.091796875,4.563008785247803,303.3097839355469,474.6076354980469,12.363816261291504,62.798309326171875,4.401424884796143,False
6.911901712352931,118.98857879638672,14285.583984375,7.804173469543457,268.6469421386719,389.3755798339844,12.706048965454102,53.9288444519043,3.595017194747925,False
11.18028450012207,227.23147583007812,25484.5078125,9.077199935913086,404.0416259765625,563.885498046875,17.927806854248047,71.97660064697266,4.3705620765686035,False
7.360640048980713,165.5207977294922,32452.615234375,7.550701141357422,326.6243591308594,425.3834228515625,15.586810111999512,78.7400131225586,3.6622917652130127,False
7.974521636962891,218.69329833984375,18767.65625,8.110384941101074,333.4272160489079,364.0982360839844,14.525745391845703,76.48590850830078,4.011718273162842,False
7.119824409484863,156.70498657226562,18730.814453125,3.6060361862182617,282.34405517578125,347.71502685546875,15.929535865783691,79.50077819824219,3.445756196975708,False
6.831747242841074,150.1749267578125,27331.361328125,6.838223457336426,299.415771484375,379.7618408203125,19.370807647705078,76.50999450683594,4.413974285125732,False
7.496232032775879,205.34498596191406,28388.005859375,5.0725579261779785,327.1056254595056,444.6453552246094,13.228311538696289,70.30020904541016,4.7773823738098145,False
6.347271919250488,186.73287963867188,41065.234375,9.629596710205078,364.4877014160156,516.7432861328125,11.53978157043457,75.07161712646484,4.376348495483398,False
7.051785945892334,211.04940795898438,30980.6015625,10.094796180725098,326.25895949636555,315.1412658691406,20.397022247314453,56.65160369873047,4.268428802490234,False
9.181559562683105,273.8138122558594,24041.326171875,6.904989719390869,398.35052490234375,477.9746398925781,13.387340545654297,71.45735931396484,4.503660678863525,False
8.975464820861816,279.357177734375,19460.3984375,6.204320907592773,325.16299174502916,431.4440002441406,12.888758659362793,63.82123565673828,2.4360857009887695,False
7.3710503578186035,214.49661254882812,25630.3203125,4.432669162750244,335.7544250488281,469.91455078125,12.509163856506348,62.79727554321289,2.5602991580963135,False
7.221255439029149,227.43504333496094,22305.568359375,10.333917617797852,329.9109316638945,554.820068359375,16.331693649291992,45.382816314697266,4.1334228515625,False
6.66021203994751,168.28375244140625,30944.36328125,5.858768939971924,310.93084716796875,523.6713256835938,17.884235382080078,77.04232025146484,3.7497012615203857,False
7.2114034725642,215.9778594970703,17107.224609375,5.607060432434082,326.9439697265625,436.2561950683594,14.189062118530273,59.85547637939453,5.4592509269714355,False
3.902475595474243,196.9032440185547,21167.5,6.996311664581299,332.9697155671916,444.4788818359375,16.609033584594727,90.18167877197266,4.528522491455078,False
5.400301933288574,140.7390594482422,17266.59375,10.056852340698242,328.3582458496094,472.87408447265625,11.256381034851074,56.931907653808594,4.824786186218262,False
6.514415264129639,198.76734924316406,21218.703125,8.670936584472656,323.5963439941406,413.2904357910156,14.899999618530273,79.84783935546875,5.20088529586792,False
3.4450619220733643,207.92625427246094,33424.76953125,8.782147407531738,384.00701904296875,441.785888671875,13.805902481079102,30.284597396850586,4.184396743774414,False
6.985254594003004,145.76817321777344,13224.935546875,7.906444549560547,304.0019836425781,298.99066162109375,12.729524612426758,49.53684997558594,4.004870891571045,False
7.224199973902844,266.4210205078125,26362.96484375,7.700063705444336,395.3894958496094,364.4801025390625,10.348950386047363,53.00838088989258,3.9915642738342285,False
7.081139244253801,148.15306091308594,15193.4130859375,9.046833038330078,307.01177978515625,563.8047485351562,16.568655014038086,52.676185607910156,6.038185119628906,False
7.181448459625244,209.62559509277344,15196.23046875,5.994678497314453,338.33642578125,342.1112976074219,7.922598361968994,71.53795623779297,5.088860034942627,False
9.82548999786377,190.75662231445312,19677.892578125,6.757540702819824,337.47938638168614,452.83624267578125,16.899038314819336,47.08197021484375,2.8574724197387695,False
10.4332914352417,117.79122924804688,22326.892578125,8.161504745483398,307.70751953125,412.9868469238281,12.890708923339844,65.73347473144531,5.057310581207275,False
7.414148330688477,235.04454040527344,32555.853515625,6.845952033996582,387.1753234863281,411.9833679199219,10.2448148727417,44.489295959472656,3.1606245040893555,False
7.278180832781131,232.28045654296875,14787.2060546875,5.474915027618408,334.07093675526585,383.9817199707031,12.166936874389648,86.08072662353516,5.0291666984558105,False
5.115817070007324,191.95274353027344,19620.544921875,6.060712814331055,323.8363952636719,441.7483825683594,10.966485977172852,49.23823165893555,3.9020888805389404,False
3.641629695892334,183.90872192382812,24752.072265625,5.538314342498779,286.0595703125,456.860107421875,9.034067153930664,73.59465789794922,3.464353084564209,False
5.6180644035339355,304.23590087890625,17281.974609375,6.101083278656006,322.8309165841709,399.4715576171875,12.26500129699707,81.5889892578125,2.8965468406677246,False
6.956622316822924,143.4537353515625,19942.2734375,5.890754699707031,343.4105812647297,427.13067626953125,22.469892501831055,53.12409591674805,2.9075639247894287,False
9.267187118530273,198.61439514160156,24683.72265625,6.110612392425537,328.0775451660156,396.876953125,16.471969604492188,30.38331413269043,4.324004650115967,False
7.299184377662666,233.85899353027344,11703.923828125,4.599388122558594,309.039306640625,349.3996276855469,18.338891983032227,42.67746353149414,3.5100040435791016,False
5.331940650939941,194.8740692138672,16658.876953125,7.993829727172852,316.6751708984375,335.1203918457031,10.180513381958008,59.57271194458008,4.434820175170898,False
7.145771503448486,238.68992614746094,28780.33984375,6.814028739929199,385.97564697265625,332.03271484375,11.09316349029541,66.13804626464844,5.182590484619141,False
9.92069149017334,202.81748962402344,9973.93359375,6.882248401641846,337.35052490234375,333.1924743652344,23.917600631713867,71.83362579345703,4.690707206726074,False
4.758439540863037,183.34945678710938,21568.4296875,4.731348991394043,336.11727178156525,403.9441833496094,18.668230056762695,66.91239929199219,4.542801380157471,False
5.702926158905029,216.85047912597656,35606.44140625,7.184350967407227,319.0135601216697,504.6382751464844,16.140790939331055,77.53618621826172,4.137739181518555,False
6.953864097595215,209.63829040527344,10575.1865234375,4.462707042694092,315.6065979003906,391.184326171875,13.285333633422852,87.3908920288086,3.1957104206085205,False
10.682966232299805,173.37550354003906,15758.740234375,5.570783615112305,307.35260009765625,323.80792236328125,10.090869903564453,78.47278594970703,3.9997754096984863,False
6.706960682228914,129.8905792236328,34415.8515625,6.321928977966309,304.53521728515625,470.32916259765625,18.599409103393555,72.40363311767578,4.405585765838623,False
8.757257461547852,200.19140625,21536.224609375,4.915101051330566,317.8829040527344,404.7178039550781,13.768322944641113,47.930870056152344,3.6261353492736816,False
6.8837136275461885,168.388427734375,27492.306640625,7.046224594116211,299.8204650878906,383.7950134277344,16.182065963745117,75.72943115234375,3.0480573177337646,False
7.809631824493408,100.4576187133789,12013.55078125,5.212314605712891,247.20082092285156,605.2201538085938,9.611349105834961,66.08417510986328,2.447444438934326,False
6.6524882316589355,145.0101776123047,19871.7890625,4.961066246032715,288.05218505859375,545.9749755859375,10.942024230957031,71.7274169921875,3.7420904636383057,False
9.147196769714355,211.71414184570312,11920.611328125,7.230794906616211,339.7519226074219,527.7089233398438,18.275312423706055,47.634883880615234,3.7945315837860107,False
10.560744285583496,181.89337158203125,21783.650390625,6.991260051727295,340.390380859375,456.556396484375,16.48283576965332,34.25204849243164,3.964686393737793,False
7.484254837036133,260.0921630859375,30616.615234375,9.379133224487305,318.7917069398025,404.6707763671875,15.934483528137207,66.62102508544922,4.781188011169434,False
8.520806312561035,238.33511352539062,28779.650390625,8.282808303833008,381.6493225097656,481.3188171386719,6.016336441040039,39.09117126464844,3.9406044483184814,False
4.999413967132568,190.28704833984375,24323.865234375,7.230164051055908,324.8930358886719,405.3304748535156,8.236557960510254,99.42738342285156,4.460683822631836,False
6.99423139029561,157.8011932373047,16963.625,8.33561897277832,300.0442199707031,360.9960021972656,12.823861122131348,71.71700286865234,4.405385494232178,False
6.91966068357062,155.05572509765625,20557.240234375,8.187318801879883,341.842713615378,290.18096923828125,16.622255325317383,59.6220588684082,4.089907646179199,False
3.906078338623047,233.40283203125,32144.80078125,6.994839668273926,348.35943603515625,269.4490661621094,9.654125213623047,63.743064880371094,3.9028797149658203,False
6.391353607177734,213.017822265625,20965.478515625,5.3755598068237305,327.6505432128906,369.338134765625,13.758105278015137,17.915721893310547,3.9237492084503174,False
6.947197537945016,229.48568725585938,35729.69140625,8.810843467712402,384.94378662109375,296.3975524902344,16.927091598510742,66.13571664556832,3.855602264404297,False
8.692091941833496,195.14373779296875,24656.240234375,8.231900215148926,333.0530435840389,398.3454284667969,12.380770683288574,48.44072341918945,4.477960109710693,False
8.085760116577148,127.73967742919922,32653.91015625,6.534237384796143,333.458823250497,416.2396240234375,11.119659423828125,78.2750473022461,4.068688869476318,False
6.203977584838867,212.30662536621094,21815.07421875,7.873991966247559,332.5359234700218,362.1080017089844,14.933012962341309,63.87382125854492,5.215689182281494,False
5.058108806610107,238.5693817138672,34873.93359375,8.9832763671875,374.4335021972656,669.72509765625,13.353181838989258,76.52179718017578,5.106655597686768,False
6.74588459278573,103.46475982666016,27420.16796875,8.417304992675781,340.94506327700276,485.9744873046875,11.3511323928833,67.86996459960938,4.620793342590332,False
7.216209082913702,211.20053100585938,12830.484375,4.502117156982422,326.9615173339844,333.329833984375,16.045148849487305,49.898406982421875,3.439739942550659,False
7.261550426483154,179.88978576660156,24964.77734375,5.8370866775512695,349.2692565917969,501.1827697753906,17.2877140045166,50.99300765991211,3.636364221572876,False
7.160467147827148,183.0893096923828,6743.34619140625,3.8030364513397217,277.5990905761719,428.0363464355469,9.7996244430542,90.03536987304688,3.8848910331726074,False
5.7047648429870605,116.29933166503906,33223.58203125,7.050503253936768,297.0781555175781,504.3786926269531,9.00182056427002,48.147029876708984,4.157533168792725,False
6.217273235321045,130.9444580078125,19460.3828125,7.09246301651001,300.13128662109375,556.6536865234375,14.083608627319336,57.89707565307617,5.325833320617676,False
8.67993450164795,242.22866821289062,22984.05078125,7.518764495849609,327.55946860662755,352.9425964355469,18.704408645629883,69.90790557861328,3.8734703063964844,False
7.257781506962517,219.30091857910156,14859.466796875,5.598326683044434,344.4423828125,425.21356201171875,15.771834373474121,49.35200119018555,4.655916690826416,False
6.897322177886963,211.36016845703125,25650.77734375,6.76600980758667,327.8339574703494,383.0143127441406,13.93478775024414,90.52333068847656,5.0227837562561035,False
3.514545440673828,158.73207092285156,23029.6640625,6.82167911529541,286.5228576660156,307.379150390625,9.712231636047363,79.8509292602539,3.762615442276001,False
3.7225005626678467,163.63973999023438,37962.16796875,6.6845703125,326.69403076171875,467.5629577636719,14.567269325256348,50.577980041503906,3.6628377437591553,False
6.455004692077637,176.68397521972656,24468.048828125,5.756929874420166,314.7995910644531,477.58135986328125,16.24550437927246,57.7297248840332,2.293431520462036,False
7.316804885864258,217.52285766601562,31903.400390625,9.865047454833984,376.9379577636719,425.91339111328125,8.992753982543945,69.50921630859375,3.5083725452423096,False
1.8445383310317993,233.76434326171875,28689.595703125,7.724432468414307,324.3754756823012,410.38726806640625,15.611859321594238,54.299442291259766,5.013463497161865,False
5.519125461578369,168.72857666015625,12531.6015625,7.730722904205322,345.0585923826882,443.57037353515625,18.099077224731445,66.53053190067916,3.758995771408081,False
7.408985614776611,204.9617462158203,9566.1220703125,6.505923271179199,311.4526672363281,504.14599609375,11.532143592834473,81.10694122314453,3.772420883178711,False
5.97676944732666,258.9527282714844,27267.982421875,7.648599147796631,383.65716552734375,514.118896484375,12.256790161132812,82.46979522705078,2.994671106338501,False
6.395359039306641,133.834228515625,23827.275390625,5.127747058868408,266.9084167480469,573.4002685546875,9.833874702453613,95.026611328125,4.191217422485352,False
6.20964241027832,195.417724609375,13116.7080078125,7.879347801208496,340.7348256168724,417.2416687011719,7.507662296295166,70.5473861694336,3.6125195026397705,False
6.7628326416015625,232.07518005371094,27159.384765625,7.884990692138672,350.4452819824219,465.4137878417969,13.863965034484863,64.812255859375,4.916579246520996,False
9.918717384338379,199.18124389648438,21470.27734375,6.799841403961182,329.1784362792969,430.5077209472656,15.966042518615723,59.292274475097656,3.3855085372924805,False
10.155440330505371,300.29248046875,12652.36328125,6.655126571655273,398.6477966308594,487.4591369628906,9.347634315490723,67.91979217529297,5.002467155456543,False
8.721726417541504,206.36968994140625,28608.052734375,6.325442314147949,377.404541015625,506.9383544921875,13.553750991821289,42.38148498535156,2.5550270080566406,False
7.217183011427587,197.9797821044922,17153.306640625,7.659204006195068,329.2803039550781,575.1146850585938,11.870981216430664,69.10983276367188,4.3839216232299805,False
6.978789217959042,199.10787963867188,29721.912109375,6.869690418243408,357.30322265625,420.7095947265625,9.226618766784668,55.29428482055664,3.3551645278930664,False
6.09964656829834,237.919921875,20416.841796875,8.457830429077148,329.29733347036273,291.1048278808594,19.27005386352539,93.13800811767578,3.1727898120880127,False
9.026787757873535,253.21707153320312,27965.072265625,6.588374137878418,373.55322265625,588.3196411132812,16.145732879638672,59.12445068359375,2.0190420150756836,False
6.953371524810791,203.14654541015625,11609.109375,5.495737552642822,304.283203125,551.143310546875,9.387781143188477,55.958003997802734,3.6518657207489014,False
6.140877723693848,197.87608337402344,26687.875,7.587196350097656,329.2318420410156,548.07275390625,15.83633041381836,41.263648986816406,5.359460353851318,False
7.077874183654785,220.6705322265625,23873.37890625,6.181839466094971,341.98724365234375,333.05078125,10.661798477172852,90.29776763916016,4.764508247375488,False
5.488314151763916,135.8023681640625,21485.15234375,8.187416076660156,280.603271484375,441.3311462402344,14.860262870788574,88.28734588623047,5.066786289215088,False
7.205559253692627,120.3276138305664,24627.8671875,6.202469348907471,289.7687072753906,418.43328857421875,13.643147468566895,63.733734130859375,3.7100532054901123,False
9.17786979675293,163.2748260498047,20868.33203125,7.726040363311768,320.4214172363281,426.994384765625,10.214274406433105,62.43092727661133,3.1087698936462402,False
4.270716190338135,166.83770751953125,24405.25,7.391510009765625,297.20672607421875,349.5189208984375,13.47852611541748,54.47483825683594,3.7639060020446777,False
7.348844528198242,223.2649383544922,11519.046875,8.889558792114258,338.01171214279066,494.158447265625,18.145374298095703,73.71552276611328,4.880875110626221,False
8.526169776916504,175.6128387451172,11837.123046875,7.48370885848999,308.3985290527344,474.240478515625,21.845916748046875,52.37220001220703,5.083014011383057,False
6.865938581263333,169.0419158935547,36152.8203125,8.330389022827148,329.0397033691406,590.748779296875,17.695114135742188,103.15045928955078,3.995973825454712,False
2.6120359897613525,188.8041229248047,34798.25390625,6.796439170837402,325.0793139584596,468.08026123046875,13.17076301574707,49.52376937866211,4.765205383300781,False
8.490571975708008,204.12364196777344,22989.796875,8.270792961120605,358.84710693359375,435.0008850097656,17.084245681762695,62.42163848876953,3.875556707382202,False
7.138814873122141,213.54193115234375,22539.7109375,6.957204341888428,334.04119873046875,463.3988342285156,11.623019218444824,69.61585235595703,3.398592472076416,False
8.85840129852295,254.61752319335938,9624.30078125,7.954015731811523,348.408203125,344.3033752441406,7.935467720031738,78.10855102539062,5.525726318359375,False
6.098156452178955,189.995849609375,27776.900390625,6.443098068237305,347.9303894042969,245.85963439941406,14.636881828308105,73.42462921142578,3.9773623943328857,False
8.419970512390137,185.718994140625,13237.9892578125,3.9982657432556152,308.14263916015625,463.64727783203125,17.209564208984375,48.783111572265625,3.9624783992767334,False
9.286154747009277,222.6615447998047,12311.2685546875,7.289865970611572,332.2393493652344,353.7401123046875,14.171762466430664,66.5235942647208,5.239981651306152,False
7.875895023345947,226.2847900390625,12710.2490234375,7.303126811981201,346.40325927734375,445.3741455078125,6.063461780548096,63.12804412841797,4.238589286804199,False
7.725332736968994,252.26548767089844,36477.73828125,8.386760711669922,426.5435791015625,339.41131591796875,17.485843658447266,60.483882904052734,3.724836587905884,False
3.3880906105041504,212.02894592285156,20230.125,8.569781303405762,349.156005859375,353.9129333496094,18.20833969116211,82.38787078857422,2.798600912094116,False
6.745306491851807,218.4246368408203,21871.837890625,7.165509223937988,331.0878049826269,373.05010986328125,16.82662010192871,74.0860824584961,3.9023525714874268,False
6.913234147337632,190.4239044189453,28062.642578125,9.61514663696289,357.2267150878906,263.77191162109375,13.44522476196289,67.05555725097656,5.6290154457092285,False
7.183825492858887,261.8507995605469,14100.96875,9.008495330810547,358.7247009277344,290.423828125,17.1499080657959,82.02511596679688,4.597165584564209,False
10.111976623535156,240.43209838867188,15331.302734375,5.392651081085205,361.9029235839844,403.04180908203125,16.13112449645996,61.11114501953125,3.4257631301879883,False
7.39741325378418,122.5410385131836,8855.1142578125,6.888689041137695,241.60752868652344,489.8515930175781,13.36590576171875,66.62815222516214,3.1491575241088867,False
7.812804222106934,196.58389282226562,42550.84375,7.3346476554870605,317.13059527241626,442.5457763671875,14.666916847229004,66.05529692021695,6.204846382141113,False
6.877457141876221,136.87921142578125,27433.587890625,7.091521739959717,307.3970947265625,342.19635009765625,18.403846740722656,81.19341278076172,3.8276500701904297,False
7.033969061923056,146.97024536132812,16367.4580078125,7.687036991119385,345.6219038440689,468.94500732421875,18.601381301879883,49.56196975708008,4.664350509643555,False
7.053394538269779,230.80947875976562,27418.78125,7.13649845123291,369.30999755859375,274.66058349609375,9.578584671020508,72.37690734863281,4.197595119476318,False
7.52105188369751,267.0596618652344,26865.373046875,10.449450492858887,320.75480011473616,505.7093811035156,16.23774528503418,57.03778076171875,2.8807854652404785,False
8.550875663757324,231.248779296875,28918.419921875,7.82252836227417,369.26422119140625,432.2852783203125,16.26629638671875,73.14946746826172,3.7728865146636963,False
10.308477401733398,217.21974182128906,27653.234375,8.912266731262207,369.5312194824219,382.9515075683594,6.580401420593262,59.5760383605957,3.2850770950317383,False
7.20679660621373,252.67047119140625,29368.673828125,9.906147003173828,433.95220947265625,465.21661376953125,13.221034049987793,84.1986083984375,5.052736759185791,False
7.371085166931152,207.71682739257812,24913.837890625,9.61633014678955,362.3001708984375,363.1685485839844,11.542661666870117,67.720703125,4.4125895500183105,False
11.180694580078125,228.3008575439453,16600.392578125,6.094000339508057,330.95835462822754,504.050537109375,15.035046577453613,110.73929595947266,3.8098416328430176,False
6.506487846374512,202.2859344482422,17087.076171875,6.2019829750061035,326.662353515625,481.7719421386719,16.535186767578125,46.20574951171875,3.5487756729125977,False
6.643935680389404,151.8896026611328,10909.1943359375,3.7496252059936523,240.9367218017578,437.90899658203125,15.264741897583008,64.20396423339844,3.812952995300293,False
5.033773899078369,155.32147216796875,34971.80859375,7.1214776039123535,320.1155090332031,500.6373291015625,18.312498092651367,63.19330596923828,3.244948387145996,False
6.912607669830322,155.74049377441406,17973.1796875,4.916302680969238,275.9082336425781,439.6480407714844,18.380712509155273,55.507469177246094,2.6122488975524902,False
7.977635860443115,245.89512634277344,32170.068359375,9.635636329650879,399.5831604003906,473.6624450683594,11.728338241577148,23.817020416259766,3.5521295070648193,False
6.078335762023926,197.5019073486328,35957.79296875,8.130472183227539,379.5277099609375,360.06048583984375,20.098413467407227,41.86595916748047,4.201581001281738,False
6.242414474487305,191.90872192382812,28149.412109375,7.130436897277832,319.3067932128906,448.2425231933594,19.37009048461914,60.93947982788086,4.508705139160156,False
6.063354969024658,160.76731872558594,14775.1455078125,7.484103679656982,305.82855224609375,327.2702331542969,12.309016227722168,69.0384521484375,3.467336893081665,False
8.129585266113281,177.8989715576172,27834.216796875,9.00600814819336,334.43853759765625,397.02142333984375,15.936262130737305,81.39075469970703,3.362537145614624,False
9.562405586242676,202.01364135742188,13041.8291015625,5.820655345916748,327.11883544921875,433.38165283203125,14.139065742492676,63.54899215698242,3.7627198696136475,False
8.167792320251465,200.91375732421875,27141.36328125,7.262416839599609,344.1611328125,525.5988159179688,16.142284393310547,66.23143768310547,4.289395332336426,False
8.594415664672852,270.022705078125,15791.67578125,5.91269063949585,328.32764844778114,672.5570068359375,20.184051513671875,54.96128463745117,3.5689916610717773,False
7.068229305587025,167.38612365722656,20944.62109375,4.9631242752075195,337.3357992722607,566.3392944335938,11.318806648254395,66.40223732726375,3.679795026779175,False
6.825468063354492,187.0517120361328,46140.125,6.137757301330566,352.7021789550781,373.42724609375,12.6063814163208,58.752201080322266,3.027449607849121,False
7.861177921295166,204.2742462158203,25145.0234375,7.923315525054932,338.21380615234375,469.4869689941406,15.993410110473633,86.16729736328125,4.157656669616699,False
4.965773582458496,220.8486328125,21802.744140625,6.250577926635742,311.59814453125,386.413330078125,18.03523826599121,53.90817642211914,3.421766757965088,False
6.207432746887207,192.93702697753906,13442.603515625,5.819023132324219,325.90655517578125,533.7958374023438,14.687539100646973,60.48503494262695,3.5492987632751465,False
7.021461916265948,157.00128173828125,20067.10546875,8.071050643920898,339.83101396963855,490.9096984863281,17.322946548461914,71.9692611694336,4.417559623718262,False
9.769250869750977,264.2656555175781,8471.677734375,8.349709510803223,359.2685546875,353.19647216796875,15.047086715698242,52.64545822143555,4.636556148529053,False
9.63066577911377,152.8624267578125,23641.703125,6.925705909729004,333.1483154296875,417.1670837402344,16.670183181762695,89.99757385253906,4.920091152191162,False
5.187471389770508,104.75242614746094,20060.078125,6.913910865783691,345.8908869537423,368.8154296875,15.140348434448242,98.65664672851562,3.2032577991485596,False
7.633570194244385,199.6529998779297,16312.1552734375,9.90054702758789,358.5662841796875,420.5341796875,10.539392471313477,100.24270629882812,2.9270668029785156,False
5.7711992263793945,155.05088806152344,24909.443359375,6.531261444091797,297.0093078613281,313.7019348144531,11.704789161682129,85.68830108642578,4.688959121704102,False
6.57996940612793,197.2269744873047,17657.083984375,4.506293296813965,290.2898864746094,254.39328002929688,9.847655296325684,73.74971771240234,4.575932025909424,False
4.801154136657715,180.7728729248047,13556.734375,8.977286338806152,322.06243896484375,587.39501953125,12.401368141174316,62.0281867980957,4.418638229370117,False
7.948815822601318,238.2364044189453,19129.458984375,5.851964950561523,330.4081433562151,434.65545654296875,8.663293838500977,67.30403900146484,3.692250967025757,False
6.906991958618164,216.78529357910156,19991.23828125,7.302351474761963,340.10601806640625,356.4591369628906,9.614106178283691,61.122642517089844,2.1247594356536865,False
7.319895313128019,281.2686767578125,22452.08984375,6.773698806762695,343.6358337402344,395.3417663574219,14.903080940246582,67.12516784667969,4.444350242614746,False
7.18253212965272,190.7794647216797,12224.310546875,4.64621114730835,308.56488037109375,399.2713623046875,11.87679672241211,61.886634826660156,3.463172435760498,False
8.46133041381836,212.58135986328125,34406.77734375,8.67915153503418,384.8553771972656,477.3433837890625,13.801712036132812,66.16417295224478,3.771944046020508,False
7.726134777069092,233.94786071777344,21667.869140625,6.3131818771362305,340.2731628417969,472.2590026855469,14.399860382080078,36.57803726196289,3.7206368446350098,False
7.276373042704935,247.6615753173828,19549.5,8.769670486450195,329.2139906345611,438.86578369140625,16.624652862548828,64.94900512695312,3.7777373790740967,False
8.927078247070312,241.87510681152344,22821.25390625,8.549737930297852,367.9755554199219,380.19720458984375,10.85928726196289,75.85707092285156,4.601861000061035,False
6.208015441894531,153.22109985351562,17358.796875,8.21493911743164,328.28204345703125,481.1956787109375,14.274092674255371,62.71820068359375,4.334615707397461,False
6.128425598144531,141.49241638183594,9615.8330078125,7.6279191970825195,277.9516906738281,415.00872802734375,16.435842514038086,50.69392776489258,4.633823871612549,False
7.243533358443375,202.2548370361328,11981.740234375,9.189105987548828,339.98394775390625,416.5888977050781,14.079228401184082,62.76552963256836,2.678910732269287,False
7.308048725128174,274.7049560546875,14600.5390625,8.105802536010742,384.5648498535156,415.6072692871094,16.761625289916992,68.93722534179688,3.696119785308838,False
6.771480376156379,170.0992431640625,39906.19140625,6.554996013641357,323.6194044439806,515.38671875,13.516077995300293,40.5141716003418,4.353238582611084,False
8.640886306762695,201.5687255859375,26473.712890625,6.967094421386719,352.30657958984375,309.9832763671875,17.665082931518555,68.66492462158203,5.263101577758789,False
7.165278359469573,205.50946044921875,20406.927734375,6.8100690841674805,355.26593017578125,482.3300476074219,12.337776184082031,70.58060455322266,4.102529525756836,False
8.153209686279297,127.14488983154297,10280.9296875,5.828357696533203,267.6368713378906,487.9083251953125,11.943476676940918,90.61935424804688,2.9057881832122803,False
8.293720245361328,206.16041564941406,35216.38671875,6.440999984741211,347.062255859375,399.4836120605469,16.0656681060791,79.95451354980469,3.9547152519226074,False
7.164088868508724,233.850341796875,21136.287109375,6.689877510070801,329.54073346544135,332.7375793457031,9.745282173156738,77.52994537353516,3.3108584880828857,False
7.129865177520829,237.67738342285156,26009.076171875,7.074531555175781,372.6003112792969,344.7679138183594,14.442237854003906,72.69624328613281,3.706601858139038,False
9.489973068237305,234.06996154785156,15513.740234375,4.735332012176514,334.4578821753613,277.9700622558594,16.69821548461914,81.42717742919922,4.219967365264893,False
7.830976486206055,190.79904174804688,7695.06396484375,4.845205307006836,292.5158386230469,507.44549560546875,15.526658058166504,85.00950622558594,4.588784694671631,False
4.430281162261963,139.68576049804688,28862.2578125,8.961372375488281,298.37945556640625,434.7812805175781,17.299293518066406,63.04249954223633,4.384565353393555,False
7.240739822387695,201.18679809570312,23783.099609375,7.751285552978516,340.9836730957031,579.2203979492188,13.48637866973877,62.65023422241211,3.556297540664673,False
7.24552375099544,260.2053527832031,19517.724609375,8.764168739318848,368.821044921875,251.02090454101562,12.804588317871094,48.65188980102539,3.6655218601226807,False
6.8673014640808105,174.1849822998047,24112.154296875,5.529942035675049,297.65557861328125,484.1229248046875,11.482686996459961,65.30441284179688,3.8235950469970703,False
6.129637241363525,200.27818298339844,30989.94921875,8.83010196685791,348.8681640625,341.3885803222656,9.300117492675781,79.5536117553711,4.615886211395264,False
7.917049407958984,278.05633544921875,27192.28125,9.220128059387207,424.7879943847656,358.78173828125,15.054312705993652,56.839603424072266,3.659484624862671,False
6.511618137359619,181.87342834472656,29136.814453125,7.685775279998779,345.75164794921875,475.3413391113281,12.321231842041016,52.437618255615234,4.850433826446533,False
5.32381534576416,232.3685760498047,37625.75390625,8.879822731018066,380.57647705078125,580.897705078125,12.293803215026855,55.310020446777344,2.8807218074798584,False
6.769572734832764,168.93707275390625,11067.1806640625,7.12126350402832,305.7949523925781,289.5424499511719,18.545902252197266,62.00157165527344,5.2205400466918945,False
5.877974033355713,141.6152801513672,13652.29296875,5.701659202575684,279.78240966796875,538.4954223632812,12.034042358398438,67.90725708007812,4.032259464263916,False
9.534021377563477,201.95521545410156,9472.615234375,6.105708599090576,319.576416015625,259.6368103027344,15.625617027282715,66.57309759809513,2.7682390213012695,False
6.340027809143066,225.0281524658203,45222.5078125,5.8090314865112305,363.0057678222656,435.5004577636719,11.385937690734863,80.6703109741211,3.6860013008117676,False
8.661592483520508,284.0983581542969,27088.4765625,7.897856712341309,317.43025060537224,512.2772827148438,16.912141799926758,72.46575927734375,3.670430898666382,False
5.653506278991699,146.59022521972656,16462.4609375,6.501595973968506,299.6446228027344,272.4405517578125,13.79526424407959,87.82258605957031,5.198985576629639,False
6.626012325286865,112.29948425292969,25839.89453125,7.658746719360352,312.2470397949219,327.2480773925781,19.409147262573242,85.78510284423828,4.194313049316406,False
7.7938337326049805,176.86648559570312,18344.6796875,7.567677021026611,338.2295837402344,371.21697998046875,9.039042472839355,76.28807830810547,4.172935485839844,False
7.593127727508545,261.566162109375,18371.056640625,6.297542572021484,329.4772035196165,387.62957763671875,16.57598114013672,51.83094787597656,3.377337694168091,False
7.362736701965332,185.6921844482422,16268.4482421875,5.317019462585449,316.91864013671875,419.2584533691406,16.024246215820312,64.67891693115234,4.408513069152832,False
9.320305824279785,129.8238525390625,16002.138671875,4.40503454208374,271.6705627441406,499.84417724609375,13.076858520507812,82.83758544921875,4.205809593200684,False
3.7197916507720947,248.85926818847656,23590.931640625,7.683742046356201,351.55548095703125,427.4959411621094,20.393781661987305,38.60493850708008,2.718397617340088,False
6.655604839324951,216.44117736816406,20571.845703125,8.984236717224121,332.83858917194715,336.8314514160156,17.745996475219727,71.70430755615234,2.9516446590423584,False
9.868877410888672,214.16622924804688,15326.85546875,3.351597785949707,297.08416748046875,424.2928161621094,19.18844223022461,70.07051086425781,3.355489730834961,False
5.590614318847656,229.192138671875,35370.734375,7.989640712738037,317.79378334161856,469.4130859375,13.281556129455566,76.99271392822266,4.726844787597656,False
5.554436683654785,229.12283325195312,31344.4609375,7.7614312171936035,321.66814341628054,306.8725280761719,13.974800109863281,87.27337646484375,2.095914125442505,False
4.126528739929199,125.47488403320312,11215.9462890625,5.366011142730713,261.4447937011719,445.241455078125,18.57592010498047,86.43365478515625,4.460200786590576,False
5.970035552978516,230.44932556152344,16324.115234375,5.293918609619141,315.1861267089844,327.7866516113281,13.325986862182617,39.55424880981445,5.428674221038818,False
7.273199574537103,229.77134704589844,16162.2626953125,4.933662414550781,333.8427557101917,448.8460388183594,8.816487312316895,66.46420027844052,4.600927352905273,False
8.36915397644043,183.50038146972656,12975.900390625,6.600852966308594,315.901123046875,493.4654541015625,12.987106323242188,87.02941131591797,3.629749298095703,False
6.284248352050781,190.0176544189453,12206.681640625,7.910711288452148,343.19329750326654,395.2610778808594,13.246139526367188,58.92772674560547,3.3771321773529053,False
11.267827987670898,161.8963623046875,6040.36962890625,7.205414295196533,354.3366382426592,316.5358581542969,11.768309593200684,25.525266647338867,4.153347015380859,False
9.298018455505371,163.03883361816406,13990.513671875,4.249701499938965,343.8628264873716,399.47735595703125,15.365883827209473,83.92316436767578,3.6813242435455322,False
7.8954691886901855,154.26577758789062,7769.6162109375,7.205262184143066,258.3128662109375,407.7322082519531,16.420040130615234,63.01601791381836,4.236947536468506,False
7.94748592376709,269.8094177246094,34440.7734375,6.958283424377441,390.1042175292969,425.6278076171875,13.749260902404785,56.63581085205078,3.7008538246154785,False
10.026159286499023,224.266357421875,14962.177734375,7.428313255310059,336.97296142578125,517.5128173828125,18.858518600463867,65.36344909667969,4.182277679443359,False
6.488193035125732,225.48190307617188,34864.4296875,8.951692581176758,385.5056457519531,324.50982666015625,12.696544647216797,97.11286163330078,4.592073440551758,False
5.869736671447754,207.72544860839844,22244.21875,6.597764492034912,352.5639953613281,465.6164855957031,14.83810043334961,77.82273864746094,4.689314842224121,False
7.14467570153635,220.81370544433594,21410.3203125,6.3248796463012695,335.8458557128906,382.1978454589844,9.500295639038086,86.9901351928711,3.6599748134613037,False
5.304142475128174,160.96835327148438,25299.51171875,6.286043167114258,300.5007019042969,497.7904052734375,15.013030052185059,61.11551284790039,4.16572380065918,False
7.533614635467529,186.91824340820312,11642.7275390625,5.890684127807617,344.74520075084934,363.50634765625,10.740145683288574,49.57430648803711,3.462764024734497,False
4.07760763168335,207.83804321289062,18194.955078125,7.92397403717041,338.13770808090436,288.3652038574219,13.306692123413086,35.82455825805664,2.7586586475372314,False
6.545376927815175,105.85926055908203,37928.140625,5.609440326690674,332.89787608349565,358.8887634277344,12.207108497619629,71.11988830566406,3.8738534450531006,False
7.08616828918457,189.14537048339844,4304.49267578125,3.6158905029296875,259.3733215332031,400.90435791015625,12.993012428283691,63.902286529541016,3.4165396690368652,False
6.271012306213379,213.44468688964844,24846.142578125,8.372997283935547,327.52069620790365,543.3917236328125,17.916526794433594,84.57886505126953,5.303581237792969,False
7.957768440246582,276.73358154296875,17162.3984375,7.841541767120361,397.4319763183594,514.4216918945312,14.529779434204102,60.55970001220703,3.4507458209991455,False
8.875641822814941,228.9215850830078,28487.708984375,5.318731784820557,351.9607238769531,474.77252197265625,14.68397045135498,52.578861236572266,4.006991386413574,False
7.127219075906292,192.44717407226562,18257.568359375,7.4722490310668945,313.77655029296875,462.4024353027344,13.932145118713379,53.185916900634766,4.358298301696777,False
6.613708972930908,141.12892150878906,25648.5703125,7.222971439361572,295.23687744140625,374.77032470703125,14.038263320922852,74.29924774169922,3.53977108001709,False
7.7357048988342285,137.3181610107422,16723.9765625,7.675826072692871,282.5398864746094,595.3292846679688,18.756139755249023,63.04277801513672,2.148611545562744,False
9.925041198730469,238.71339416503906,10704.603515625,6.110019207000732,351.597412109375,405.9001770019531,13.550366401672363,59.462669372558594,4.703803539276123,False
9.002583503723145,202.9907684326172,19523.125,7.244753360748291,330.36151123046875,366.4917297363281,15.689404487609863,55.6973991394043,4.904837608337402,False
5.095766544342041,273.408447265625,26307.298828125,10.219803810119629,380.2015075683594,513.8775634765625,18.272418975830078,61.42518615722656,4.352193355560303,False
8.594676971435547,263.76458740234375,23220.12109375,6.394463062286377,383.96258544921875,588.8527221679688,13.579996109008789,86.19163513183594,4.754072666168213,False
7.0837788581848145,112.82025146484375,8580.2451171875,4.210284233093262,234.8527069091797,434.7477111816406,23.39951515197754,94.16030883789062,3.887680768966675,False
7.682872295379639,180.7013702392578,12105.7216796875,5.396716117858887,296.2388916015625,469.83563232421875,15.83176326751709,61.802093505859375,3.77860689163208,False
6.946233751644723,133.8131103515625,18272.505859375,5.91187047958374,343.4350671632365,415.21173095703125,11.50450611114502,92.97576141357422,3.313199043273926,False
6.419772624969482,208.76025390625,30759.681640625,7.7678632736206055,324.64228422505215,523.6001586914062,20.23252296447754,66.24045324527759,3.095233201980591,False
4.443238735198975,178.95620727539062,25008.533203125,4.948814392089844,298.5766906738281,429.5447692871094,17.729724884033203,56.347686767578125,3.268324851989746,False
6.978664398193359,183.2427978515625,23114.4453125,6.50082540512085,323.15576171875,470.0787048339844,16.082847595214844,65.99571990966797,4.766943454742432,False
6.623613357543945,203.03013610839844,17167.30078125,6.049601078033447,311.7262878417969,410.2432556152344,15.91450023651123,65.02123260498047,2.915165901184082,False
3.664710521697998,201.09732055664062,28102.755859375,5.682035446166992,330.0235290527344,291.1484375,17.470630645751953,75.10179901123047,3.316157579421997,False
4.814135551452637,205.2140350341797,17650.404296875,8.12108039855957,350.4879455566406,414.03070068359375,10.99941635131836,47.40266418457031,5.19085168838501,False
5.7796735763549805,199.58607482910156,24160.353515625,9.458127975463867,331.7988189037056,428.5532531738281,16.022502899169922,64.8727035522461,4.65637731552124,False
6.937819004058838,177.57814025878906,12626.1982421875,7.38088321685791,342.62307814558335,439.625,9.348252296447754,83.16323852539062,3.7240896224975586,False
7.4367828369140625,208.09400939941406,28544.6171875,6.500052452087402,339.0238952636719,522.793701171875,17.115276336669922,65.311279296875,3.72766375541687,False
4.7233123779296875,252.27490234375,22833.19140625,5.922450542449951,378.560302734375,411.2950134277344,16.584571838378906,66.72840118408203,3.9175868034362793,False
9.380658149719238,265.06121826171875,15156.7900390625,4.271544456481934,333.33447265625,503.1706237792969,11.286410331726074,99.01600646972656,4.034348964691162,False
7.810144901275635,187.31504821777344,20418.890625,7.214895725250244,325.2288818359375,351.1860656738281,16.800399780273438,68.48548126220703,4.033773899078369,False
9.436636924743652,143.7884063720703,20724.9296875,7.700100421905518,341.43632872520794,469.7613220214844,14.215764999389648,66.0779800415039,4.4111175537109375,False
9.406325340270996,216.7621612548828,27948.58984375,6.156110763549805,355.4730224609375,347.98309326171875,16.340715408325195,32.10829162597656,3.097277879714966,False
6.321259498596191,207.25770568847656,8532.1396484375,5.9878764152526855,286.4892883300781,491.76531982421875,10.546886444091797,74.5028076171875,4.501457214355469,False
7.1845445809626876,217.3697509765625,17984.328125,8.594162940979004,337.1282058499618,409.22076416015625,10.21377944946289,18.400012969970703,3.605154275894165,False
4.705356597900391,103.173583984375,19555.765625,6.767298221588135,346.5709939137564,370.17816162109375,9.182833671569824,93.90048217773438,3.4374501705169678,False
8.896418571472168,222.25628662109375,8870.9033203125,6.011342525482178,332.00262451171875,425.22686767578125,10.847737312316895,66.57970737580172,3.7009456157684326,False
6.581878185272217,272.9827575683594,37169.4453125,8.114730834960938,416.0834655761719,351.4768371582031,15.129334449768066,79.26102447509766,4.201663017272949,False
6.755146026611328,231.2601318359375,18536.69921875,8.757133483886719,342.5480041503906,385.1146545410156,13.888833999633789,79.30243682861328,5.162729740142822,False
9.44512939453125,145.80540466308594,13168.529296875,9.44447135925293,310.5833740234375,592.6589965820312,8.606396675109863,77.57746124267578,3.8751652240753174,True
9.024845123291016,128.09669494628906,19859.67578125,8.016422271728516,300.150390625,451.14349365234375,14.770862579345703,73.77802276611328,3.985250473022461,True
6.99833014791275,169.974853515625,23403.63671875,8.519729614257812,336.6475619834323,475.57354736328125,12.92410659790039,50.86191177368164,2.7473130226135254,True
6.800118923187256,242.00808715820312,39143.40234375,9.501694679260254,187.17071533203125,376.45660400390625,11.432466506958008,73.77727508544922,3.8549399375915527,True
7.174135208129883,203.408935546875,20401.1015625,7.6818060874938965,287.085693359375,315.5498962402344,14.533510208129883,74.4056167602539,3.9398956298828125,True
7.657991409301758,236.9608917236328,14245.7890625,6.289064884185791,373.1653747558594,416.6241760253906,10.464238166809082,85.85276794433594,2.4372963905334473,True
8.322986602783203,207.25245666503906,28049.646484375,8.827061653137207,297.8130798339844,358.7258605957031,18.709274291992188,60.91141891479492,4.052135944366455,True
5.934278964996338,223.85812377929688,23249.654296875,4.602849960327148,330.19484238701034,277.3845520019531,11.366863250732422,66.62394714355469,5.217895030975342,True
9.80272102355957,98.77164459228516,27357.45703125,9.21815013885498,323.1990661621094,512.4287109375,14.168933868408203,59.45444107055664,2.764633893966675,True
6.101955413818359,215.26809692382812,15976.92578125,8.857159614562988,308.4826965332031,417.84356689453125,13.147279739379883,62.50564193725586,3.5355963706970215,True
4.9977707862854,280.0823974609375,26849.1953125,6.130756378173828,374.23297119140625,297.6115417480469,15.571571350097656,70.56027221679688,3.404632806777954,True
4.81576681137085,217.6870880126953,16392.134765625,7.461170673370361,278.7423095703125,481.4808349609375,15.517295837402344,77.69337463378906,4.375223636627197,True
6.548020362854004,278.5851135253906,25508.38671875,6.749377727508545,366.8714904785156,497.3217468261719,16.56316566467285,79.32367706298828,3.6118602752685547,True
13.17540168762207,47.43199920654297,19237.94921875,8.90701961517334,375.1473083496094,500.2459411621094,12.083895683288574,66.43217910287112,4.106924533843994,True
6.618010997772217,233.66163635253906,19598.861328125,4.701049327850342,432.556396484375,401.6697998046875,11.766146659851074,73.1919174194336,4.4376959800720215,True
7.788054943084717,212.6914520263672,29879.060546875,6.998961448669434,360.66827392578125,359.569091796875,14.828742980957031,83.85633850097656,3.3687572479248047,True
5.191834449768066,211.09417724609375,14866.103515625,7.238691329956055,323.1092834472656,388.7165832519531,17.780000686645508,83.50540924072266,3.8598010540008545,True
5.626339435577393,230.8579864501953,14442.4189453125,5.210368633270264,337.25874788049475,346.5531921386719,11.36870288848877,43.19518280029297,1.9433187246322632,True
6.869638919830322,251.29344177246094,21728.822265625,8.80317497253418,279.77685546875,539.4668579101562,12.994139671325684,56.409706115722656,4.726702690124512,True
9.05862808227539,155.35755920410156,15737.46875,7.251978874206543,343.2339782714844,463.3892517089844,17.854469299316406,83.17518615722656,3.652134418487549,True
7.291888236999512,127.54429626464844,27784.048828125,9.754475593566895,247.33541870117188,439.6493225097656,17.28504180908203,59.55632781982422,5.3287129402160645,True
7.275908946990967,175.2203826904297,22644.765625,7.886854648590088,293.3098449707031,373.345703125,17.41168212890625,56.799285888671875,5.062297821044922,True
6.512737274169922,229.26385498046875,22475.046875,12.580026626586914,192.03358459472656,479.50128173828125,9.9834623336792,66.6685791015625,4.612963676452637,True
7.207886695861816,175.87030029296875,35804.29296875,8.066059112548828,320.1021728515625,468.5628356933594,16.164091110229492,71.14665985107422,3.7627410888671875,True
7.139736436705648,156.5206298828125,16146.1572265625,6.629599094390869,352.3534240722656,629.28125,13.507688522338867,42.340171813964844,3.772919178009033,True
5.324941635131836,280.08966064453125,35344.65625,13.043806076049805,180.2067413330078,392.4215087890625,10.504819869995117,55.08466720581055,4.427137851715088,True
7.082300662994385,169.46893310546875,29846.71875,5.443387031555176,350.40185546875,353.0303955078125,18.95953369140625,30.389095306396484,3.485577344894409,True
5.334183692932129,224.78793334960938,28897.4921875,6.048524379730225,324.91151789166804,360.1791687011719,12.247344017028809,67.15475463867188,5.091357231140137,True
10.761898040771484,81.71089172363281,25999.953125,8.477394104003906,318.42724609375,392.7040710449219,12.716350555419922,52.246971130371094,4.661798477172852,True
6.286807060241699,258.300048828125,13777.3759765625,7.48325777053833,328.6806640625,563.4347534179688,16.46083641052246,73.51665496826172,4.104863166809082,True
9.79455852508545,129.87095642089844,20682.732421875,9.39084243774414,291.9800720214844,427.12396240234375,11.853227615356445,78.71147155761719,2.9454188346862793,True
8.210443496704102,167.10218811035156,13933.0849609375,10.422842025756836,243.48594665527344,391.0688781738281,13.747057914733887,61.05820846557617,4.976055145263672,True
6.9417195320129395,173.3343963623047,20111.8203125,6.6971940994262695,338.91324830741155,374.4853210449219,19.93748664855957,66.40897680626499,4.563183307647705,True
10.356119155883789,136.32374572753906,48621.5625,9.158703804016113,327.9227600097656,365.7203063964844,17.975563049316406,77.35985565185547,4.201849460601807,True
7.958984375,171.48362731933594,23625.814453125,9.537734985351562,259.97998046875,327.6238708496094,16.117111206054688,107.75404357910156,4.698008060455322,True
3.8826310634613037,243.80795288085938,7751.8095703125,0.5303512811660767,340.0377496795177,341.2911071777344,12.990592002868652,60.10996627807617,3.734001398086548,True
5.671773910522461,216.04281616210938,15949.1533203125,7.50057315826416,336.0146191778719,372.5352478027344,17.895723342895508,77.4578857421875,3.8331596851348877,True
10.003300666809082,143.0942840576172,46113.95703125,12.912186622619629,322.0858683323302,574.5550537109375,16.96331024169922,36.767669677734375,4.746381759643555,True
6.552847385406494,198.80694580078125,34006.421875,8.691205978393555,274.90435791015625,477.1639099121094,14.369629859924316,78.17306518554688,4.687986373901367,True
7.6285529136657715,156.793701171875,26244.037109375,8.337610244750977,255.04319763183594,495.96697998046875,13.633974075317383,65.60484313964844,4.1820573806762695,True
4.7908406257629395,268.72088623046875,17862.369140625,4.5545735359191895,377.24114990234375,608.8468627929688,10.806313514709473,83.70223236083984,3.2588589191436768,True
7.7109599113464355,181.93812561035156,6552.62646484375,5.389248847961426,390.5964050292969,516.2840576171875,17.010784149169922,58.24173355102539,4.288946628570557,True
8.291298866271973,211.217041015625,20008.134765625,8.767874717712402,275.767333984375,475.90911865234375,12.614668846130371,66.61298370361328,3.4247019290924072,True
6.193170070648193,225.6834259033203,12883.7265625,4.739360332489014,337.0526868786293,389.4059753417969,14.560135841369629,76.45781707763672,3.4666452407836914,True
9.032660484313965,121.44144439697266,15618.169921875,6.1574907302856445,372.9274597167969,390.6572265625,15.030315399169922,63.12561798095703,4.927218437194824,True
6.139493942260742,236.6740264892578,8081.46630859375,6.250808238983154,337.5393600449491,416.23883056640625,12.777013778686523,106.03722381591797,3.260906934738159,True
7.129424571990967,178.37234497070312,25840.578125,7.487823486328125,312.98272705078125,323.2989196777344,16.406156539916992,69.15760803222656,3.4186108112335205,True
7.117087190138904,191.28521728515625,21948.326171875,5.626787185668945,355.48876953125,509.4068298339844,16.691471099853516,84.10773468017578,4.10959005355835,True
5.418503761291504,187.7768096923828,35902.71484375,4.357088088989258,321.09251721871,454.5202941894531,6.374070167541504,103.37300872802734,4.506539821624756,True
8.075494766235352,195.80499267578125,29483.6015625,10.493841171264648,298.7372131347656,321.74835205078125,9.751086235046387,72.73442077636719,3.68291974067688,True
7.121641887445435,225.28770446777344,22511.693359375,7.057578086853027,377.12896728515625,291.35369873046875,11.590024948120117,72.5085220336914,4.081701278686523,True
10.049674034118652,132.8328399658203,11557.0322265625,8.550572395324707,323.5080871582031,442.7680358886719,13.376148223876953,92.1761703491211,5.133477687835693,True
5.6676506996154785,229.92835998535156,16953.8984375,8.774306297302246,293.5742492675781,554.1205444335938,14.254640579223633,54.436702728271484,3.633213758468628,True
6.92740414631497,181.6891632080078,27776.1796875,7.589868545532227,298.2267150878906,417.6311950683594,8.630090713500977,72.92328643798828,3.807919979095459,True
8.923980712890625,135.93846130371094,27919.771484375,12.363285064697266,336.80345458659923,415.6294860839844,11.94991397857666,69.31488037109375,4.155583381652832,True
6.428866386413574,225.61309814453125,15596.4736328125,6.153472423553467,333.81290643566746,466.0444030761719,18.015384674072266,87.16362762451172,4.184783458709717,True
6.960603713989258,201.7154541015625,11348.67578125,4.297889709472656,339.93946432307666,468.5914001464844,10.490588188171387,89.68619537353516,4.978820323944092,True
5.87367582321167,203.32992553710938,19216.68359375,9.21277904510498,335.18128415415845,420.2912292480469,11.119274139404297,65.22955322265625,5.41209077835083,True
6.795468807220459,187.78302001953125,15300.8388671875,7.486598491668701,316.9569396972656,498.6659240722656,19.60042953491211,55.4011116027832,5.163088321685791,True
10.041028022766113,113.83111572265625,16266.4345703125,7.939074516296387,363.86688232421875,557.486083984375,13.195341110229492,75.23322296142578,3.8075625896453857,True
6.953008661117115,273.255615234375,44506.44140625,8.412688255310059,233.79258728027344,485.647216796875,14.705013275146484,52.16423416137695,4.124780654907227,True
7.296037673950195,235.73519897460938,36043.70703125,5.1962127685546875,377.190673828125,385.61431884765625,17.05271339416504,89.62355041503906,4.1685261726379395,True
6.862627967915725,161.82647705078125,29299.123046875,7.028796672821045,350.4309387207031,375.7807312011719,19.762577056884766,86.69845581054688,3.497577428817749,True
5.862641334533691,185.06521606445312,44069.2734375,4.382721424102783,412.69012451171875,331.57012939453125,15.306078910827637,59.605812072753906,5.507421016693115,True
7.292141914367676,174.4804229736328,33991.65234375,9.511792182922363,259.16497802734375,435.1080322265625,16.29361343383789,81.69010162353516,4.466912746429443,True
8.06280517578125,200.4931182861328,11567.8876953125,9.889949798583984,342.48760080588636,510.4143981933594,10.650935173034668,40.9928092956543,4.471841812133789,True
7.8219709396362305,157.18154907226562,23318.1875,9.084039688110352,324.8516540527344,294.63653564453125,17.186765670776367,72.56837463378906,3.5329582691192627,True
11.301794052124023,77.45958709716797,39227.62109375,8.517986297607422,337.5012512207031,410.8561096191406,14.326889038085938,53.12125778198242,3.3095803260803223,True
6.593764305114746,233.51412963867188,25589.611328125,9.785696029663086,326.81205738328083,489.70343017578125,14.389609336853027,46.46398162841797,2.3465781211853027,True
9.161088943481445,119.84190368652344,26618.060546875,6.1055731773376465,343.28924560546875,379.7251892089844,10.89992618560791,54.58073425292969,4.888061046600342,True
6.984826174798207,144.8152618408203,14507.017578125,5.819091796875,353.6072692871094,290.88946533203125,8.942071914672852,67.58734893798828,5.922581672668457,True
4.642952919006348,307.7060241699219,16115.9296875,7.707342147827148,324.46527047750885,439.94439697265625,18.4407901763916,60.145843505859375,3.9828672409057617,True
7.7984538078308105,188.3949432373047,32704.568359375,11.078872680664062,258.1911926269531,507.1786804199219,18.27243995666504,85.17766571044922,4.107267379760742,True
5.564342498779297,256.2088317871094,11245.7353515625,7.212254047393799,329.33837890625,369.5555114746094,15.640053749084473,51.15034484863281,2.2859878540039062,True
7.88659143447876,213.05259704589844,38852.03125,11.170788764953613,281.7007751464844,326.1153564453125,10.385172843933105,64.6624984741211,4.5899834632873535,True
7.4431891441345215,193.1248016357422,13551.953125,4.313264846801758,340.87616660218123,430.4873046875,19.396329879760742,72.0755844116211,2.664832830429077,True
3.65712308883667,275.76715087890625,23736.81640625,9.1007719039917,322.81445313155155,426.23114013671875,17.9859561920166,55.69489288330078,3.3146297931671143,True
9.59719181060791,167.08897399902344,21153.322265625,7.944469451904297,346.07501220703125,335.1976013183594,14.347676277160645,50.64244842529297,5.145153045654297,True
6.964225769042969,212.76449584960938,29957.19140625,7.675187587738037,321.2508850097656,378.0855407714844,13.127694129943848,72.08900451660156,3.9904375076293945,True
7.672909736633301,152.87831115722656,22989.3515625,6.231913089752197,343.43902587890625,401.140869140625,14.252683639526367,64.29129028320312,4.268227577209473,True
6.737004280090332,220.10009765625,24694.744140625,8.37366008758545,332.00997445819974,384.3086853027344,6.748092174530029,8.17587661743164,4.063170433044434,True
7.030253450050599,163.22447204589844,18570.28515625,8.109345436096191,296.19024658203125,463.7417297363281,16.900148391723633,61.349830627441406,4.135745525360107,True
5.382489204406738,240.01821899414062,18189.39453125,5.551990509033203,397.7000732421875,551.4761962890625,12.818729400634766,79.77991485595703,4.173330307006836,True
7.022952079772949,264.5256042480469,15978.35546875,10.956205368041992,262.0645446777344,412.70941162109375,5.315286636352539,76.02449035644531,4.971907138824463,True
7.244392751994194,250.7053985595703,27355.93359375,6.4820380210876465,377.3580627441406,559.81787109375,13.653960227966309,77.91771697998047,2.9691359996795654,True
10.026224136352539,94.09130859375,25510.09765625,6.614113807678223,385.40264892578125,388.4672546386719,11.887161254882812,69.27397918701172,3.7362284660339355,True
5.58383321762085,261.23382568359375,35278.68359375,6.594616889953613,314.72319208172365,278.6390380859375,13.565387725830078,83.27489471435547,3.87015700340271,True
7.9529290199279785,221.36985778808594,18621.42578125,6.87941837310791,333.95197672654285,309.2546081542969,19.05698585510254,72.6893539428711,5.260014533996582,True
5.500186443328857,254.67269897460938,21082.8515625,8.369354248046875,347.8165283203125,469.7953796386719,13.496404647827148,60.045867919921875,4.178478717803955,True
7.543700695037842,161.62313842773438,19116.01171875,8.493406295776367,289.9599609375,440.283447265625,13.336770057678223,80.24324035644531,3.6305365562438965,True
6.848331451416016,159.18804931640625,12837.505859375,5.164448261260986,373.99169921875,558.8155517578125,12.254080772399902,69.77220916748047,4.396604537963867,True
6.899376425978375,181.21051025390625,30280.7890625,10.382546424865723,256.63006591796875,487.99725341796875,11.346302032470703,68.84386444091797,3.779554605484009,True
5.910251617431641,282.739013671875,15244.8466796875,6.636550426483154,363.3846740722656,695.3695068359375,13.13835334777832,89.80101013183594,3.6609230041503906,True
8.71682071685791,153.98004150390625,11734.44921875,7.1236114501953125,348.9951029444012,447.028076171875,12.736043930053711,39.927520751953125,3.2051286697387695,True
6.0168890953063965,221.14730834960938,16656.0625,5.201687812805176,334.5984133119905,383.207763671875,22.51786994934082,81.62623596191406,4.422269344329834,True
9.567822456359863,173.1114959716797,38787.4609375,5.150000095367432,444.9705505371094,492.4115295410156,12.904220581054688,48.481475830078125,4.197918891906738,True
4.2962470054626465,278.14752197265625,19672.486328125,4.955218315124512,414.63671875,330.0673828125,11.29318618774414,70.66554260253906,4.163329124450684,True
3.551579236984253,323.1239929199219,38969.390625,8.925515174865723,302.5549721745152,514.762939453125,10.160303115844727,71.0999984741211,3.965993881225586,True
8.529669761657715,157.7004852294922,18203.73046875,8.926826477050781,309.5419921875,498.65081787109375,12.287824630737305,52.02873992919922,3.77604079246521,True
8.065339088439941,174.12059020996094,21366.283203125,7.490943908691406,315.180419921875,497.01922607421875,11.41701889038086,46.213199615478516,3.756391763687134,True
9.158445358276367,186.6729736328125,15797.0302734375,8.151081085205078,333.812255859375,425.75201416015625,12.182639122009277,112.62273406982422,4.5252366065979,True
8.848586082458496,188.91998291015625,32033.33203125,13.126999855041504,182.39736938476562,479.7919616699219,12.070444107055664,77.67134094238281,4.014681816101074,True
9.49545669555664,185.87860107421875,18088.35546875,7.527375221252441,388.7686462402344,409.45098876953125,12.397703170776367,63.3591423034668,4.168541431427002,True
8.05289363861084,198.99447631835938,9025.0791015625,7.217787742614746,338.39691162109375,328.43310546875,9.142523765563965,42.75321578979492,3.6348445415496826,True
2.798549175262451,311.3839416503906,26931.244140625,7.1168975830078125,315.5550083830396,521.1405029296875,14.235154151916504,42.080352783203125,3.663252115249634,True
6.425873756408691,188.98028564453125,11965.396484375,7.571122646331787,365.4536437988281,502.9910888671875,13.866487503051758,96.818115234375,3.731936454772949,True
7.757269859313965,213.04844665527344,25259.78125,7.635152816772461,363.684814453125,543.52880859375,15.254021644592285,107.18958282470703,4.165432453155518,True
7.748654842376709,239.7882843017578,29331.236328125,10.713096618652344,217.0006103515625,441.529541015625,16.38938331604004,66.29545868347502,2.511810541152954,True
5.117390155792236,225.65740966796875,30914.111328125,6.207729339599609,371.6493835449219,356.8622741699219,8.073420524597168,77.38813781738281,3.9371883869171143,True
7.4815354347229,218.26116943359375,12088.416015625,4.870660305023193,407.2965393066406,518.3755493164062,17.120962142944336,56.71102523803711,4.262065410614014,True
5.374222755432129,201.33143615722656,19410.234375,3.2395803928375244,384.5628356933594,350.17803955078125,13.451088905334473,66.39774365601295,3.6427783966064453,True
7.0636467933654785,140.6128692626953,17941.810546875,6.275304794311523,376.046142578125,402.5935974121094,12.439739227294922,29.468427658081055,3.3958661556243896,True
6.876451015472412,190.84451293945312,21979.03125,5.630557537078857,363.8316955566406,349.18609619140625,9.551732063293457,68.41085052490234,4.5453410148620605,True
4.81243371963501,250.1839599609375,11465.5751953125,4.362641334533691,398.1618957519531,607.0265502929688,18.210031509399414,62.51146697998047,3.020995855331421,True
4.993530750274658,242.62049865722656,13900.779296875,6.46774435043335,334.7003634141971,429.82781982421875,17.274662017822266,61.24578857421875,3.1538093090057373,True
4.788861274719238,234.89370727539062,28174.62109375,10.85003662109375,187.42413330078125,444.85430908203125,11.784798622131348,89.01097106933594,2.8968522548675537,True
4.037287712097168,291.4618835449219,52318.91796875,7.779459476470947,295.96392073499203,401.20428466796875,16.54292106628418,87.8147964477539,3.045048475265503,True
6.50587272644043,240.2879180908203,29534.689453125,6.775277137756348,341.7282409667969,265.2511901855469,13.570222854614258,93.16646575927734,4.497528553009033,True
6.779774188995361,153.8863067626953,24415.0703125,7.322671890258789,335.5957816739148,459.8765563964844,14.7822904586792,93.91470336914062,2.729104518890381,True
6.952511787414551,211.69729614257812,33737.2890625,6.300870895385742,324.1198653441464,395.4070129394531,14.182395935058594,39.80290603637695,4.105495452880859,True
5.628407001495361,226.83004760742188,28334.4921875,8.012496948242188,293.9242858886719,351.1612243652344,15.019240379333496,35.17866134643555,5.05068302154541,True
5.966000556945801,194.7962188720703,17350.05859375,4.466577053070068,404.6099853515625,406.8063049316406,11.539986610412598,48.17335891723633,4.1771392822265625,True
6.319431781768799,180.9656219482422,36278.71875,9.960552215576172,275.59173583984375,307.6913757324219,18.196931838989258,93.59424591064453,2.6531267166137695,True
8.027247428894043,193.3524169921875,7714.7470703125,6.08723783493042,346.180499778235,440.93896484375,22.50467872619629,62.007041931152344,3.4806408882141113,True
8.882684707641602,135.52305603027344,4857.25390625,5.209778785705566,357.7001474126334,532.336669921875,20.296274185180664,20.337753295898438,3.827920913696289,True
5.991283416748047,224.6085662841797,29983.115234375,7.383818626403809,329.7315368652344,604.6312866210938,17.741228103637695,65.11697387695312,4.840562343597412,True
10.272444725036621,163.62461853027344,18894.8515625,10.068205833435059,269.64666748046875,446.4507141113281,11.856914520263672,82.44550323486328,3.179884672164917,True
6.870683606343883,131.54774475097656,21626.498046875,7.207846164703369,345.16248558525973,390.9550476074219,14.844954490661621,26.505483627319336,4.728124141693115,True
6.105140209197998,249.14138793945312,45249.44921875,7.369360446929932,338.77130126953125,314.965087890625,11.251777648925781,88.65747833251953,3.1030898094177246,True
9.443358421325684,73.49223327636719,20438.224609375,8.02495288848877,315.8056640625,458.67724609375,12.538681030273438,50.85247039794922,3.4866464138031006,True
6.887414455413818,223.60305786132812,29189.13671875,10.514466285705566,253.83055114746094,386.62286376953125,11.312294006347656,67.91618347167969,4.564188480377197,True
6.5129008293151855,169.2174835205078,25151.412109375,4.613310813903809,375.6123046875,296.0743713378906,15.088699340820312,74.075927734375,4.404040336608887,True
5.7727179527282715,213.36354064941406,26124.931640625,8.630719184875488,273.2794494628906,465.5592956542969,8.006207466125488,59.964332580566406,6.49424934387207,True
4.912557125091553,308.25384521484375,44063.09765625,7.927977085113525,280.93365478515625,327.47564697265625,14.857980728149414,66.02872236519869,4.897372722625732,True
9.739562034606934,166.94886779785156,13623.16015625,7.235921859741211,385.05914306640625,369.5912780761719,12.322604179382324,68.50585174560547,2.568079948425293,True
5.54197883605957,185.671875,20143.064453125,10.236175537109375,209.47105407714844,517.935791015625,18.46401596069336,49.37131881713867,3.672976016998291,True
6.71570464813142,193.50341796875,42268.3359375,9.005942344665527,258.3926696777344,384.68487548828125,9.085278511047363,75.43963623046875,3.6017355918884277,True
7.043382914765453,143.30020141601562,16263.1669921875,6.229736328125,344.9780866034079,503.6640930175781,19.58549690246582,66.47763456308003,3.451740026473999,True
6.4489312171936035,240.24476623535156,13979.166015625,9.077984809875488,314.5904846191406,473.7513122558594,17.416902542114258,84.02478790283203,3.6221954822540283,True
5.477912425994873,211.3988494873047,27361.658203125,5.8104567527771,340.6238098144531,358.04412841796875,16.629384994506836,66.28653511749972,3.7742562294006348,True
8.544708251953125,181.4134063720703,31429.37890625,7.55502986907959,350.3970947265625,393.8896179199219,10.247232437133789,82.72190856933594,2.31815242767334,True
7.378596782684326,175.98245239257812,9460.322265625,5.941011905670166,348.51537565123414,402.01995849609375,15.63945484161377,37.38945007324219,3.215219497680664,True
6.664002895355225,199.58871459960938,15902.9453125,5.257789134979248,346.5845642089844,347.35333251953125,15.989418983459473,61.15657424926758,2.2277278900146484,True
6.775582790374756,218.41493225097656,17968.8828125,8.254115104675293,335.1222097238815,358.7176818847656,10.520161628723145,57.244110107421875,4.333636283874512,True
8.736371040344238,194.6776885986328,24283.658203125,8.855544090270996,329.00421142578125,333.623779296875,16.516231536865234,67.25047302246094,3.8021161556243896,True
7.146976470947266,196.56268310546875,16911.203125,6.890505313873291,320.1008605957031,520.111328125,12.854238510131836,66.81417846679688,4.02576208114624,True
7.4843134299549074,242.90943908691406,9654.7333984375,6.2539801597595215,359.66583251953125,588.5667114257812,15.197014808654785,62.82284927368164,5.652222156524658,True
5.040331840515137,232.23448181152344,25653.689453125,5.929307460784912,328.32958984375,529.0525512695312,13.539409637451172,38.346736907958984,3.603325605392456,True
7.317529129040871,281.5821533203125,21707.4921875,5.037261009216309,348.2397155761719,347.9574890136719,15.370097160339355,85.92034912109375,4.003818988800049,True
7.745499134063721,168.35562133789062,14336.6279296875,5.264309883117676,343.4113301272051,421.4853210449219,7.496410369873047,67.62476348876953,4.0433349609375,True
6.2596516609191895,208.37942504882812,37356.74609375,8.565486907958984,256.4738464355469,380.2402038574219,5.567692756652832,68.44186401367188,4.213405132293701,True
8.596390724182129,189.52316284179688,14518.974609375,5.124129295349121,422.99041748046875,348.04150390625,17.35807228088379,66.4631826506895,3.5198843479156494,True
5.767349720001221,272.47216796875,15417.9326171875,7.728859901428223,315.4049072265625,424.4611511230469,15.28426742553711,60.82213592529297,3.896090507507324,True
7.088940620422363,206.36412048339844,13839.7138671875,8.088241577148438,321.296142578125,369.9693298339844,14.896092414855957,66.6746597290039,5.661104202270508,True
8.029181480407715,158.0404052734375,19663.46875,8.433448791503906,283.2705078125,431.3047180175781,20.696197509765625,59.97292709350586,4.388551235198975,True
7.004411288882806,286.2017517089844,46931.8828125,7.440023899078369,262.5264587402344,557.421875,14.471650123596191,74.04386138916016,4.120931625366211,True
4.725785732269287,249.67100524902344,20834.294921875,5.036010265350342,378.9986877441406,411.1144714355469,17.769641876220703,78.81743621826172,3.1563315391540527,True
8.195765495300293,214.51760864257812,10389.54296875,6.29540491104126,327.19390869140625,403.1899108886719,15.067041397094727,72.7568130493164,3.2187092304229736,True
6.443753719329834,196.61599731445312,25740.412109375,2.484380006790161,435.6727600097656,352.3536376953125,16.924419403076172,33.05188751220703,4.498684883117676,True
7.0390944480896,179.6452178955078,28827.359375,4.945555210113525,389.8892822265625,593.396240234375,12.079207420349121,58.36350631713867,4.366031169891357,True
6.918789075929889,185.75572204589844,27345.173828125,8.932764053344727,332.2450698107099,313.8787841796875,13.420125961303711,56.974849700927734,4.407566070556641,False
7.158515632282062,185.8468017578125,14971.94921875,6.666342735290527,346.4861755371094,418.4535827636719,18.684215545654297,67.71246337890625,5.110414028167725,False
6.945224285125732,220.9600372314453,36438.3125,5.551660537719727,337.9638977050781,367.99798583984375,20.160734176635742,53.00772476196289,4.823081970214844,False
5.742110252380371,188.2165985107422,26831.611328125,6.202721118927002,318.3766784667969,498.14239501953125,9.657360076904297,53.508522033691406,3.3230695724487305,False
5.596627712249756,177.2137908935547,17925.3515625,8.435470581054688,303.7341613769531,552.3087158203125,10.339985847473145,57.82061004638672,5.235111236572266,False
7.35037899017334,193.63336181640625,26736.0859375,10.41658878326416,309.4168701171875,557.4956665039062,16.51972198486328,61.0773811340332,3.663922071456909,False
6.26279878616333,206.88975524902344,31414.525390625,4.528076171875,349.7346496582031,567.0272827148438,15.963540077209473,73.0226058959961,4.01251745223999,False
9.927023887634277,208.49073791503906,19666.9921875,8.008618354797363,340.2378234863281,482.8424377441406,11.360426902770996,85.82910919189453,4.051733493804932,False
5.381407737731934,175.57431030273438,15372.0,7.457245349884033,312.3549499511719,308.72979736328125,12.178940773010254,66.48859269751536,4.364067077636719,False
4.961352825164795,166.2599639892578,22229.23046875,9.922078132629395,295.1318359375,449.1471862792969,12.001547813415527,63.427978515625,3.9028377532958984,False
6.45709753036499,192.2649383544922,18340.046875,8.832138061523438,335.9701232910156,517.4321899414062,23.37326431274414,51.79710006713867,2.6373648643493652,False
6.539369583129883,214.6385955810547,21230.431640625,6.485594272613525,336.974853515625,532.5728149414062,18.263687133789062,90.9080810546875,4.527364253997803,False
6.252409934997559,225.7841033935547,23920.25390625,7.018165111541748,303.79168701171875,484.5857849121094,13.43350601196289,67.40138244628906,2.7229082584381104,False
7.967344760894775,180.53170776367188,19384.037109375,9.868237495422363,325.4968566894531,386.0553283691406,11.265127182006836,67.27220916748047,4.069358825683594,False
6.959296162727287,212.731689453125,37030.70703125,5.040319442749023,351.064453125,535.3023681640625,15.895048141479492,33.37071228027344,4.82579231262207,False
7.609521389007568,223.28839111328125,40879.7890625,7.030699253082275,310.6324462890625,370.2708740234375,14.375368118286133,73.7569580078125,3.1458427906036377,False
6.887864112854004,173.3250274658203,19947.923828125,7.48870325088501,334.0980224609375,441.00262451171875,10.780501365661621,89.0054931640625,5.4544878005981445,False
9.879071235656738,208.9056396484375,14673.6708984375,6.24024772644043,366.817626953125,442.3374938964844,19.626022338867188,66.81658172607422,4.2188310623168945,False
7.6387619972229,178.27163696289062,18308.501953125,6.548097610473633,362.3328857421875,394.1809997558594,11.291788101196289,81.9891586303711,4.496626377105713,False
6.9618916511535645,223.59584045410156,31101.68359375,3.6920652389526367,343.8272705078125,530.221435546875,13.675479888916016,70.4349594116211,3.446728467941284,False
8.060609817504883,208.04270935058594,15489.3251953125,5.620298862457275,361.9704284667969,423.42083740234375,15.371549606323242,75.44558715820312,3.600905656814575,False
7.24027156829834,213.4231414794922,23432.962890625,5.927867889404297,328.35919189453125,325.3876953125,14.033553123474121,60.571083068847656,3.832597255706787,False
7.486779689788818,199.6777801513672,25396.01171875,4.9605584144592285,342.45355224609375,444.6785888671875,16.115432739257812,43.14201736450195,5.048833847045898,False
8.410460472106934,234.87652587890625,27554.345703125,5.681715965270996,362.48956298828125,519.0316162109375,14.482213020324707,55.62849807739258,2.9773600101470947,False
6.143921375274658,175.27407836914062,29072.169921875,12.062536239624023,287.6981506347656,469.98333740234375,13.14249324798584,83.27965545654297,3.476213216781616,False
6.096179962158203,174.8716278076172,16314.2333984375,8.063020706176758,341.28203655168625,435.7837829589844,10.658878326416016,62.083587646484375,5.1424713134765625,False
6.384823799133301,243.68807983398438,39960.30078125,6.697657108306885,297.185546875,437.7279052734375,15.967490196228027,54.93031692504883,4.144998550415039,False
9.462665557861328,225.39930725097656,12224.625,2.9813790321350098,387.0987243652344,485.697265625,13.20439338684082,62.297698974609375,2.8501837253570557,False
7.868146896362305,199.03598022460938,20434.10546875,6.210993766784668,337.91607666015625,549.4149780273438,16.50157928466797,66.40330607572953,4.315898418426514,False
5.873157024383545,153.6733856201172,21910.763671875,9.752878189086914,319.35675048828125,352.4560546875,14.154109954833984,65.23462677001953,5.120887756347656,False
7.034173517441307,186.87301635742188,26004.529296875,8.493528366088867,320.6934814453125,534.1302490234375,19.890026092529297,54.37395477294922,5.144114017486572,False
6.529304504394531,210.0040283203125,28970.087890625,4.25015115737915,325.2034472240541,422.81756591796875,7.0912981033325195,83.69015502929688,3.361088514328003,False
5.152203559875488,207.29925537109375,27000.107421875,6.691805839538574,329.8086774352762,350.0049743652344,12.490509033203125,49.85296630859375,4.689842700958252,False
7.8586626052856445,210.9547576904297,26703.853515625,6.509065628051758,341.3418884277344,374.0728454589844,8.811985969543457,72.79979705810547,3.4224705696105957,False
7.704410076141357,234.63595581054688,22057.37890625,8.12440299987793,329.94711278106575,397.399658203125,14.897562980651855,50.92043685913086,3.0313644409179688,False
6.728004455566406,201.12689208984375,22888.787109375,7.66398811340332,319.4635009765625,325.53753662109375,16.788305282592773,58.961219787597656,4.4106974601745605,False
10.464502334594727,190.99484252929688,6700.77490234375,6.879857540130615,346.37874690206394,498.9319152832031,14.562161445617676,66.70162200927734,4.956358432769775,False
9.112786293029785,205.94107055664062,20868.62890625,6.962790012359619,330.9342956542969,422.03948974609375,16.12897491455078,77.7965316772461,4.567087650299072,False
8.079808235168457,174.1610870361328,12677.841796875,7.2952117919921875,333.5825500488281,589.5521850585938,14.852225303649902,39.52938461303711,3.6110575199127197,False
7.078659534454346,232.58184814453125,26177.7890625,3.914353132247925,334.1611328125,380.4599304199219,9.633630752563477,41.95193862915039,3.6966402530670166,False
7.234883124190985,139.33114624023438,2912.211181640625,10.338233947753906,343.3180236816406,532.8851928710938,11.078341484069824,42.17282485961914,4.093097686767578,False
8.043889045715332,169.688232421875,8896.1953125,7.837861061096191,328.9398193359375,430.8368225097656,12.2634916305542,76.33424377441406,3.15994930267334,False
7.040245056152344,192.9559783935547,20988.4296875,6.422358989715576,320.9488525390625,381.35736083984375,15.396454811096191,88.2984619140625,3.9934098720550537,False
5.483973979949951,166.16183471679688,21144.974609375,7.607610702514648,322.73309326171875,306.35589599609375,14.171009063720703,64.13652801513672,4.063613414764404,False
8.534406661987305,248.57748413085938,22372.302734375,2.993744134902954,366.146240234375,341.76019287109375,14.692901611328125,78.70893859863281,2.544733762741089,False
7.266594409942627,176.85369873046875,14859.0595703125,8.261777877807617,327.1722412109375,445.0374450683594,19.923704147338867,87.06613159179688,3.3574395179748535,False
6.256650924682617,181.0723114013672,16905.80078125,11.586151123046875,338.96517979333385,481.3070373535156,10.63974380493164,74.55724334716797,4.181050777435303,False
7.24035120010376,201.9971923828125,14462.673828125,6.737175941467285,314.04315185546875,534.8009643554688,14.213794708251953,82.94581604003906,3.7829718589782715,False
8.692115783691406,144.23635864257812,2552.962890625,9.20263385772705,347.9751281738281,517.427490234375,13.963420867919922,42.3886604309082,2.283475160598755,False
8.639540672302246,168.6139678955078,7013.2119140625,8.451601028442383,355.2138977050781,419.7889099121094,17.929393768310547,33.64154052734375,4.19293212890625,False
7.179863929748535,180.85421752929688,10859.5537109375,8.263503074645996,341.302490234375,358.0562744140625,12.065317153930664,83.32991790771484,3.8784472942352295,False
7.163999080657959,203.78160095214844,34226.0703125,9.41203498840332,320.2589111328125,415.5775146484375,16.221044540405273,90.18421173095703,3.3543221950531006,False
8.92611312866211,189.98794555664062,15249.6201171875,7.076221466064453,341.5268859863281,361.9016418457031,21.278095245361328,66.47963832297162,2.752134084701538,False
6.353110313415527,206.26980590820312,18409.037109375,3.72377610206604,348.2098693847656,389.6832275390625,13.205425262451172,60.291343688964844,2.856175422668457,False
6.681553363800049,238.51243591308594,26132.2109375,6.304459095001221,309.23699951171875,326.0262145996094,8.138227462768555,46.08726119995117,2.9567480087280273,False
5.44532585144043,201.37945556640625,28001.119140625,7.2089457511901855,331.5874938964844,365.0915832519531,11.788776397705078,65.94456481933594,3.9469895362854004,False
7.539881706237793,185.8259735107422,21575.24609375,7.442998886108398,333.0796203613281,444.11663818359375,15.830564498901367,49.06797790527344,4.5315937995910645,False
7.159787644198197,199.9180145263672,15335.51171875,8.092376708984375,303.3271789550781,399.6054382324219,11.821736335754395,58.222293853759766,4.482459545135498,False
4.370476722717285,188.65403747558594,29542.337890625,8.117114067077637,301.0221862792969,456.3084411621094,16.346837997436523,46.69694137573242,4.6493821144104,False
10.316400527954102,217.266845703125,10676.5087890625,3.445514678955078,397.75494384765625,492.20648193359375,12.812731742858887,72.28192138671875,3.4073493480682373,False
6.599593639373779,198.32325744628906,21078.88671875,6.234231472015381,331.4956359863281,447.98779296875,12.936304092407227,59.8336181640625,4.702310562133789,False
4.1975836753845215,189.4736785888672,31292.126953125,7.105204105377197,328.46176263231683,370.77142333984375,11.986401557922363,50.32283020019531,5.206480026245117,False
7.920794486999512,173.35714721679688,13454.634765625,6.947895050048828,356.76812744140625,471.3686828613281,16.477840423583984,68.0005111694336,3.374326467514038,False
6.330732822418213,166.73800659179688,18397.19921875,8.07642650604248,340.4061735328641,436.99176025390625,12.90518856048584,67.6485595703125,3.940000534057617,False
6.966601752328627,181.29612731933594,23433.90234375,7.729588508605957,336.8795512121093,329.7408752441406,12.275712966918945,38.756797790527344,5.1283464431762695,False
7.7641425132751465,186.13243103027344,25926.076171875,8.01120662689209,334.28986130587344,399.1317138671875,22.846529006958008,35.24367904663086,4.105178356170654,False
8.237142562866211,190.0596923828125,20015.3984375,8.38521671295166,356.0917663574219,377.6820983886719,17.740943908691406,37.7138786315918,4.9391093254089355,False
5.679234027862549,188.18869018554688,35643.1796875,8.88265323638916,322.16937255859375,256.30255126953125,15.000259399414062,66.16386096883396,2.3395726680755615,False
7.4175705909729,193.77188110351562,23207.09375,7.472115516662598,332.34782846132765,496.1051940917969,15.744353294372559,73.1874771118164,4.671557903289795,False
4.7759833335876465,196.27395629882812,19185.791015625,4.942929744720459,329.1439208984375,459.08355712890625,13.370949745178223,84.5842514038086,4.382161617279053,False
7.865095138549805,210.03929138183594,14310.623046875,6.6128997802734375,337.93895627268046,403.360595703125,12.879341125488281,74.1347885131836,4.79502534866333,False
5.903465747833252,201.86402893066406,25394.10546875,7.692154407501221,313.6480712890625,434.7197570800781,18.006702423095703,59.97216033935547,4.5870866775512695,False
7.7057108879089355,178.9228515625,18476.619140625,8.226227760314941,334.8899230957031,518.0433959960938,10.638798713684082,63.15748977661133,3.8619561195373535,False
7.815121650695801,190.31390380859375,20229.107421875,9.186893463134766,335.63873291015625,379.2228698730469,14.979347229003906,73.42543029785156,3.096163272857666,False
6.139742851257324,168.4442138671875,23894.13671875,9.49458122253418,318.0260925292969,494.1291198730469,19.11602210998535,60.264766693115234,3.841221570968628,False
5.041405200958252,193.1678466796875,17342.314453125,7.842974662780762,322.10699462890625,444.4534912109375,17.472787857055664,66.54219818115234,4.5436859130859375,False
8.675192832946777,200.73594665527344,15049.583984375,8.630380630493164,356.8054504394531,441.298095703125,17.85305404663086,74.58650970458984,4.978575229644775,False
7.689358234405518,221.3568878173828,30253.8515625,6.269309043884277,320.4781188964844,529.7465209960938,17.973278045654297,84.69636535644531,4.978556156158447,False
8.57012939453125,200.07186889648438,9782.3447265625,5.661696910858154,342.5465828845017,511.1614990234375,11.856088638305664,66.04841613769531,4.604404449462891,False
5.671762466430664,184.78184509277344,17527.716796875,5.314759254455566,339.0564880371094,409.4793701171875,15.196044921875,31.941831588745117,3.268693447113037,False
6.6248064041137695,204.34292602539062,21443.265625,5.980401992797852,312.3152160644531,412.99676513671875,11.965106964111328,62.52033233642578,2.8409106731414795,False
6.5410075187683105,195.56689453125,29616.4921875,7.108628273010254,328.99853515625,530.7996826171875,11.899397850036621,68.14144897460938,2.3559341430664062,False
7.030821226477889,169.18873596191406,18408.294921875,5.131839275360107,342.93768310546875,350.89434814453125,19.334232330322266,86.67733001708984,6.738999843597412,False
9.24119758605957,223.69134521484375,21610.58203125,4.116183280944824,330.20041038865725,480.0130615234375,12.725427627563477,65.55070495605469,5.265728950500488,False
6.975656745670018,162.62628173828125,21318.9609375,7.5752787590026855,289.2084045410156,457.8115539550781,7.4773149490356445,60.23847961425781,4.514981746673584,False
6.340808868408203,158.34274291992188,15288.2138671875,7.5997514724731445,342.44769287109375,334.93731689453125,9.237117767333984,38.10391616821289,5.458609580993652,False
5.9803571701049805,181.25869750976562,11826.2939453125,3.688504457473755,356.1666259765625,543.3479614257812,8.828688621520996,60.206382751464844,4.24724006652832,False
7.605978965759277,172.19813537597656,10930.0556640625,8.432638168334961,346.9207334056782,400.7061462402344,12.560445785522461,51.64377975463867,3.242849826812744,False
6.4275126457214355,178.32655334472656,25993.7109375,7.294554233551025,329.6952209472656,566.7546997070312,11.97426986694336,60.736724853515625,6.032994747161865,False
7.136415926172046,196.2488555908203,17909.365234375,3.6722705364227295,337.71252268119133,417.2873229980469,14.557068824768066,57.73465347290039,3.888235330581665,False
6.109073162078857,191.7555694580078,26853.94921875,9.06461238861084,312.2019958496094,375.54736328125,15.514033317565918,73.78968048095703,4.881101131439209,False
5.842933177947998,168.2952880859375,19156.123046875,6.878347873687744,331.4776611328125,506.7568054199219,14.526150703430176,80.42371368408203,4.143224716186523,False
5.367546558380127,175.4328155517578,29009.01171875,6.481443881988525,330.7245251003959,463.4784240722656,19.3702335357666,67.28620910644531,4.2671895027160645,False
5.345887184143066,184.78457641601562,22274.369140625,9.727103233337402,319.0304870605469,492.135498046875,11.894673347473145,87.29768371582031,2.9503610134124756,False
5.386307239532471,212.59298706054688,40149.31640625,8.124232292175293,318.7916564941406,355.5464172363281,17.34880256652832,64.21090698242188,3.6625635623931885,False
9.919478416442871,207.06558227539062,16544.275390625,7.039310932159424,363.036865234375,278.7532043457031,17.052539825439453,44.29953384399414,4.117487907409668,False
6.87695687854711,218.3021697998047,42061.32421875,6.331177234649658,324.5415954589844,503.1392517089844,15.712139129638672,48.497825622558594,4.328026294708252,False
7.121458530426025,204.1641387939453,20574.365234375,7.089146137237549,335.11332908144004,353.9275817871094,16.488157272338867,57.02278137207031,3.7746005058288574,False
9.418295860290527,173.6402130126953,8777.6865234375,8.456177711486816,358.29205322265625,596.8258666992188,16.785215377807617,105.27245330810547,4.604633331298828,False
7.457164764404297,263.0367126464844,31085.083984375,1.683992624282837,317.7720634746794,584.6043701171875,11.809444427490234,45.50136184692383,4.106543064117432,False
5.272227764129639,206.3131866455078,42210.88671875,8.849717140197754,317.40033231200766,410.6485290527344,11.927998542785645,46.540367126464844,5.068556308746338,False
7.291956901550293,202.32904052734375,21891.677734375,7.62874698638916,339.8290100097656,379.2701110839844,7.654955863952637,64.02152252197266,4.237643718719482,False
7.8038330078125,223.6881103515625,37376.79296875,6.664969444274902,318.06220533191816,343.7640075683594,16.69740867614746,74.78243255615234,2.9073872566223145,False
6.844350814819336,197.46046447753906,23608.861328125,8.396404266357422,331.8162076385573,526.4259033203125,10.878096580505371,62.03714370727539,2.8770627975463867,False
5.608745098114014,152.9540557861328,19835.98046875,9.34598159790039,323.3933410644531,596.0763549804688,14.380724906921387,49.428253173828125,4.644211769104004,False
5.701154708862305,233.51504516601562,41411.6015625,5.895463943481445,310.1605529785156,509.76788330078125,22.68683624267578,73.75188446044922,3.4031364917755127,False
5.412762641906738,226.58648681640625,45510.5859375,7.07018518447876,307.6214599609375,420.124755859375,21.940189361572266,58.85173416137695,4.091205596923828,False
7.297294542996297,208.17745971679688,17264.841796875,3.2961573600769043,387.0708312988281,631.30419921875,8.404569625854492,68.30059051513672,3.9121482372283936,False
5.018132209777832,169.39723205566406,29072.0390625,10.711475372314453,297.0132751464844,467.21807861328125,15.913761138916016,23.792949676513672,4.2864789962768555,False
4.552238464355469,197.07693481445312,25969.21484375,8.865422248840332,330.04901319946555,461.8362731933594,12.853404998779297,69.3350601196289,3.9328043460845947,False
7.06945215849303,203.50592041015625,21417.59375,6.072637557983398,319.5226745605469,348.5273132324219,12.612966537475586,68.64254760742188,4.613578796386719,False
7.02530574798584,202.80908203125,23502.857421875,5.239013195037842,335.5487060546875,471.1317138671875,13.891519546508789,63.751853942871094,5.9895429611206055,False
5.770620822906494,194.50013732910156,16173.7275390625,6.341797351837158,318.7889404296875,387.1304931640625,12.042914390563965,52.51226043701172,4.240821361541748,False
8.437875747680664,183.10662841796875,12856.9287109375,7.400019645690918,361.7796936035156,587.0225830078125,15.926920890808105,77.95126342773438,3.8154690265655518,False
5.907078266143799,213.47108459472656,41839.45703125,7.92476224899292,312.3299560546875,357.25897216796875,15.59896469116211,54.421878814697266,4.29647970199585,False
6.898341178894043,187.41531372070312,19024.486328125,6.915070056915283,338.6003977474815,428.7869873046875,12.580161094665527,44.380210876464844,5.371284008026123,False
10.252734184265137,217.73666381835938,9651.875,4.338353157043457,369.2976989746094,528.1216430664062,18.66140365600586,54.150447845458984,3.290372610092163,False
8.206500053405762,182.90536499023438,18949.974609375,6.662949085235596,347.132568359375,332.8553161621094,18.328401565551758,66.68838500976562,4.225121021270752,False
7.286167621612549,208.444091796875,30879.02734375,6.856966972351074,336.048828125,352.6021423339844,10.566452026367188,64.02532958984375,4.6860198974609375,False
8.809296607971191,226.10589599609375,18140.59375,4.930380821228027,320.79937744140625,350.11669921875,14.338839530944824,64.33464050292969,3.879053831100464,False
6.641500473022461,198.88441467285156,27867.486328125,7.327729225158691,318.40838623046875,573.7237548828125,13.191720008850098,81.55111694335938,4.694311141967773,False
6.145148277282715,197.54107666015625,39657.2734375,9.90015983581543,288.1578674316406,319.43402099609375,11.587377548217773,120.03007507324219,4.60088586807251,False
5.906441688537598,177.89137268066406,27296.294921875,8.869268417358398,312.01580810546875,385.81280517578125,13.938685417175293,60.61379623413086,4.807496070861816,False
5.389845848083496,163.34434509277344,19646.234375,9.092720985412598,314.2375793457031,491.7504577636719,15.496325492858887,48.68658447265625,3.5776748657226562,False
5.006563186645508,160.49644470214844,27218.822265625,11.543190002441406,289.97576904296875,303.25634765625,16.56939125061035,70.69906616210938,3.665205717086792,False
6.50363826751709,163.2566375732422,15000.1875,7.641833782196045,334.1031188964844,517.4284057617188,17.530658721923828,37.76551818847656,4.963184356689453,False
9.60685920715332,200.84214782714844,18907.642578125,7.515087604522705,336.20043012833077,370.90380859375,11.358735084533691,64.37118530273438,4.4053521156311035,False
8.742229461669922,179.40980529785156,9694.3544921875,6.577127933502197,368.50433349609375,323.7440185546875,13.925009727478027,85.77932739257812,2.842393159866333,False
8.394397735595703,187.64341735839844,10603.09765625,7.8402605056762695,352.83563232421875,376.24114990234375,13.374831199645996,58.95000076293945,2.8339014053344727,False
7.336873467340625,204.923828125,12556.75390625,5.789007663726807,359.9517517089844,610.767578125,16.01264190673828,52.442325592041016,3.257744073867798,False
3.84120512008667,186.9177703857422,19988.6484375,7.174952030181885,335.7550441162773,483.3341979980469,13.422801971435547,74.38169860839844,3.635634660720825,False
4.301373481750488,148.73770141601562,26640.072265625,9.242652893066406,316.764404296875,365.83538818359375,12.51573371887207,54.08229064941406,3.067626714706421,False
9.895889282226562,210.65403747558594,13189.51953125,4.945127964019775,339.5828488348356,481.13677978515625,11.763452529907227,49.8519287109375,3.8134286403656006,False
4.319440841674805,186.05618286132812,30565.578125,9.811168670654297,276.83392333984375,282.6874084472656,13.448689460754395,66.25997857321063,3.2419722080230713,False
8.313773155212402,196.54769897460938,11310.9580078125,5.310815334320068,364.4050598144531,607.9158325195312,8.457141876220703,76.694580078125,4.290071487426758,False
7.34487487561541,179.1492919921875,4784.9677734375,5.702186584472656,378.3982238769531,517.4961547851562,14.387223243713379,68.68702697753906,2.380084276199341,False
3.4103596210479736,207.39747619628906,49074.73046875,5.667433261871338,301.9750061035156,351.5203857421875,15.987370491027832,86.6391830444336,3.7217657566070557,False
7.510943412780762,182.19284057617188,17100.88671875,5.948784828186035,357.2657470703125,499.0950622558594,20.725805282592773,60.67094039916992,3.342409133911133,False
6.978291034698486,191.85848999023438,26189.646484375,7.279433250427246,317.1841735839844,564.6475830078125,19.42689323425293,50.50653839111328,4.931878089904785,False
7.04608302804755,164.37843322753906,15908.5615234375,11.208688735961914,343.8725657570186,360.8143005371094,17.239578247070312,60.17911911010742,4.380978107452393,False
7.460727214813232,237.57960510253906,25222.955078125,7.277442932128906,316.56231689453125,377.6822204589844,5.91461706161499,62.04418182373047,3.949014663696289,False
7.132469246629064,190.04666137695312,18327.4375,7.8987650871276855,354.41925048828125,445.928466796875,12.902213096618652,63.45661926269531,4.543581008911133,False
7.220165729522705,204.7683868408203,15658.0859375,3.8427319526672363,338.0918114157235,407.37506103515625,15.150581359863281,64.9891128540039,4.398684978485107,False
8.790851593017578,187.4398193359375,7850.64208984375,6.3599419593811035,346.148568586087,384.9207763671875,16.722375869750977,77.90267181396484,3.480271816253662,False
7.037387774669092,198.23440551757812,26486.181640625,6.472958564758301,329.67797135097885,472.6937255859375,11.03223991394043,63.729793548583984,4.148611545562744,False
7.02513960963145,219.01332092285156,29433.423828125,9.384055137634277,302.767333984375,426.43072509765625,17.307476043701172,70.060302734375,5.776610851287842,False
9.049165725708008,169.50924682617188,4343.3564453125,5.78082275390625,386.7004699707031,471.9253845214844,16.17062759399414,62.722084045410156,2.8140006065368652,False
9.515140533447266,199.08131408691406,9082.81640625,5.9765496253967285,367.2308044433594,501.44683837890625,12.87712287902832,55.77069091796875,3.812887668609619,False
6.145243167877197,213.1755828857422,20417.263671875,6.243742942810059,332.2791047947063,435.37652587890625,23.514774322509766,81.29913330078125,4.090939998626709,False
7.4942121505737305,210.34727478027344,29252.501953125,5.922704219818115,339.8465881347656,445.06121826171875,16.917112350463867,84.86854553222656,5.49270486831665,False
7.091886043548584,221.1914825439453,29091.20703125,5.134960174560547,324.6076346074417,515.0599975585938,19.578271865844727,62.6273307800293,5.116406440734863,False
6.62457275390625,172.0554656982422,14877.2900390625,7.079934120178223,338.4412841796875,405.8180847167969,15.656148910522461,58.56053161621094,4.333720684051514,False
6.032188892364502,200.42076110839844,32882.15625,6.516519069671631,352.0186462402344,349.982177734375,14.10482120513916,43.376808166503906,3.4238317012786865,False
6.344095230102539,164.8172149658203,14973.296875,10.707015991210938,316.1444396972656,337.2194519042969,19.411699295043945,64.38497161865234,3.8434839248657227,False
6.981611013951218,209.76602172851562,27382.76953125,7.43231201171875,323.95562744140625,301.202880859375,13.970732688903809,62.73859405517578,4.103438854217529,False
7.4591450691223145,217.70013427734375,19436.50390625,4.639115810394287,352.4244384765625,494.0943298339844,14.460294723510742,57.196189880371094,3.8410520553588867,False
6.361666679382324,175.04400634765625,25833.8515625,8.243781089782715,333.9471130371094,302.1907043457031,10.558575630187988,70.10769653320312,3.681765079498291,False
9.011589050292969,228.91952514648438,25208.15234375,6.76701021194458,327.4057315455965,380.14520263671875,15.518322944641113,66.32048940712342,2.8972926139831543,False
7.466213226318359,223.18417358398438,18261.6953125,5.206596851348877,331.2361544496682,456.26214599609375,14.023547172546387,99.13033294677734,2.081845760345459,False
5.739816188812256,189.82778930664062,15825.4404296875,8.110140800476074,313.0573425292969,425.0167541503906,14.89918041229248,81.37390899658203,2.7225711345672607,False
7.785106658935547,174.8893585205078,13404.25390625,7.517805576324463,342.588121153688,491.4317321777344,13.82554817199707,75.0594253540039,4.904613018035889,False
7.13858699798584,180.90377807617188,9727.6533203125,5.706428527832031,345.9226968336946,399.954833984375,15.952392578125,67.70285034179688,3.2724297046661377,False
8.805177688598633,157.2319793701172,4728.65087890625,8.848261833190918,356.7736511230469,299.27978515625,9.439925193786621,61.64059829711914,5.176205158233643,False
8.003031730651855,186.4630889892578,15007.2724609375,7.697323799133301,355.72601318359375,561.6131591796875,10.15323257446289,67.00035095214844,3.1375513076782227,False
7.157337665557861,214.01010131835938,23718.552734375,3.9243669509887695,343.7643737792969,506.899658203125,15.446048736572266,66.34626423886557,5.183621883392334,False
6.427365303039551,202.94497680664062,20920.251953125,5.527620792388916,338.5823669433594,332.6127624511719,12.8090238571167,75.10133361816406,3.5688230991363525,False
6.1246724128723145,179.5797576904297,27951.61328125,8.075627326965332,303.6469421386719,467.17181396484375,13.835116386413574,69.01748657226562,3.6310067176818848,False
8.457901000976562,228.73214721679688,16061.58984375,4.142485618591309,356.3048400878906,370.71209716796875,14.061710357666016,82.36469268798828,4.914276123046875,False
5.772197246551514,200.1449737548828,27840.693359375,7.132239818572998,318.64349365234375,414.0150451660156,15.550101280212402,62.52127456665039,3.0789859294891357,False
7.310930335184372,220.97604370117188,11562.435546875,6.033392429351807,359.1868896484375,406.4664001464844,14.149317741394043,59.37321853637695,4.5891618728637695,False
6.7607903480529785,192.1426239013672,19089.94921875,4.364521503448486,345.0188903808594,457.5548400878906,13.272525787353516,66.42058925540232,4.905490398406982,False
7.895045757293701,174.69268798828125,10465.26171875,7.668315410614014,350.5354309082031,472.04290771484375,14.633909225463867,60.86223220825195,3.0844311714172363,False
8.576740264892578,221.15025329589844,24897.287109375,6.222626209259033,341.8092041015625,389.29278564453125,15.952131271362305,36.082584381103516,3.9161148071289062,False
5.596729755401611,229.29510498046875,44652.36328125,6.500953197479248,323.9990539550781,424.25701904296875,12.36182689666748,40.4120979309082,3.826158285140991,False
8.14563274383545,218.44081115722656,31350.275390625,5.507649898529053,334.6448974609375,376.6698913574219,14.88630485534668,52.415775299072266,4.307547569274902,False
6.665494918823242,222.48777770996094,25319.9140625,4.970958709716797,339.05975341796875,318.5643310546875,19.368698120117188,72.7167739868164,3.928495407104492,False
6.499067783355713,173.7688751220703,23734.845703125,9.009056091308594,330.1646728515625,593.561767578125,13.98629379272461,63.69387435913086,4.355880260467529,False
9.735889434814453,209.7615203857422,10897.150390625,6.106566905975342,358.193115234375,449.3677978515625,13.911645889282227,47.10018539428711,5.5732102394104,False
9.268281936645508,204.36048889160156,14333.5380859375,9.0701265335083,328.2979431152344,431.47540283203125,11.934802055358887,90.90180206298828,5.255703449249268,False
7.107072970700826,180.89303588867188,17705.609375,6.2233123779296875,350.19525146484375,447.9371337890625,10.461024284362793,32.07486343383789,3.9991254806518555,False
10.05964183807373,175.87582397460938,5232.9130859375,9.674175262451172,349.9987201029193,477.9837646484375,16.47052764892578,62.604549407958984,3.818788766860962,False
6.475885391235352,177.29495239257812,16532.828125,10.096588134765625,305.2489318847656,466.6494140625,6.776145935058594,65.14649200439453,4.306112766265869,False
6.096128463745117,200.64622497558594,16932.576171875,6.542206287384033,336.3265712053259,404.4600524902344,9.063963890075684,84.05709838867188,2.9564473628997803,False
6.297845840454102,214.21456909179688,21022.8359375,7.258721828460693,331.8219909667969,434.0487060546875,15.87218189239502,64.84690856933594,1.6805540323257446,False
5.284096717834473,185.7054901123047,26532.736328125,6.132545471191406,328.13958740234375,543.1817626953125,17.39846420288086,47.06639099121094,4.800962924957275,False
8.26994514465332,192.00376892089844,11889.2177734375,8.377233505249023,345.98736572265625,405.3406066894531,17.395662307739258,85.44498443603516,3.076479911804199,False
6.039567947387695,246.69285583496094,39489.0078125,3.1949687004089355,312.89688018035395,357.9862976074219,13.239355087280273,78.40453338623047,4.2068352699279785,False
6.243278980255127,171.1038818359375,19605.029296875,8.268229484558105,339.264996907717,512.8947143554688,17.21841812133789,53.60972595214844,3.472839117050171,False
8.214099884033203,192.1771240234375,12819.875,7.536023139953613,343.4772644042969,418.67877197265625,13.352603912353516,86.97810363769531,3.381863832473755,False
6.874648374567659,205.6387939453125,39742.96875,4.660528659820557,323.95648193359375,509.5464172363281,11.674849510192871,55.04267883300781,3.91674542427063,False
7.067678217077644,233.02012634277344,27071.119140625,6.220936298370361,298.1126403808594,357.11962890625,16.768945693969727,51.284400939941406,4.284878730773926,False
7.052667596285447,220.55252075195312,28135.076171875,7.978097915649414,307.6524658203125,421.4642639160156,17.532297134399414,86.84809875488281,3.569570302963257,False
9.836030960083008,230.471923828125,16103.3603515625,5.599314212799072,335.3526022545303,300.0625,14.383718490600586,61.93929672241211,4.219118118286133,False
8.719764709472656,219.77890014648438,30681.12109375,7.268764972686768,340.9184875488281,481.8534240722656,9.151208877563477,50.17859649658203,2.887725353240967,False
7.009601593017578,220.56199645996094,18628.697265625,6.781680583953857,332.97065681043546,397.99609375,14.808674812316895,77.76353454589844,3.1219449043273926,False
6.492639064788818,172.8639678955078,14625.5615234375,7.736569404602051,349.404052734375,652.53759765625,10.212058067321777,56.94972229003906,4.6677703857421875,False
7.814524173736572,180.34730529785156,17516.69921875,7.489006519317627,352.27703857421875,370.0113830566406,14.28931999206543,80.8824234008789,2.9016995429992676,False
9.652563095092773,205.2060546875,8508.1533203125,4.945416450500488,386.54119873046875,392.7674560546875,12.446538925170898,53.89803695678711,3.1925697326660156,False
8.00754165649414,151.736328125,8864.6865234375,11.251507759094238,350.0547772064309,447.484375,12.412691116333008,66.59096570969362,5.250173091888428,False
7.05252018610354,170.5500946044922,17561.2734375,8.320209503173828,349.2919616699219,374.4638366699219,10.989145278930664,73.70144653320312,3.7166593074798584,False
6.931689289874226,204.73500061035156,33798.109375,6.578160762786865,323.0527455138086,426.0805358886719,13.940220832824707,69.0516586303711,3.8451271057128906,False
7.386837482452393,189.59580993652344,29122.697265625,8.42076301574707,321.5677795410156,458.0441589355469,17.196943283081055,56.76991653442383,4.816705226898193,False
5.497580528259277,204.68287658691406,29493.423828125,7.604130268096924,323.6087951660156,476.8444519042969,16.672414779663086,83.4138412475586,5.060114860534668,False
6.057827949523926,230.7176971435547,44868.45703125,6.443391799926758,310.49304280244564,397.2367858886719,14.03790283203125,76.70160675048828,3.2922492027282715,False
7.1147505394255095,222.8212127685547,23879.2265625,5.0823564529418945,329.2369415065896,382.7579650878906,15.856061935424805,66.27047729492188,4.235174179077148,False
6.268953323364258,185.70664978027344,24769.51171875,6.717666149139404,318.2279357910156,534.5408325195312,13.628865242004395,69.13922119140625,4.674496173858643,False
7.080981503737139,190.92926025390625,20661.41015625,10.175483703613281,299.3455810546875,471.0626525878906,9.225985527038574,60.023521423339844,4.969149589538574,False
6.284984588623047,196.77505493164062,29213.62109375,8.528792381286621,334.477783203125,574.5406494140625,11.095892906188965,66.26791746754347,5.703287601470947,False
9.043095588684082,181.56666564941406,8273.591796875,6.7010416984558105,347.1752497726515,372.55120849609375,9.762360572814941,65.21633911132812,4.0084991455078125,False
8.523061752319336,201.60848999023438,24207.298828125,7.2207159996032715,331.5328635257102,436.6259765625,15.740638732910156,63.31050109863281,5.1123762130737305,False
7.013767909863749,183.46485900878906,19998.859375,7.151888847351074,337.5395202636719,294.8468017578125,10.088667869567871,66.29916381835938,4.183320045471191,False
6.949763795719074,193.4002685546875,30630.759765625,6.873568058013916,342.1932373046875,430.3955993652344,17.44681739807129,49.88365173339844,2.913048505783081,False
4.029052734375,203.38685607910156,42327.16796875,8.550482749938965,279.6752624511719,503.732421875,13.758835792541504,46.384063720703125,4.179656028747559,False
6.4127068519592285,204.35809326171875,32333.841796875,5.204084396362305,345.7174987792969,389.2153015136719,11.145039558410645,91.20486450195312,5.0141448974609375,False
6.276295185089111,184.95205688476562,28653.47265625,6.519434928894043,335.2577819824219,470.4296875,11.19848346710205,66.27544924106952,4.342759132385254,False
7.64887809753418,188.50697326660156,22510.974609375,8.617208480834961,334.2503724170316,393.2935485839844,12.85451889038086,73.3134994506836,4.95353364944458,False
5.548182010650635,204.25990295410156,39997.78515625,7.027225971221924,319.20294189453125,431.9724426269531,15.400396347045898,41.952293395996094,3.945460557937622,False
7.213238545116558,216.6756134033203,17870.314453125,6.613386631011963,338.4159240722656,438.1321105957031,15.441490173339844,83.27273559570312,2.6049599647521973,False
7.468616962432861,240.34530639648438,36701.97265625,4.536412715911865,339.2213439941406,453.21136474609375,16.106515884399414,67.95249938964844,3.384178876876831,False
7.028042849983814,179.14944458007812,21051.365234375,8.887845993041992,296.9490661621094,418.2698059082031,18.80051612854004,92.09600067138672,3.7647035121917725,False
7.918150424957275,214.18661499023438,23823.4921875,7.290877819061279,341.1733093261719,411.4244689941406,19.58500099182129,25.057374954223633,4.028957843780518,False
7.258324730379383,191.76425170898438,10830.80078125,6.362889289855957,344.40822250858236,492.2003173828125,17.291645050048828,43.272544860839844,4.266775608062744,False
7.090853946647979,181.37464904785156,14579.822265625,5.435058116912842,342.82968372867435,308.7925109863281,9.54509162902832,60.21464538574219,4.161749362945557,False
5.433242321014404,201.78125,31157.109375,7.2863922119140625,304.4252624511719,451.55718994140625,10.842095375061035,87.6340103149414,3.67571759223938,False
8.33951187133789,202.20162963867188,21295.75,5.6181159019470215,332.80074980949473,428.9503173828125,15.491387367248535,81.31532287597656,4.827704429626465,False
6.715719223022461,195.1905975341797,19966.744140625,7.744695663452148,354.20892333984375,411.7955017089844,17.32308006286621,67.98174285888672,2.4430079460144043,False
6.0980119705200195,211.45401000976562,39352.77734375,6.212191104888916,318.44272839844376,488.1413269042969,11.791840553283691,46.92803955078125,4.590616703033447,False
6.576845169067383,156.22177124023438,12772.095703125,9.759897232055664,341.7493896484375,418.97247314453125,10.38225269317627,78.30518341064453,3.771313428878784,False
4.681098937988281,220.4761199951172,38748.41015625,4.6525139808654785,306.4512023925781,442.530517578125,10.941269874572754,66.1204944264062,4.125750541687012,False
8.151215553283691,219.56004333496094,13699.6806640625,3.8044283390045166,336.5156325241355,460.52874755859375,14.951294898986816,79.63426208496094,3.5239806175231934,False
7.275733414338391,226.54835510253906,13584.490234375,4.1906962394714355,374.1576232910156,335.3782043457031,9.147436141967773,82.86492919921875,2.3645589351654053,False
7.089860426142054,220.83602905273438,27319.568359375,4.507101535797119,329.9971923828125,463.9651794433594,13.986735343933105,66.29223000491889,5.6665472984313965,False
5.669689655303955,194.13006591796875,20081.537109375,6.778103828430176,335.95278497448965,403.98992919921875,18.284807205200195,66.4070009252658,3.5921335220336914,False
6.624943733215332,185.4109344482422,16360.56640625,9.472845077514648,320.84649658203125,458.9239807128906,12.488006591796875,40.9599723815918,3.546696424484253,False
8.273643493652344,188.16075134277344,11120.701171875,7.410891056060791,346.31976318359375,344.15496826171875,15.314879417419434,89.44685363769531,3.3315837383270264,False
7.19879817721964,241.8955078125,25717.935546875,4.239996910095215,369.5411376953125,474.9374694824219,15.306062698364258,48.374210357666016,4.306218147277832,False
7.288520526759088,221.62005615234375,11954.701171875,6.657052993774414,338.8637308415002,391.23870849609375,12.961432456970215,66.52986215672232,3.2820613384246826,False
10.509668350219727,213.8768768310547,16786.92578125,6.624220371246338,335.90163428403275,411.21697998046875,16.590930938720703,67.74551391601562,3.5050787925720215,False
5.171433925628662,207.28053283691406,44612.75,7.2879252433776855,300.2542724609375,552.9075927734375,12.723724365234375,52.237735748291016,2.9494314193725586,False
6.964198112487793,193.75328063964844,27408.5,10.18460464477539,307.69451904296875,302.9404296875,15.889649391174316,78.07673645019531,2.3956832885742188,False
6.548796653747559,205.1681671142578,13584.900390625,3.7776479721069336,341.06232875718746,327.96734619140625,15.627514839172363,51.850364685058594,4.197305202484131,False
6.555439472198486,195.15797424316406,15405.49609375,2.7508373260498047,339.1011391452017,436.278076171875,10.855262756347656,66.48115201950216,3.7920401096343994,False
9.042582511901855,221.3201904296875,14149.5,5.325852870941162,366.66839599609375,377.85797119140625,13.008442878723145,87.89616394042969,4.348440170288086,False
5.970578670501709,202.74551391601562,19952.30859375,7.872037887573242,311.18817138671875,412.0389099121094,18.63214111328125,73.16633605957031,5.013281345367432,False
6.273805618286133,191.85040283203125,15130.154296875,5.11275053024292,349.94952392578125,538.2037353515625,12.383597373962402,52.097686767578125,4.510405540466309,False
6.604008197784424,212.9784698486328,23564.580078125,6.608205318450928,325.3538513183594,430.332763671875,14.352904319763184,33.40304946899414,4.4589667320251465,False
7.143941879272461,153.23635864257812,11553.0390625,8.444686889648438,329.4044494628906,278.4832763671875,11.266885757446289,81.71841430664062,3.7928402423858643,False
8.116446495056152,208.68914794921875,23985.865234375,7.5138702392578125,346.4237976074219,436.2905578613281,9.612293243408203,67.38115692138672,2.934697389602661,False
7.665187835693359,209.99725341796875,22993.728515625,5.543901443481445,343.4942321777344,417.7389831542969,7.750606536865234,63.551822662353516,2.7071292400360107,False
5.555353164672852,154.30068969726562,20503.4296875,9.644996643066406,313.4703063964844,355.20697021484375,18.468690872192383,75.1403579711914,4.5361456871032715,False
7.543931484222412,192.2345428466797,24227.9609375,7.2413434982299805,336.15106201171875,369.4277038574219,18.188873291015625,70.58850860595703,3.7031912803649902,True
7.289468713161116,218.57354736328125,11724.623046875,7.565406799316406,296.4305419921875,452.7276916503906,14.665703773498535,51.26182556152344,3.5613977909088135,True
7.340170860290527,210.1188201904297,12810.4228515625,8.867293357849121,309.6615905761719,412.7065734863281,12.389228820800781,73.51332092285156,3.9191396236419678,True
10.015189170837402,210.12672424316406,9064.0361328125,7.198432445526123,363.56182861328125,324.6479187011719,10.213058471679688,92.64389038085938,3.8465476036071777,True
7.087857249564461,188.74356079101562,19037.462890625,6.034235954284668,336.82243882564694,388.06585693359375,15.149067878723145,78.49942016601562,2.7236504554748535,True
7.846463203430176,233.97657775878906,6670.6591796875,6.844526290893555,340.46491462532396,545.3106689453125,16.536216735839844,67.48409271240234,3.8856239318847656,True
6.484611625487289,155.67578125,52060.2265625,2.5775551795959473,365.0809631347656,323.00103759765625,14.16660213470459,48.25430679321289,2.0007569789886475,True
6.334162712097168,197.48233032226562,23460.822265625,6.121463775634766,303.5503234863281,399.56378173828125,18.822216033935547,62.22287368774414,4.038829803466797,True
9.616095542907715,221.7598114013672,12538.9736328125,9.089530944824219,338.0692524166103,441.8810119628906,13.808375358581543,66.52207389271709,2.946643590927124,True
7.044164694573129,186.5952606201172,29496.91015625,8.11774730682373,378.4305114746094,616.1752319335938,14.962779998779297,65.44456481933594,2.4752845764160156,True
8.892998695373535,224.07818603515625,22960.1796875,8.982036590576172,274.689453125,466.2454833984375,9.693049430847168,59.577213287353516,3.6191327571868896,True
7.123090591719663,195.83657836914062,14563.6826171875,9.315977096557617,341.727698898108,289.66058349609375,9.18440055847168,49.54011917114258,3.9570116996765137,True
8.141429901123047,211.7942657470703,15494.359375,9.450413703918457,338.2869546064392,363.1293640136719,15.403389930725098,54.4907341003418,4.350922107696533,True
8.165715217590332,203.41932678222656,16925.01171875,5.574341773986816,337.2523193359375,527.9125366210938,18.361434936523438,60.39354705810547,3.920116424560547,True
4.9319586753845215,164.66676330566406,31155.541015625,7.411483287811279,383.7826232910156,506.5314025878906,14.980033874511719,69.24922943115234,5.045982837677002,True
8.977822303771973,198.9962921142578,20225.642578125,7.569518089294434,352.68585205078125,492.09783935546875,19.621923446655273,64.17723083496094,3.1999995708465576,True
7.372611999511719,220.3871612548828,17606.884765625,9.426339149475098,274.2068176269531,551.1452026367188,14.826441764831543,67.305419921875,3.182521104812622,True
9.107330322265625,202.51470947265625,24678.330078125,5.575906276702881,334.71734619140625,467.1107482910156,12.937328338623047,46.93525314331055,4.49213981628418,True
4.168248653411865,164.35128784179688,23863.716796875,8.593819618225098,335.3183595690583,547.4668579101562,13.843493461608887,71.04673767089844,2.804525136947632,True
7.806909084320068,216.47317504882812,21299.318359375,6.217597007751465,330.0869533585663,524.0797119140625,13.895630836486816,83.1469955444336,5.12791109085083,True
6.7046356201171875,230.76693725585938,9727.76171875,5.943694591522217,223.23580932617188,405.7615661621094,12.826509475708008,74.38520050048828,3.4221785068511963,True
3.6231658458709717,156.89891052246094,26738.525390625,5.0231428146362305,388.75225830078125,388.75262451171875,17.196012496948242,63.56486892700195,5.370205402374268,True
7.966856956481934,186.35336303710938,21440.73828125,7.8324737548828125,393.7670593261719,461.3562316894531,13.913869857788086,86.12181091308594,5.11543083190918,True
4.595607757568359,204.8596649169922,13891.0380859375,6.371344566345215,337.426718638211,631.8220825195312,11.420910835266113,70.44900512695312,3.978919744491577,True
7.227212175038679,204.66905212402344,12874.4443359375,5.071164608001709,324.7012939453125,402.6192932128906,16.642478942871094,64.84674835205078,4.0589423179626465,True
3.994497537612915,179.45419311523438,18682.27734375,6.464792728424072,331.1456298828125,538.1749877929688,13.916820526123047,66.43591908264108,3.3791472911834717,True
8.907987594604492,202.46121215820312,33653.76171875,5.431878566741943,330.8271179199219,426.1865539550781,18.759902954101562,79.37062072753906,4.641258716583252,True
5.898726463317871,198.3100128173828,21148.2421875,9.124899864196777,326.2542724609375,312.3885803222656,13.042947769165039,74.31161499023438,4.899815082550049,True
9.514626502990723,215.72552490234375,16553.5625,7.5478596687316895,321.7762145996094,453.9184875488281,9.640240669250488,57.865421295166016,2.645036458969116,True
8.842463493347168,229.96441650390625,7839.31884765625,10.508810043334961,278.4282531738281,370.08514404296875,15.790977478027344,77.16661834716797,4.576728820800781,True
7.721078395843506,208.4385986328125,17248.619140625,7.685369968414307,286.4035339355469,269.0136413574219,11.75734806060791,56.88452911376953,3.2239511013031006,True
9.089421272277832,208.9147186279297,32238.078125,6.895013809204102,321.0804748535156,449.2599792480469,12.514640808105469,89.21307373046875,4.430116176605225,True
1.7570371627807617,147.5818328857422,41538.2421875,7.728177070617676,376.012939453125,428.44482421875,10.828696250915527,65.0058364868164,2.9675540924072266,True
7.725192070007324,213.95132446289062,20461.759765625,5.34031867980957,333.96611953441214,338.2142639160156,17.032466888427734,58.587459564208984,4.163325309753418,True
6.729191303253174,178.49363708496094,31991.958984375,5.632940292358398,328.8444017599221,341.7747802734375,14.805198669433594,64.12915802001953,5.1122541427612305,True
5.0854291915893555,173.5659637451172,33455.2421875,6.033246994018555,351.2712707519531,507.47625732421875,17.795957565307617,62.46613693237305,3.961730718612671,True
9.545270919799805,212.04638671875,25189.830078125,6.203868865966797,316.56732177734375,498.2669677734375,20.0515193939209,52.901126861572266,4.983903408050537,True
7.024476957257523,182.5339813232422,20049.2421875,8.480467796325684,330.12786865234375,328.7009582519531,12.332287788391113,79.78478240966797,3.6935110092163086,True
6.2462639808654785,163.21803283691406,26408.880859375,6.029670715332031,429.0223083496094,509.9568786621094,23.569644927978516,19.175174713134766,5.044454574584961,True
7.376449108123779,168.75,37191.11328125,4.184943199157715,325.28377564686184,439.3128662109375,15.900984764099121,63.334896087646484,5.767354488372803,True
7.802425861358643,232.67027282714844,14382.90234375,7.626923084259033,336.8148006684694,413.29217529296875,15.495603561401367,42.00208282470703,4.363529682159424,True
8.59676742553711,202.3431854248047,15173.470703125,7.248624801635742,373.6533203125,315.47906494140625,15.008674621582031,76.87966918945312,3.2386929988861084,True
6.436444282531738,192.99566650390625,19579.388671875,7.64087438583374,314.9227294921875,379.67535400390625,12.897048950195312,75.8391342163086,3.415851354598999,True
7.33347749710083,233.7213592529297,16066.5517578125,8.181987762451172,224.21250915527344,401.73931884765625,15.31397819519043,81.8420639038086,4.77266263961792,True
6.144759178161621,210.97975158691406,19981.314453125,9.203614234924316,271.09710693359375,332.5981140136719,17.187963485717773,79.63423919677734,3.082080602645874,True
4.7259979248046875,175.99148559570312,34265.83203125,5.92339563369751,324.8707275390625,441.9451904296875,12.636086463928223,66.1915580295701,3.644606590270996,True
5.393345832824707,172.55026245117188,28099.0390625,5.789668560028076,372.6219482421875,505.5423583984375,17.530704498291016,67.27387237548828,4.633854866027832,True
5.624820232391357,215.8228759765625,9028.7607421875,9.256097793579102,274.29229736328125,340.6484069824219,10.680672645568848,72.4874496459961,4.355489253997803,True
5.7688679695129395,184.39500427246094,31155.98828125,8.392833709716797,356.5527038574219,380.0968017578125,10.430339813232422,100.2316665649414,3.0926263332366943,True
7.1776331146369,195.8746337890625,17749.298828125,7.556750297546387,337.46140071201637,512.4544677734375,15.485275268554688,54.13265609741211,2.7756354808807373,True
5.251353740692139,167.92433166503906,34768.93359375,4.023081302642822,377.14349365234375,315.5361022949219,10.429159164428711,70.5933837890625,4.07225227355957,True
7.688786029815674,209.1856231689453,29568.53515625,9.817336082458496,294.34771728515625,355.6986083984375,13.918768882751465,71.6815414428711,3.918673038482666,True
3.6810762882232666,144.26527404785156,26726.771484375,6.095283031463623,334.24132505895693,564.183837890625,13.651104927062988,92.29910278320312,3.8930704593658447,True
4.89769172668457,169.2357635498047,14676.7158203125,8.318607330322266,342.3468331050135,437.5386962890625,16.219141006469727,81.94780731201172,3.8944642543792725,True
5.842754364013672,202.04476928710938,13969.26171875,6.643918037414551,290.79595947265625,475.1429443359375,18.189838409423828,77.93110656738281,4.490392684936523,True
7.182940156567469,193.41014099121094,14472.3916015625,5.640672206878662,322.6744689941406,431.45733642578125,12.721921920776367,92.75885009765625,4.41481876373291,True
5.03831672668457,170.36045837402344,25866.103515625,7.403749942779541,334.664422169165,350.3910217285156,13.270278930664062,65.33163452148438,3.913695812225342,True
9.961247444152832,220.03819274902344,11939.76953125,8.428753852844238,337.4836120605469,398.6809387207031,14.792585372924805,60.991844177246094,3.2465829849243164,True
7.417502403259277,198.70565795898438,24389.36328125,4.7906813621521,289.33135986328125,366.3707275390625,18.415180206298828,87.99622344970703,3.3912405967712402,True
6.767381947378064,160.3259735107422,37795.76171875,9.15222454071045,390.276611328125,441.9861145019531,16.450990676879883,21.355276107788086,4.441979885101318,True
5.0999321937561035,189.6659393310547,21807.400390625,4.368152141571045,336.46062610719645,334.5122985839844,14.732291221618652,49.985679626464844,5.159301280975342,True
3.6331627368927,179.35057067871094,28584.17578125,5.246381759643555,292.4405212402344,500.86602783203125,8.956401824951172,77.3609848022461,3.349571704864502,True
8.860450744628906,193.74310302734375,24085.111328125,6.183109283447266,330.7652846971845,526.7048950195312,9.901328086853027,81.33934020996094,4.677713394165039,True
10.137931823730469,242.00572204589844,15088.828125,8.677789688110352,332.5289844213662,596.3463745117188,14.971199035644531,62.36582565307617,3.8720180988311768,True
9.9008150100708,199.08375549316406,16233.134765625,8.14664363861084,380.113037109375,345.0198669433594,20.38671875,73.38148498535156,2.3950021266937256,True
10.268430709838867,218.21669006347656,13753.9931640625,7.512608051300049,334.1780700683594,341.6022033691406,15.671563148498535,84.68266296386719,4.304689407348633,True
0.22749905288219452,152.5301055908203,39028.59765625,3.462491989135742,283.69378662109375,443.02923583984375,13.201943397521973,62.32271194458008,3.545741319656372,True
6.017261028289795,206.014404296875,15157.2685546875,7.582123756408691,307.7044677734375,431.781982421875,14.221756935119629,53.319976806640625,4.427712440490723,True
7.11084508895874,213.88633728027344,25043.533203125,6.048437118530273,245.95425415039062,505.73553466796875,16.383140563964844,91.68102264404297,5.712791919708252,True
6.350290298461914,190.3837432861328,14905.3935546875,5.537830352783203,340.0852607246042,446.8406066894531,13.983566284179688,67.81709289550781,4.265233039855957,True
8.129342079162598,211.12330627441406,22982.927734375,6.779005527496338,326.39794921875,367.98876953125,13.910933494567871,55.79535675048828,4.822043418884277,True
10.252816200256348,218.27969360351562,18158.841796875,8.657341957092285,349.5295715332031,336.1988220214844,19.442598342895508,82.85826873779297,4.559836387634277,True
5.462356090545654,187.70953369140625,11642.1494140625,8.439640998840332,341.8534076780374,534.6639404296875,8.129792213439941,74.60371398925781,4.486180305480957,True
9.239439964294434,212.56907653808594,14829.6240234375,7.172920227050781,324.12890625,575.4219970703125,16.581119537353516,66.88526916503906,3.471971035003662,True
7.071314334869385,213.61962890625,20038.796875,7.602252006530762,290.0572204589844,605.3050537109375,8.713963508605957,58.41345977783203,4.293726444244385,True
7.1158952713012695,193.7067413330078,18463.8828125,4.924388885498047,319.05694580078125,369.5340270996094,14.84157943725586,54.43749237060547,3.736020565032959,True
8.238996505737305,199.59454345703125,25046.798828125,9.288020133972168,350.83599853515625,328.3634033203125,18.74323081970215,54.41696548461914,3.089923858642578,True
6.44625186920166,204.25357055664062,11104.2509765625,7.648612976074219,341.7270782130927,418.0412292480469,16.625627517700195,66.54661890495768,4.97695779800415,True
6.161779403686523,202.75697326660156,12229.6474609375,11.523597717285156,324.04803466796875,344.3656921386719,14.68592643737793,47.803192138671875,4.003547191619873,True
6.772156715393066,196.9001007080078,13790.2958984375,9.575053215026855,340.97376956781295,347.58837890625,17.705726623535156,68.37981414794922,3.827255964279175,True
7.061845302581787,211.09169006347656,11300.23828125,8.86635971069336,299.9380798339844,353.51043701171875,16.895753860473633,67.57711029052734,3.9582486152648926,True
4.638250350952148,182.41961669921875,34261.984375,6.197715759277344,307.4584655761719,439.1177062988281,7.760852336883545,66.19651715259285,4.124537944793701,True
7.678966999053955,205.47991943359375,7472.50634765625,7.181868553161621,343.82678181717847,395.23577880859375,7.918150424957275,76.37831115722656,3.7189815044403076,True
8.137713432312012,178.7166290283203,33786.71484375,9.101884841918945,324.46738208539983,481.07354736328125,12.273180961608887,95.90528869628906,2.7438666820526123,True
7.48139762878418,186.07476806640625,13781.7802734375,4.649253845214844,377.3443603515625,323.7728576660156,11.687124252319336,66.2916488647461,4.039976119995117,True
8.082148551940918,185.9324188232422,28407.66015625,7.6054205894470215,381.7618713378906,402.65802001953125,12.830646514892578,86.97972106933594,3.3734846115112305,True
7.040615083711278,210.6273651123047,27983.1796875,5.9472126960754395,327.2293522562087,436.84405517578125,16.127527236938477,64.56404113769531,4.290393352508545,True
7.702183246612549,192.1375274658203,18126.03125,9.154580116271973,364.19122314453125,646.7326049804688,14.376337051391602,90.52753448486328,4.382159233093262,True
6.750761032104492,207.25450134277344,23642.9921875,7.691012382507324,293.7830505371094,446.6969299316406,6.000391006469727,30.900815963745117,2.777726173400879,True
7.094904419085083,219.7060546875,22387.31640625,7.30850076675415,316.9729919433594,327.28955078125,12.78526496887207,80.75786590576172,4.649364948272705,True
6.323942184448242,185.99241638183594,23234.7890625,5.892962455749512,347.23681640625,401.3049011230469,13.26328182220459,60.474029541015625,3.5750105381011963,True
5.403883457183838,199.0166778564453,11571.421875,6.285433769226074,341.7281265677512,377.4307556152344,11.859074592590332,74.01204681396484,3.1899423599243164,True
5.699873447418213,159.43560791015625,31977.37109375,5.249974250793457,330.428905267957,501.74322509765625,8.008011817932129,55.87024688720703,2.4164021015167236,True
7.6942644119262695,184.8363037109375,22673.03515625,5.70106315612793,334.5972313398135,439.6330261230469,8.857705116271973,64.97557067871094,5.707192897796631,True
8.581428527832031,186.60162353515625,20590.712890625,3.924182891845703,366.13189697265625,384.3056945800781,9.999398231506348,66.6939697265625,3.3884482383728027,True
9.888941764831543,220.63882446289062,19892.388671875,7.986456394195557,326.0765686035156,460.81243896484375,14.92917251586914,59.602806091308594,3.7501635551452637,True
3.426450252532959,154.71173095703125,21839.6953125,4.965722560882568,339.84468414668504,437.3771667480469,14.689350128173828,56.49007797241211,5.978054046630859,True
8.370440483093262,231.4425506591797,15063.8154296875,12.279374122619629,334.8995557697194,422.2938232421875,15.027087211608887,67.50300598144531,3.2106354236602783,True
7.2049994662737396,204.85218811035156,13286.15625,9.093843460083008,332.8455505371094,365.6875305175781,8.589895248413086,76.3063735961914,4.268524646759033,True
8.390501022338867,215.29551696777344,27032.142578125,6.553957939147949,282.8594665527344,443.4455871582031,12.8416109085083,46.368221282958984,4.150359153747559,True
7.581944465637207,193.28646850585938,21675.68359375,9.82149887084961,381.9307556152344,414.81097412109375,16.109169006347656,92.60908508300781,4.833345890045166,True
9.850054740905762,208.740234375,35289.23828125,8.350110054016113,337.2097473144531,462.4801940917969,10.105146408081055,50.88600540161133,4.521836280822754,True
5.225683689117432,185.05044555664062,16276.3984375,6.6170973777771,338.61903198251696,394.6348571777344,7.817811489105225,89.0525894165039,3.695746898651123,True
9.663653373718262,233.48727416992188,13213.578125,10.14993667602539,293.07464599609375,326.7778015136719,10.439619064331055,62.45537185668945,4.741944313049316,True
6.879919222885898,158.76295471191406,26210.115234375,4.0887627601623535,334.78952546216186,354.8470458984375,16.006710052490234,85.33805084228516,5.010163307189941,True
7.935607433319092,207.016845703125,19657.84375,8.604504585266113,312.3435974121094,358.8489990234375,21.228126525878906,63.77183151245117,3.6196508407592773,True
8.928142547607422,197.64852905273438,27884.43359375,8.968576431274414,329.58570275698736,317.5326843261719,21.497865676879883,73.0111312866211,4.1111016273498535,True
6.920342922210693,207.8213653564453,16689.798828125,10.031146049499512,286.4138488769531,481.95587158203125,9.771896362304688,78.2950210571289,3.2662134170532227,True
10.538098335266113,200.13983154296875,13867.244140625,7.365015029907227,409.44671630859375,340.808837890625,17.073123931884766,72.73063659667969,3.8230926990509033,True
5.729302883148193,162.8575897216797,34573.6796875,5.654856204986572,415.2870788574219,297.6313781738281,13.99084186553955,76.74467468261719,3.5563948154449463,True
5.335688591003418,178.64012145996094,37993.18359375,9.77252197265625,343.25836181640625,465.0727844238281,14.834257125854492,65.32653045654297,3.921976327896118,True
6.829327489520672,177.1740264892578,38977.33203125,5.477161407470703,402.4993896484375,484.1729431152344,12.3001070022583,61.56947708129883,3.261591672897339,True
6.769834995269775,177.1732635498047,34596.0,2.8660731315612793,369.5329895019531,389.51629638671875,17.26807403564453,64.86860656738281,3.655789613723755,True
6.848329544067383,195.45147705078125,15908.642578125,6.241348743438721,319.26470947265625,404.2048645019531,18.93733787536621,75.39279174804688,3.7322020530700684,True
7.311825946950478,231.15982055664062,12856.728515625,6.977018356323242,344.4477233886719,392.51690673828125,13.217222213745117,80.95645904541016,3.3082942962646484,True
7.012395730907047,205.0887908935547,27064.41796875,7.398378849029541,304.9264831542969,409.5018310546875,18.521791458129883,61.486106872558594,4.599572658538818,True
6.894116351969172,155.8643798828125,28224.7734375,8.36672306060791,392.58258056640625,421.34375,18.778696060180664,52.640594482421875,4.930190086364746,True
8.589201927185059,233.7279815673828,7263.056640625,6.953307628631592,268.9713439941406,258.8802185058594,8.986363410949707,41.93043899536133,4.041445732116699,True
8.473649024963379,182.9971923828125,36412.48828125,6.144665718078613,324.5957112921299,414.30804443359375,14.255355834960938,56.73518753051758,3.487816333770752,True
7.591346263885498,199.2553253173828,25383.765625,7.92461633682251,318.6104736328125,416.44561767578125,20.11882781982422,48.271209716796875,4.51515007019043,True
8.137767791748047,203.8618621826172,24172.703125,6.844017505645752,305.83258056640625,470.8362731933594,19.232961654663086,30.70842170715332,5.003825664520264,True
5.352565765380859,150.49520874023438,27795.732421875,5.464057445526123,445.9383850097656,422.4225158691406,16.14451026916504,78.37484741210938,4.779187202453613,True
7.9980902671813965,241.00027465820312,9609.740234375,9.84234619140625,229.5755615234375,428.8823547363281,14.990567207336426,39.84238052368164,2.626546859741211,True
11.898077964782715,228.13267517089844,8296.55078125,9.899636268615723,346.6497497558594,500.1692199707031,15.486862182617188,63.52946090698242,3.024968385696411,True
7.442536354064941,180.8590850830078,18223.02734375,8.577249526977539,405.32000732421875,564.79345703125,14.768336296081543,57.75755310058594,2.191138505935669,True
5.140800476074219,209.3585662841797,21407.615234375,4.415976047515869,230.5558624267578,378.8971862792969,2.200000047683716,86.73722076416016,4.192257404327393,True
7.30531055822855,242.41342163085938,9783.369140625,6.40015172958374,211.85159301757812,351.9973449707031,10.407257080078125,69.90949249267578,4.6267008781433105,True
6.947915554046631,219.59439086914062,10337.5419921875,10.414780616760254,340.35113224304956,453.1519470214844,14.213798522949219,61.150299072265625,3.685079336166382,True
9.622105598449707,182.90972900390625,30307.216796875,5.657004356384277,422.4456787109375,573.3305053710938,17.699718475341797,45.90678405761719,3.975571870803833,True
5.361211776733398,171.31553649902344,24709.728515625,4.1848907470703125,366.8149719238281,490.65875244140625,15.122672080993652,33.11961364746094,1.8125289678573608,True
4.909519195556641,186.19070434570312,13652.6015625,9.31824779510498,340.2159237337997,460.56671142578125,12.159457206726074,89.83020782470703,3.7855067253112793,True
6.376408576965332,182.12103271484375,33046.7265625,5.35153341293335,362.3521423339844,350.236328125,7.59251594543457,66.22567749023438,5.404045581817627,True
3.9401254653930664,163.17164611816406,25911.322265625,4.138540267944336,371.9671936035156,487.9851989746094,17.751705169677734,63.612403869628906,3.4780046939849854,True
6.916825771331787,210.86044311523438,29263.5546875,6.011610984802246,252.2313232421875,392.36358642578125,12.892210006713867,77.07978057861328,4.5986223220825195,True
9.146557807922363,226.0934295654297,6787.48486328125,9.2417631149292,319.02581787109375,459.56903076171875,14.11047649383545,80.5711441040039,3.2108819484710693,True
10.268414497375488,225.07421875,14694.4208984375,6.722842693328857,300.7637634277344,353.63092041015625,13.553796768188477,64.01294708251953,5.199864387512207,True
8.787668228149414,232.46263122558594,7035.1337890625,9.306448936462402,341.24055203458283,415.6248779296875,12.051416397094727,66.60601633539314,3.489945650100708,True
7.368768692016602,213.197021484375,18452.0234375,8.292445182800293,294.3448486328125,496.2708435058594,10.54509162902832,94.8377456665039,3.8138811588287354,True
9.3527193069458,207.4651641845703,23558.5546875,6.504916191101074,346.51654052734375,420.5946044921875,10.986682891845703,66.34662701396964,3.398264169692993,True
9.393148422241211,215.05136108398438,20592.259765625,10.089537620544434,331.3387451171875,447.074462890625,10.778632164001465,54.42696762084961,4.665680885314941,True
7.296572685241699,197.64695739746094,22535.0859375,9.288199424743652,323.4490661621094,353.0628967285156,6.039669036865234,82.53617095947266,4.679168701171875,True
8.900864601135254,211.3068084716797,9592.1513671875,8.863272666931152,348.43780517578125,333.77532958984375,18.2679500579834,68.33316802978516,4.5187506675720215,True
8.107244491577148,228.17185974121094,18364.83203125,6.185947895050049,246.94261169433594,369.9031982421875,14.613422393798828,101.35152435302734,4.6882710456848145,True
7.80436897277832,216.6738739013672,14160.6865234375,6.06014347076416,281.3559875488281,468.2125244140625,15.147546768188477,62.860626220703125,4.075556755065918,True
4.6661481857299805,171.2886962890625,35680.06640625,4.894373416900635,314.6138610839844,501.9028625488281,14.210624694824219,56.910255432128906,4.556863784790039,True
10.905076026916504,207.0048370361328,16099.15234375,8.186478614807129,369.6838684082031,575.3090209960938,17.5568790435791,80.74984741210938,3.720264434814453,True
4.739548683166504,162.24688720703125,27215.90234375,2.8625354766845703,372.8150634765625,437.21759033203125,15.130476951599121,65.09129333496094,2.9423482418060303,True
9.869232177734375,223.7726593017578,29549.658203125,7.716922760009766,281.1184997558594,356.1819152832031,14.202664375305176,84.01358795166016,4.736849784851074,True
7.10485504449911,182.5822296142578,19575.474609375,10.048382759094238,424.6889953613281,383.490966796875,19.48294448852539,76.63479614257812,4.329204082489014,True
5.827541351318359,191.0049285888672,25863.34375,4.823831558227539,316.0255126953125,370.3572998046875,18.361858367919922,48.65810775756836,3.179128646850586,True
0.989912211894989,133.21693420410156,16922.853515625,9.293288230895996,444.375732421875,322.29119873046875,10.430076599121094,43.57846450805664,5.160604000091553,True
7.319608367377059,235.24058532714844,10443.796875,7.605518817901611,337.86977598948886,319.8429260253906,8.286550521850586,80.54035186767578,3.900508403778076,True
9.485833168029785,218.7382354736328,15357.8330078125,8.53445816040039,315.8313903808594,429.6222229003906,15.621138572692871,64.8260269165039,3.221129894256592,True
6.435722827911377,214.72467041015625,9363.853515625,9.997623443603516,273.463134765625,508.34521484375,12.925869941711426,71.4285888671875,4.925339221954346,True
6.36549711227417,205.05653381347656,7040.73779296875,11.302831649780273,325.32855224609375,371.5796203613281,16.35285758972168,74.31259155273438,5.1254167556762695,True
7.102312692284973,202.47515869140625,23828.20703125,5.531684398651123,409.2862243652344,414.6176452636719,13.797656059265137,59.521663665771484,5.266367435455322,True
5.45221471786499,199.2284698486328,14446.8125,7.68919038772583,298.31842041015625,469.1319580078125,14.0205078125,95.30623626708984,5.190533638000488,True
7.089841557942794,215.96658325195312,21852.4375,7.457514762878418,283.7558288574219,364.7010803222656,11.383210182189941,76.53880310058594,5.076362609863281,True
5.43346643447876,177.82830810546875,31421.732421875,4.584134101867676,347.09735107421875,490.28466796875,16.066438674926758,58.41669845581055,2.8711960315704346,True
7.374775409698486,217.69863891601562,12285.8916015625,10.03824520111084,337.8874988337701,358.9832458496094,16.293716430664062,93.78437805175781,3.5922646522521973,True
6.943565155892999,175.70855712890625,25954.03125,6.2293219566345215,346.2250671386719,379.2906494140625,13.636910438537598,50.59076690673828,2.9513957500457764,False
5.22694206237793,177.31961059570312,28398.5546875,6.294517517089844,336.29290771484375,328.3874206542969,18.46309471130371,62.07590103149414,2.2595503330230713,False
4.59420919418335,185.6328582763672,27981.091796875,6.761682987213135,354.78521728515625,380.7232666015625,13.983833312988281,74.57691192626953,4.917910099029541,False
6.784132957458496,212.4423370361328,12827.62109375,7.403641700744629,338.40436482006214,328.0335693359375,10.861775398254395,89.57703399658203,5.035822868347168,False
6.400256156921387,172.2989959716797,15936.2470703125,4.93599796295166,340.3929443359375,435.4056091308594,11.075621604919434,58.36599349975586,4.561493873596191,False
6.839416027069092,166.86697387695312,28508.638671875,7.238828659057617,331.6691409512551,460.7659912109375,11.378738403320312,73.46513366699219,2.8545265197753906,False
6.9018635749816895,164.72348022460938,20442.615234375,5.163931369781494,341.5370788574219,468.4163513183594,10.362622261047363,65.69487762451172,4.04790735244751,False
7.029465456832136,191.5548095703125,22462.11328125,8.186258316040039,334.14088472596586,349.95452880859375,17.24730682373047,76.7677993774414,5.260301113128662,False
7.888843536376953,228.48838806152344,15824.7890625,8.388944625854492,314.8432922363281,423.6627197265625,17.630361557006836,56.42021179199219,3.630523920059204,False
5.5276336669921875,218.5189208984375,22095.63671875,6.436288356781006,332.17771684055714,412.86761474609375,12.640135765075684,44.32863998413086,4.591136932373047,False
6.492403030395508,234.9145050048828,18607.212890625,8.620697021484375,302.1313171386719,442.1042175292969,14.116823196411133,65.63675689697266,4.383394718170166,False
6.684699535369873,193.84092712402344,34157.18359375,9.876574516296387,344.535400390625,498.0639953613281,8.818756103515625,66.65935516357422,4.0306596755981445,False
7.057540061038484,196.3346710205078,24108.126953125,7.843143463134766,352.6239013671875,428.7705993652344,10.287672996520996,73.44593048095703,5.034682750701904,False
6.223677635192871,238.08421325683594,22423.49609375,9.336773872375488,326.8716033384722,474.66534423828125,14.027766227722168,80.77427673339844,3.9195749759674072,False
4.75864839553833,203.53782653808594,23603.064453125,7.667128562927246,324.0843200683594,288.9124450683594,18.064956665039062,85.91666412353516,4.405508995056152,False
7.44082498550415,183.3627166748047,17259.8515625,4.6102447509765625,335.6264343261719,452.99530029296875,9.700906753540039,80.53706359863281,2.496342658996582,False
8.054885864257812,200.9434814453125,12642.06640625,7.309821605682373,334.44207763671875,446.7484436035156,14.949080467224121,71.20204162597656,3.5140976905822754,False
7.061830997467041,215.94631958007812,24991.765625,9.13839054107666,321.4733581542969,431.4246826171875,12.950444221496582,64.02558898925781,4.299018383026123,False
7.216680946916294,214.73782348632812,12666.0048828125,7.092691421508789,302.49176025390625,319.4230651855469,15.433834075927734,92.69393920898438,5.005878448486328,False
7.611609935760498,222.2522735595703,25063.68359375,8.561123847961426,287.9481201171875,505.2654724121094,18.27375602722168,68.39541625976562,2.8732612133026123,False
4.6914381980896,200.889404296875,32182.26171875,8.571649551391602,364.7467956542969,516.8516235351562,12.404438972473145,85.02622985839844,2.730792284011841,False
8.064169883728027,209.83934020996094,8712.0029296875,8.591509819030762,355.4437255859375,338.84814453125,18.721311569213867,106.2430648803711,3.246077299118042,False
4.292966842651367,212.8086395263672,30434.26953125,8.6303129196167,333.4825439453125,382.92236328125,15.779921531677246,39.7755126953125,2.8049235343933105,False
7.865756988525391,184.9129180908203,16147.001953125,7.321343421936035,338.1245074869561,505.9128723144531,11.092842102050781,88.04898834228516,3.7386183738708496,False
9.085637092590332,238.2219696044922,9001.6591796875,9.820230484008789,325.1048583984375,381.3465881347656,19.19573974609375,98.4908218383789,2.544020175933838,False
6.592442512512207,242.48046875,9381.240234375,7.303183555603027,312.81439208984375,440.60113525390625,14.027297019958496,70.92987823486328,3.0608272552490234,False
7.032818794250488,168.8223876953125,29370.263671875,5.390593528747559,331.42514035803663,521.7808837890625,21.11924934387207,58.876766204833984,3.633373260498047,False
8.990317344665527,195.80902099609375,23728.294921875,7.508305072784424,348.714599609375,551.5404052734375,15.25439167022705,75.90786743164062,4.494544506072998,False
8.561219215393066,205.36683654785156,16686.3125,8.15929889678955,337.5983388049711,347.8409729003906,18.893136978149414,68.0898666381836,2.8138885498046875,False
6.739157676696777,156.48275756835938,30950.681640625,6.543089866638184,363.17962646484375,425.2888488769531,11.653457641601562,70.36705017089844,5.214484214782715,False
7.186307716682009,209.4268341064453,20827.984375,6.591371059417725,313.87469482421875,567.6041259765625,17.954849243164062,40.14015197753906,4.238253116607666,False
6.492627143859863,213.0653839111328,34314.0859375,9.041146278381348,335.29193115234375,313.2547302246094,11.1353120803833,70.82910919189453,3.3787784576416016,False
6.753128528594971,191.98300170898438,18222.931640625,3.920973777770996,296.1966247558594,389.7424621582031,9.689143180847168,92.21961212158203,5.1025166511535645,False
5.039373397827148,142.860595703125,40829.3515625,7.271542549133301,326.76619149156573,386.8030700683594,16.823772430419922,52.29711151123047,4.9574198722839355,False
8.296343803405762,198.19705200195312,17469.0,8.262904167175293,369.5907287597656,294.32513427734375,18.026098251342773,44.06162643432617,5.400810718536377,False
5.455599308013916,152.38673400878906,37620.25,5.7835798263549805,328.9998648800252,343.4176025390625,14.401654243469238,41.10987091064453,4.476348876953125,False
7.918183326721191,224.15200805664062,20012.173828125,9.008726119995117,302.39361572265625,421.89007568359375,22.187849044799805,72.72786712646484,4.764193534851074,False
5.018045902252197,194.6681671142578,27317.099609375,6.155483722686768,329.31352336136763,313.47796630859375,10.407478332519531,85.68527221679688,5.035153865814209,False
6.4954352378845215,252.0109100341797,32775.6328125,8.479302406311035,317.62872432445243,330.0450439453125,9.854011535644531,80.56108093261719,3.390470504760742,False
7.0242478172647,203.0502471923828,28184.900390625,7.076633453369141,344.524169921875,445.7007751464844,19.775367736816406,53.2701530456543,4.456104278564453,False
8.783167839050293,218.0328369140625,16183.5869140625,7.390474319458008,334.05389404296875,389.0216064453125,16.354520797729492,47.100982666015625,4.274137020111084,False
6.926412829835897,184.75070190429688,28499.107421875,6.5500311851501465,330.71954345703125,381.5016174316406,11.044404983520508,62.01482391357422,3.4032695293426514,False
8.159667015075684,215.64822387695312,17068.298828125,8.769621849060059,319.2532043457031,459.5411682128906,14.192543983459473,60.373722076416016,2.9571948051452637,False
7.685396671295166,230.33570861816406,7324.70166015625,7.991366386413574,331.5125427246094,492.85040283203125,14.233951568603516,74.06865692138672,4.179187297821045,False
7.762020587921143,173.63674926757812,15548.4169921875,5.018671035766602,330.3909912109375,520.6407470703125,11.147704124450684,87.48150634765625,3.2563014030456543,False
7.207931041717529,204.01034545898438,18493.873046875,5.557863712310791,311.5682373046875,437.5120544433594,12.994595527648926,31.39044952392578,4.705562114715576,False
6.987041473388672,169.72711181640625,19472.625,5.017698287963867,366.0189208984375,425.67095947265625,17.314682006835938,48.882198333740234,4.475161075592041,False
4.692196369171143,221.5477752685547,24211.630859375,9.363249778747559,307.7139892578125,406.5516662597656,12.61825180053711,60.00314712524414,4.009006023406982,False
7.304673669353958,219.7257080078125,9840.783203125,8.513654708862305,309.8387451171875,396.8056640625,12.428763389587402,71.62549591064453,3.1834354400634766,False
4.059431552886963,200.38307189941406,25770.005859375,8.342129707336426,330.235426554574,414.1578369140625,11.084834098815918,66.31719815281706,4.330321788787842,False
8.389945983886719,213.66567993164062,17674.70703125,8.348814964294434,334.67261986610504,471.369873046875,19.30124855041504,70.82951354980469,3.5697174072265625,False
10.69553279876709,220.45108032226562,10571.7705078125,6.521422386169434,295.9761047363281,414.2560729980469,14.774800300598145,58.735931396484375,4.154845237731934,False
6.791697025299072,175.89434814453125,21467.951171875,7.101223945617676,349.4921875,427.23974609375,12.55698299407959,55.253910064697266,2.8173913955688477,False
9.953951835632324,232.94900512695312,3773.28125,9.979849815368652,343.6598237070379,339.8830261230469,18.343589782714844,82.44900512695312,4.052905082702637,False
7.30736691296545,218.9864044189453,9836.4013671875,7.064672470092773,328.72430419921875,386.3452453613281,15.54796314239502,57.32811737060547,3.837256669998169,False
4.489783763885498,188.25193786621094,14906.0478515625,8.486030578613281,374.2269287109375,518.5852661132812,11.226577758789062,65.1827621459961,3.7762255668640137,False
8.020869255065918,175.87367248535156,21759.36328125,7.487277984619141,352.9831237792969,428.66094970703125,4.966861724853516,72.30522155761719,3.4421212673187256,False
5.090035438537598,174.266357421875,34094.05859375,6.741909503936768,376.6636047363281,526.361083984375,17.107563018798828,48.54625701904297,4.838862419128418,False
6.466874599456787,214.33726501464844,14848.1298828125,7.054937839508057,304.5732421875,304.95635986328125,12.180826187133789,66.4932174232248,3.4081687927246094,False
6.70249605178833,208.5537872314453,29057.228515625,7.029490947723389,302.7449645996094,361.94775390625,10.614582061767578,53.879737854003906,4.267952919006348,False
5.766204357147217,179.57264709472656,27700.12109375,6.19893741607666,329.18572945390144,536.2686767578125,12.828121185302734,90.00676727294922,4.472018241882324,False
6.571099281311035,207.74102783203125,23372.8828125,6.280195236206055,313.84698486328125,497.9023132324219,12.874805450439453,75.41670989990234,4.5559492111206055,False
8.509220123291016,200.30435180664062,10587.3046875,6.392545223236084,307.3989562988281,585.22265625,11.798990249633789,63.82756805419922,2.5198915004730225,False
5.953981876373291,186.4570770263672,32241.080078125,8.439681053161621,347.7131652832031,416.09100341796875,14.63892650604248,68.90775299072266,4.071916580200195,False
5.403196334838867,185.64352416992188,27509.892578125,8.257587432861328,329.638332901946,587.378662109375,10.024039268493652,63.397499084472656,3.8714630603790283,False
5.596930027008057,162.72467041015625,23930.375,7.45655632019043,336.67454898149913,535.3395385742188,19.17473793029785,54.96631622314453,3.5067646503448486,False
10.632909774780273,198.3780059814453,12958.748046875,7.135496616363525,322.6232604980469,522.0278930664062,16.72219467163086,71.77601623535156,3.722454786300659,False
4.916819095611572,162.456787109375,22829.123046875,4.024455547332764,360.5904541015625,541.7723388671875,11.580141067504883,66.36368486500191,3.836703300476074,False
7.183095932006836,200.3681640625,13501.677734375,7.9820966720581055,358.33184814453125,617.5408935546875,11.17654800415039,71.53683471679688,3.806539535522461,False
5.923441410064697,167.65859985351562,25951.5546875,6.296103000640869,350.3819885253906,471.8575134277344,15.770463943481445,53.32181167602539,4.107363700866699,False
7.3770365715026855,175.00827026367188,15340.9521484375,6.144845008850098,371.0105285644531,579.4618530273438,11.915740013122559,78.17916870117188,4.53165864944458,False
7.83349609375,220.95742797851562,28338.982421875,9.370848655700684,316.2744140625,462.1424255371094,15.33300495147705,57.03352355957031,5.580830097198486,False
4.745764255523682,186.30313110351562,33153.8125,8.840473175048828,370.1678466796875,296.964111328125,14.784313201904297,48.45137405395508,3.699146270751953,False
9.055826187133789,196.4759063720703,20226.287109375,5.838594436645508,298.8035583496094,342.3594055175781,12.813633918762207,84.27922058105469,5.456912994384766,False
5.492156028747559,176.2714080810547,26422.09765625,8.072933197021484,366.644775390625,500.93878173828125,7.609797954559326,59.396785736083984,3.2941293716430664,False
4.487517356872559,199.05140686035156,36860.46875,9.751561164855957,338.0494384765625,390.56695556640625,8.123470306396484,75.66878509521484,2.7657222747802734,False
7.027185440063477,185.32069396972656,30988.97265625,8.60047721862793,327.4626770019531,326.2690734863281,9.982009887695312,52.71658706665039,5.353043556213379,False
10.200644493103027,182.08059692382812,8016.203125,5.567500591278076,337.7815856933594,291.60028076171875,13.469923973083496,50.5673713684082,5.17471981048584,False
6.7842793464660645,140.36671447753906,17569.580078125,4.084932327270508,343.16779675714906,374.1818542480469,10.63422966003418,97.0870590209961,4.045547008514404,False
8.080414772033691,166.89169311523438,18136.12890625,6.867552757263184,340.22312818023744,600.9371948242188,16.307790756225586,55.586143493652344,4.070824146270752,False
7.186358480063576,191.3482666015625,14017.3720703125,6.4907002449035645,345.56048583984375,423.9783935546875,11.863247871398926,65.79168701171875,4.167336463928223,False
7.34497594833374,182.30694580078125,5689.80419921875,6.764349937438965,373.8727722167969,360.1844787597656,20.483901977539062,73.48898315429688,3.4187631607055664,False
5.923739910125732,200.56121826171875,33306.01171875,7.430037498474121,324.498049146794,399.9483337402344,13.797869682312012,63.463409423828125,3.88446044921875,False
8.285395622253418,196.55206298828125,19096.822265625,7.3578572273254395,342.9368896484375,388.941162109375,14.151473045349121,73.18701171875,5.438488006591797,False
5.94951868057251,160.442626953125,16898.80859375,6.0459065437316895,367.32855224609375,451.0127868652344,16.35995101928711,62.36823272705078,4.072197437286377,False
6.922025625174996,192.20216369628906,34160.92578125,8.963155746459961,363.4728088378906,474.78173828125,15.90527057647705,50.80782699584961,2.998335361480713,False
6.990050796263034,215.9971160888672,35971.0234375,10.030508041381836,330.8589172363281,558.1085205078125,14.337804794311523,81.769775390625,2.9341371059417725,False
5.296578884124756,220.08082580566406,39537.0859375,9.232766151428223,322.43359375,393.38861083984375,10.583335876464844,58.80146789550781,3.9184699058532715,False
10.282068252563477,198.54635620117188,8108.29736328125,5.548407077789307,332.0179443359375,568.0789794921875,15.66169261932373,28.770618438720703,4.572923183441162,False
7.016836166381836,167.3621826171875,18014.99609375,5.903058052062988,362.5234069824219,471.4844055175781,10.692587852478027,45.00201416015625,4.10139799118042,False
6.871607303619385,197.51708984375,19557.994140625,8.311348915100098,355.0872497558594,379.50775146484375,18.240711212158203,65.69422912597656,4.180389404296875,False
7.349004561356914,214.17233276367188,8985.912109375,7.297972679138184,343.0130777047609,498.8039245605469,9.58332347869873,37.616485595703125,5.504749298095703,False
8.274068832397461,195.80332946777344,18091.203125,7.422104358673096,365.4072265625,369.1983337402344,16.99633026123047,66.42631784468936,2.575423002243042,False
8.238879203796387,198.21340942382812,11451.3125,5.308989524841309,309.3294372558594,401.0637512207031,13.243329048156738,81.19770812988281,2.784712791442871,False
5.791154384613037,190.4316864013672,20288.236328125,6.298365592956543,347.041015625,544.8574829101562,17.706838607788086,84.38819122314453,4.104835033416748,False
6.153368949890137,237.13983154296875,22052.03515625,8.090494155883789,306.2391662597656,485.0984802246094,17.07526206970215,58.10825729370117,4.030337333679199,False
7.303051948547363,196.952880859375,22053.009765625,5.392693042755127,305.2215576171875,451.6059265136719,14.665560722351074,71.71077728271484,4.144869804382324,False
7.592672348022461,177.08084106445312,14912.2255859375,6.041143894195557,349.2406005859375,355.2844543457031,17.16196632385254,42.115257263183594,3.3414266109466553,False
6.784116268157959,189.6083526611328,12736.865234375,5.935771942138672,341.40397555210365,480.30859375,20.606409072875977,76.62149047851562,4.072186470031738,False
5.606856346130371,211.51309204101562,32423.462890625,6.812943458557129,324.32201954635525,446.38641357421875,20.926950454711914,52.21897888183594,4.0709662437438965,False
6.928470661637222,223.443115234375,36290.74609375,9.380013465881348,333.4451904296875,373.920166015625,16.520496368408203,64.69669342041016,3.817779064178467,False
4.9220452308654785,197.28720092773438,38494.71875,9.144953727722168,383.2391357421875,357.470703125,13.125941276550293,61.86457824707031,2.2916946411132812,False
5.700785160064697,185.9222412109375,27365.10546875,7.563100337982178,331.9411898754755,359.5065612792969,15.08944034576416,56.46343231201172,3.9781413078308105,False
7.056711312192585,215.57846069335938,25338.619140625,5.787190914154053,266.1099853515625,429.35028076171875,11.854460716247559,71.16535186767578,3.134000062942505,False
10.678056716918945,168.69577026367188,7066.376953125,4.866092205047607,351.4435587934406,327.65863037109375,16.296688079833984,46.672481536865234,4.308257102966309,False
7.602121353149414,199.35316467285156,11346.1435546875,6.900379657745361,304.96649169921875,210.31918334960938,17.925783157348633,62.84667205810547,3.6988747119903564,False
8.846282005310059,188.4149932861328,17734.94921875,6.057867527008057,317.1505432128906,419.39556884765625,17.115446090698242,60.25157928466797,2.9250376224517822,False
6.7516984939575195,203.40045166015625,26325.818359375,8.365469932556152,341.8956298828125,381.4403991699219,19.527318954467773,58.2939453125,3.7560067176818848,False
7.050777833939442,148.10313415527344,13597.896484375,5.733148097991943,374.018310546875,357.7110595703125,13.27889633178711,72.69549560546875,3.6195905208587646,False
7.224832154181227,202.07986450195312,12519.0908203125,7.627523899078369,340.88461622399797,399.8833923339844,12.74821662902832,66.52434419165013,4.439215183258057,False
5.088212966918945,159.96261596679688,39125.2109375,6.055622577667236,375.6191711425781,400.15533447265625,20.189599990844727,68.68869018554688,2.600618600845337,False
6.954907417297363,159.7664031982422,21895.28515625,4.493900299072266,337.2671813964844,482.5982666015625,10.663491249084473,78.76358795166016,3.16971492767334,False
8.983811378479004,204.6485137939453,15158.7216796875,8.645881652832031,338.24522624479556,416.899169921875,14.618766784667969,68.90294647216797,2.4456734657287598,False
9.519659996032715,204.08094787597656,17258.1875,6.1540727615356445,310.71630859375,395.69854736328125,17.061389923095703,44.273380279541016,3.994556188583374,False
4.700392723083496,195.35281372070312,35216.53515625,7.919083118438721,335.2793884277344,539.4646606445312,9.852785110473633,64.72132873535156,3.4819436073303223,False
10.386133193969727,200.8911895751953,17982.38671875,5.84550142288208,338.999267578125,336.2796936035156,14.319411277770996,62.15668487548828,4.921340465545654,False
5.7465291023254395,183.47178649902344,35633.26953125,6.0663862228393555,327.557861328125,354.1744384765625,12.548871040344238,70.52597045898438,3.8083720207214355,False
7.189301201687017,192.9703826904297,11125.443359375,4.954923152923584,324.7581787109375,332.956298828125,15.164573669433594,79.26457214355469,4.699120998382568,False
7.195957518688021,248.95465087890625,25253.078125,8.921732902526855,296.821044921875,482.8469543457031,14.142251014709473,69.10401153564453,3.9410738945007324,False
10.81128978729248,209.10304260253906,11848.228515625,10.141059875488281,349.9232177734375,393.1864318847656,15.474876403808594,66.03031921386719,4.4161834716796875,False
8.966835975646973,228.6913604736328,16764.85546875,7.137871265411377,320.5559997558594,456.4264831542969,12.599998474121094,77.33013916015625,3.654355049133301,False
7.3077542030008305,212.44996643066406,5699.5048828125,6.6478400230407715,333.052490234375,269.3446350097656,18.082490921020508,89.81605529785156,2.2763919830322266,False
6.8488054275512695,204.81271362304688,20555.55859375,9.775004386901855,387.6864013671875,389.6382141113281,12.298752784729004,49.45204544067383,3.13004469871521,False
8.861701965332031,200.6123046875,15247.1279296875,6.050225257873535,313.1270751953125,521.7741088867188,13.780426979064941,69.8704833984375,3.5791072845458984,False
4.252985000610352,149.93865966796875,20497.822265625,3.271143913269043,302.81982421875,427.11376953125,16.086950302124023,68.20087432861328,3.5883004665374756,False
6.729829788208008,229.4077911376953,23114.03125,9.733356475830078,321.16046142578125,521.8355102539062,13.140447616577148,68.25206756591797,4.7243218421936035,False
5.9245405197143555,186.6200714111328,44376.1875,6.614180564880371,341.6377868652344,273.44683837890625,12.758115768432617,59.45669174194336,4.224342346191406,False
6.783888339996338,193.65357971191406,13677.1064453125,5.171453475952148,323.7286682128906,477.85467529296875,15.056063652038574,66.51301793737474,3.2500221729278564,False
7.390896797180176,219.3359832763672,25574.091796875,8.7604341506958,327.49505916472003,553.0576782226562,17.730371475219727,60.59843063354492,4.325131416320801,False
6.470151901245117,176.7363739013672,30594.28125,4.3931379318237305,324.65924072265625,524.9097900390625,16.614248275756836,84.2997055053711,3.1253910064697266,False
6.930391311645508,190.18939208984375,25780.05859375,6.259352684020996,331.0302429199219,481.737548828125,14.049482345581055,70.58635711669922,3.699795961380005,False
9.302441596984863,236.58079528808594,5230.63037109375,8.300402641296387,345.3456884534779,367.8975524902344,12.863992691040039,18.10122299194336,3.67598557472229,False
7.421997547149658,220.38531494140625,15772.6533203125,9.157615661621094,319.9129333496094,463.2969055175781,16.981660842895508,80.26935577392578,3.603609561920166,False
6.583065032958984,163.36160278320312,17977.693359375,6.542088031768799,343.1017963034046,383.12451171875,18.09454345703125,44.13646697998047,3.7728586196899414,False
6.2044291496276855,211.64096069335938,35439.6875,6.2368364334106445,314.1313171386719,552.4627685546875,8.660869598388672,56.35009765625,4.106807708740234,False
9.066628456115723,203.38412475585938,22710.458984375,5.962836742401123,321.5859375,496.16143798828125,18.36762046813965,76.41651153564453,4.055421352386475,False
4.713116645812988,209.34205627441406,20070.568359375,6.591108798980713,301.9655456542969,354.1701965332031,14.023834228515625,89.65078735351562,3.923356056213379,False
10.581385612487793,213.7764434814453,11298.4501953125,7.66889762878418,300.18463134765625,497.16912841796875,17.971294403076172,83.34530639648438,2.9669456481933594,False
7.57426118850708,227.9846649169922,8672.52734375,7.335361957550049,341.0020053163495,433.6795349121094,11.238913536071777,54.86589050292969,3.6867589950561523,False
6.138785362243652,158.42213439941406,20129.978515625,6.812142848968506,352.2299499511719,373.8436279296875,13.417813301086426,80.73109436035156,4.6772894859313965,False
5.276323318481445,186.38258361816406,42063.875,6.862987995147705,319.8379821777344,312.0025329589844,18.964418411254883,71.39897918701172,3.883028984069824,False
6.77687931060791,189.43881225585938,19663.791015625,8.38640308380127,375.45733642578125,420.3573913574219,14.831560134887695,61.050418853759766,3.3220651149749756,False
7.239416122436523,211.87283325195312,13911.826171875,8.204071044921875,345.0439758300781,494.4169006347656,15.416475296020508,32.74561309814453,4.531825065612793,False
6.552278995513916,190.5476837158203,15362.4521484375,6.928597450256348,356.3179626464844,353.06365966796875,14.896210670471191,66.4726174540122,3.443385124206543,False
8.40876579284668,210.79541015625,27662.396484375,6.634210109710693,291.6876525878906,555.5809936523438,12.344834327697754,67.06182098388672,2.3727915287017822,False
7.986398696899414,202.09393310546875,20447.490234375,5.689518451690674,335.2103679073893,477.6688232421875,12.258395195007324,43.84169006347656,4.814779281616211,False
7.366915225982666,185.04359436035156,14151.759765625,5.58436918258667,324.5704650878906,336.9568786621094,15.23382568359375,49.997032165527344,3.051316499710083,False
6.062738418579102,224.8411865234375,25842.58203125,9.463390350341797,326.1868285952714,385.3916320800781,13.074749946594238,85.35121154785156,4.369454860687256,False
7.856471061706543,204.78343200683594,5619.1357421875,5.8167033195495605,343.54541015625,432.0431213378906,14.947720527648926,55.961612701416016,4.53468132019043,False
5.158396244049072,189.29579162597656,35086.3984375,6.736117839813232,340.871826171875,331.58673095703125,12.909797668457031,61.34466552734375,4.645852565765381,False
7.1449329514042095,197.57073974609375,17439.443359375,6.226491451263428,337.434502129119,406.0148010253906,16.690265655517578,68.9690170288086,3.458319902420044,False
6.399080276489258,230.02793884277344,23037.076171875,10.517848014831543,316.07257080078125,452.9744873046875,13.625533103942871,66.36244973225071,2.6205379962921143,False
7.394255638122559,207.96304321289062,29917.8203125,7.8162946701049805,325.37280838235307,392.4966735839844,13.173426628112793,79.78044128417969,4.263192653656006,False
4.443850994110107,240.16790771484375,24070.263671875,9.768406867980957,338.05242919921875,533.9686279296875,11.877581596374512,69.0365219116211,5.038118839263916,False
8.247148513793945,175.91183471679688,9913.962890625,4.97450590133667,324.4333190917969,302.20050048828125,11.070511817932129,71.43816375732422,3.941969156265259,False
4.902159214019775,214.6437530517578,28278.7890625,9.915647506713867,337.1375427246094,375.036376953125,15.503144264221191,61.59103775024414,3.4990484714508057,False
6.863136291503906,194.58665466308594,23610.517578125,8.193415641784668,346.76806640625,439.2296142578125,14.659740447998047,89.0271987915039,4.319777011871338,False
6.669532299041748,190.75115966796875,16246.1728515625,6.3729753494262695,324.3418884277344,383.2458190917969,7.852085590362549,86.44055938720703,1.9648630619049072,False
7.595669746398926,207.11546325683594,13486.142578125,6.192662715911865,328.2095642089844,452.44573974609375,14.810630798339844,88.0203628540039,3.403393268585205,False
8.163076400756836,183.16184997558594,20335.67578125,6.02855920791626,333.0844421386719,475.2964782714844,18.248098373413086,49.60484313964844,3.2872440814971924,False
8.870278358459473,193.3699493408203,16854.12890625,5.180105686187744,318.3546142578125,355.4709167480469,19.03221893310547,58.809200286865234,4.182740688323975,False
8.769676208496094,215.36874389648438,13969.4384765625,7.548543453216553,322.799072265625,369.01666259765625,18.919187545776367,54.75521469116211,3.7767183780670166,False
4.737391471862793,215.52951049804688,30684.2109375,8.781904220581055,325.234397358158,313.51348876953125,11.07028865814209,62.91442108154297,3.8533880710601807,False
7.79087495803833,196.4787139892578,24061.349609375,6.785685062408447,350.11724853515625,471.5185241699219,15.343316078186035,44.54462814331055,3.07621431350708,False
7.106500607086912,238.4095916748047,26493.076171875,8.669943809509277,311.5536804199219,369.28387451171875,11.759930610656738,91.23929595947266,3.241267204284668,False
6.087306022644043,214.55609130859375,11628.3369140625,7.231926918029785,338.5254367373994,344.072021484375,13.232307434082031,98.6866226196289,3.6666717529296875,False
7.651294231414795,200.71705627441406,11699.1337890625,6.64827299118042,349.25543212890625,420.828369140625,18.86381721496582,52.908851623535156,3.2580416202545166,False
4.771490573883057,200.3740692138672,48002.0859375,9.165239334106445,340.3101806640625,310.9278259277344,18.768327713012695,63.664154052734375,3.9369726181030273,False
7.012913922584262,190.63063049316406,26913.373046875,4.649166584014893,302.41754150390625,509.2848815917969,16.19894790649414,64.1019515991211,3.452821969985962,False
5.392057418823242,198.0171661376953,19900.408203125,7.843225479125977,348.9519348144531,419.81396484375,14.616509437561035,80.56825256347656,2.9789254665374756,False
5.477283000946045,165.43609619140625,29046.083984375,5.523010730743408,370.8930969238281,488.77459716796875,17.265186309814453,80.23479461669922,6.357438564300537,False
6.3641557693481445,193.50689697265625,22958.009765625,6.67463493347168,333.55012676124886,432.1943664550781,16.271825790405273,64.57685089111328,4.764411926269531,False
6.954037764069553,226.76564025878906,39942.953125,8.594714164733887,314.57724624427703,538.621826171875,13.744749069213867,66.09408672933723,4.863377571105957,False
8.347949028015137,231.20309448242188,13533.23046875,7.623603820800781,313.671142578125,527.380859375,18.66390037536621,58.0528678894043,4.217861652374268,False
6.615981578826904,194.9806365966797,20919.05078125,6.136369705200195,336.4957199693682,383.1220703125,9.68437671661377,41.33777618408203,4.635709285736084,False
8.312379837036133,203.7445526123047,8727.2470703125,7.456302165985107,341.91789800275166,543.3930053710938,15.4704008102417,81.50868225097656,2.9880928993225098,False
6.8362250328063965,166.7429656982422,24293.171875,6.86123514175415,332.881591796875,390.8049621582031,16.006990432739258,87.10192108154297,3.6666135787963867,False
6.385470867156982,231.48846435546875,26756.91796875,8.774356842041016,325.1282872068159,422.06768798828125,16.5631160736084,73.2606430053711,4.681716442108154,False
6.490036964416504,205.54151916503906,19397.32421875,7.89424467086792,368.5610656738281,479.78619384765625,15.805085182189941,56.98202133178711,2.4308834075927734,False
7.159808436815976,236.3569793701172,24873.623046875,9.41065788269043,300.68841552734375,479.0560302734375,13.521923065185547,46.59886932373047,5.284233093261719,False
6.648849010467529,181.68812561035156,30733.50390625,5.961272239685059,343.92523193359375,257.7041931152344,17.75844383239746,35.296180725097656,4.8275275230407715,False
7.203468772396647,210.97975158691406,21174.408203125,7.618884563446045,330.1808312022894,572.743408203125,15.110848426818848,90.25245666503906,4.217553615570068,False
9.323583602905273,212.71066284179688,15751.17578125,5.501070022583008,296.8485107421875,399.7737121582031,10.622265815734863,74.55428314208984,3.00665020942688,False
4.581968784332275,186.09791564941406,33897.06640625,6.358402252197266,316.55279541015625,406.38238525390625,19.699848175048828,62.32330322265625,4.500207424163818,False
7.8848419189453125,229.24266052246094,21733.828125,7.90308141708374,315.1899719238281,368.7709045410156,11.635398864746094,49.8043212890625,4.631640911102295,False
6.1688385009765625,238.30104064941406,24827.517578125,7.720010757446289,269.49017333984375,482.67333984375,22.091989517211914,79.16928100585938,4.435760021209717,False
7.2308454513549805,177.57479858398438,17864.689453125,5.8182291984558105,343.59332275390625,367.69000244140625,19.91295051574707,59.30305480957031,5.622017860412598,False
7.501277497937768,235.0045928955078,3900.913818359375,6.938729763031006,286.7651062011719,553.4940185546875,19.418012619018555,84.84774017333984,4.071343898773193,False
8.69310474395752,184.77281188964844,13283.7783203125,6.521814823150635,348.5547790527344,560.9658813476562,13.978347778320312,71.73384857177734,2.8982231616973877,False
6.851415847788603,194.80609130859375,32981.23828125,9.55478572845459,325.7562820521483,286.79443359375,10.415888786315918,71.90514373779297,3.231679677963257,False
4.797460079193115,190.31512451171875,21280.24609375,6.188502788543701,326.794189453125,357.4361877441406,11.713821411132812,63.863067626953125,4.0385026931762695,False
9.31917667388916,199.3335723876953,14294.240234375,7.784940242767334,366.0517578125,338.4414367675781,15.215292930603027,63.3914680480957,4.129230499267578,False
7.5816874504089355,180.7491455078125,11989.24609375,4.977306842803955,328.1769714355469,617.8834838867188,13.56125259399414,39.21591567993164,4.457282543182373,False
5.3482136726379395,232.6685028076172,11797.9208984375,7.816284656524658,312.98675537109375,371.91064453125,11.975680351257324,65.7970199584961,3.3111681938171387,False
5.4878764152526855,179.2069854736328,20162.01953125,5.211430549621582,305.2641296386719,510.609375,12.588475227355957,58.86155700683594,4.223576545715332,False
6.84663361913885,206.57785034179688,40710.5234375,8.813666343688965,320.4493408203125,468.0517272949219,14.523499488830566,71.45044708251953,5.4861321449279785,False
8.315958976745605,221.2702178955078,16123.3046875,9.475801467895508,348.1773376464844,501.6739807128906,22.159748077392578,75.36497497558594,2.7602126598358154,False
8.551077842712402,216.4159393310547,28909.291015625,6.936782360076904,295.22369384765625,510.8949890136719,16.20237159729004,79.85932159423828,4.046379566192627,False
6.0131611824035645,218.84326171875,21573.748046875,9.295851707458496,321.1683044433594,444.2766418457031,14.74434757232666,62.4432373046875,3.455622434616089,False
5.744067668914795,173.8508758544922,28391.998046875,7.017330169677734,355.4615783691406,336.0617980957031,16.895179748535156,65.4473648071289,3.1716551780700684,False
5.218989849090576,164.79098510742188,27007.88671875,6.592516899108887,333.46919207836237,422.22381591796875,14.070878982543945,73.92031860351562,4.383942604064941,False
7.163456077060679,240.42979431152344,25959.61328125,10.571596145629883,323.9459800486136,446.74298095703125,13.573471069335938,80.26837158203125,3.35835337638855,False
7.458707809448242,207.7865753173828,10513.296875,8.920633316040039,342.970084222027,442.3681335449219,18.72530174255371,43.89808654785156,2.938082456588745,False
11.02787971496582,228.3227996826172,13124.10546875,7.516643047332764,319.3540344238281,376.2319030761719,8.033858299255371,48.52903747558594,4.178897857666016,False
6.729580402374268,242.1641387939453,17975.552734375,9.808650970458984,322.235107421875,440.85943603515625,13.571222305297852,62.17947769165039,4.003458023071289,False
4.150214195251465,174.92674255371094,41489.640625,5.569868564605713,319.6318640493683,425.25006103515625,12.534008979797363,86.68363189697266,3.502370834350586,False
7.159398078918457,171.81610107421875,28954.80078125,5.8170905113220215,357.3287658691406,530.5264282226562,18.117042541503906,79.09443664550781,3.2549264430999756,False
7.322275385451519,235.41744995117188,13927.0029296875,8.551446914672852,335.9800015461055,446.42236328125,14.134953498840332,51.70521545410156,3.6626482009887695,False
6.209697246551514,169.31851196289062,22610.76953125,4.87541389465332,327.37994384765625,549.2767333984375,17.015117645263672,51.50550842285156,3.8937668800354004,False
7.180940764958348,178.7777099609375,10490.8388671875,7.533041954040527,354.0576477050781,367.7586975097656,14.668950080871582,57.401466369628906,4.126407623291016,False
9.60853385925293,231.34022521972656,4544.841796875,6.577834129333496,300.9223327636719,328.90447998046875,11.789619445800781,78.56818389892578,3.0427968502044678,False
5.375895977020264,153.71287536621094,56867.859375,7.8940863609313965,311.26394122881084,493.8884582519531,15.116023063659668,57.71299362182617,4.174219608306885,False
8.697122573852539,166.45277404785156,27752.0,5.350923538208008,372.26409912109375,393.5557861328125,13.74866771697998,75.02454376220703,4.180567741394043,False
7.748928546905518,198.8430938720703,18939.9375,7.375883102416992,316.82025146484375,368.4028625488281,9.984033584594727,65.25154876708984,3.1369450092315674,False
7.117917537689209,216.11631774902344,20067.572265625,9.605650901794434,349.0849609375,331.9716491699219,17.53912925720215,84.0328598022461,4.213567733764648,False
8.310029029846191,212.69827270507812,40936.15234375,7.703374862670898,301.2544250488281,365.43121337890625,12.971868515014648,70.4852523803711,4.775784969329834,False
5.524296760559082,157.14242553710938,26220.173828125,6.344585418701172,379.78839111328125,475.34228515625,16.903181076049805,51.10661315917969,4.033390998840332,False
10.201425552368164,190.799072265625,8918.892578125,4.899874687194824,306.495361328125,331.3789367675781,18.525434494018555,68.54744720458984,3.964449644088745,False
5.368125915527344,190.93797302246094,32619.3125,8.098838806152344,351.3581237792969,435.6664733886719,11.983634948730469,107.90084075927734,2.0041425228118896,False
8.9378023147583,147.91688537597656,10562.4609375,3.69427490234375,371.1763000488281,480.3202209472656,16.980754852294922,61.15804672241211,2.8312344551086426,False
8.124207496643066,207.509521484375,26489.115234375,8.540837287902832,318.05963134765625,431.62567138671875,10.07559871673584,63.98422622680664,4.724456787109375,False
7.184973239898682,201.0792236328125,25234.427734375,5.216684341430664,283.7445983886719,384.0115661621094,12.42753791809082,23.136611938476562,3.6654107570648193,False
5.4994893074035645,230.30877685546875,13902.96875,9.619574546813965,352.0843200683594,442.1669921875,14.740787506103516,66.49310464734666,5.846827030181885,False
7.3927503599335305,256.6734619140625,8904.7998046875,9.711380004882812,293.1111145019531,324.9978332519531,16.84844398498535,72.68768310546875,3.3716800212860107,False
5.319768905639648,204.2020721435547,22390.794921875,8.053559303283691,315.0274963378906,399.1190185546875,13.974084854125977,83.15799713134766,2.925732135772705,False
6.36911153793335,235.3409423828125,34456.80078125,9.170940399169922,295.35052490234375,357.41729736328125,9.21326732635498,59.280269622802734,2.2759034633636475,False
6.733493804931641,197.5626678466797,27430.44140625,6.0350871086120605,303.93768310546875,397.68499755859375,19.394025802612305,54.51072692871094,3.1780035495758057,False
6.8830156326293945,210.50221252441406,14298.41015625,7.243682861328125,316.7538757324219,570.4242553710938,15.958333969116211,70.61582946777344,4.102291584014893,False
8.013516426086426,225.1564483642578,20375.66796875,7.837397575378418,308.5948181152344,382.0142517089844,12.666016578674316,78.76705169677734,4.4449005126953125,False
8.272054672241211,204.22532653808594,24196.5234375,8.448405265808105,332.890380859375,500.68487548828125,15.157407760620117,71.02274322509766,5.140207767486572,False
8.746986389160156,148.3937225341797,22174.78125,5.459171772003174,369.369873046875,407.3808288574219,15.892078399658203,72.16401672363281,4.763730525970459,False
8.154840469360352,202.3173370361328,25620.771484375,7.651668548583984,367.22430419921875,597.8700561523438,11.802846908569336,72.38475799560547,3.6963276863098145,False
9.045720100402832,222.18417358398438,22829.111328125,7.609833240509033,293.0624694824219,558.7478637695312,15.357583045959473,44.55526351928711,4.213700294494629,False
8.922410011291504,207.52072143554688,13291.9228515625,8.560537338256836,357.9443359375,468.538330078125,15.69273853302002,107.2823257446289,4.081727981567383,False
5.961301803588867,182.10899353027344,23926.078125,6.188790321350098,364.9754943847656,567.5261840820312,7.791637897491455,58.17482376098633,4.919585227966309,False
7.1911269752363545,205.43898010253906,20113.8984375,7.2483744621276855,317.28021240234375,558.953857421875,23.952449798583984,68.24220275878906,3.651864767074585,False
8.184410095214844,166.6365509033203,17944.8515625,4.038955211639404,331.9541931152344,363.2357482910156,12.53583812713623,56.31059265136719,4.599081993103027,False
7.636454105377197,238.9360809326172,18136.26171875,11.086525917053223,351.5588073730469,514.9640502929688,8.63746166229248,55.603511810302734,3.332906484603882,False
7.77538537979126,193.07716369628906,15704.482421875,7.881197452545166,324.3362121582031,301.75347900390625,13.378165245056152,89.05195617675781,3.309471607208252,False
7.6171488761901855,196.60694885253906,27080.26953125,7.382754802703857,345.1799011230469,329.0166320800781,8.547283172607422,60.14470291137695,2.391540050506592,False
6.6649346351623535,218.77000427246094,16477.3515625,7.325000762939453,299.8465270996094,412.30859375,17.192686080932617,41.035789489746094,4.502138137817383,False
6.888738827441931,182.16188049316406,30646.814453125,6.325161457061768,294.9660949707031,404.1201477050781,14.712285041809082,106.37171936035156,3.8557729721069336,False
8.81535816192627,208.33108520507812,26780.69140625,7.22396183013916,329.11968994140625,430.4068908691406,7.151750564575195,88.41329956054688,2.875880241394043,False
7.7656354904174805,173.18556213378906,13736.341796875,6.98410177230835,359.8136901855469,355.9980163574219,11.51512336730957,39.55047607421875,3.214449644088745,False
6.225152015686035,169.7411651611328,29533.609375,5.574917316436768,331.12127978546107,380.11474609375,17.595510482788086,75.51905822753906,2.770822763442993,False
7.2068788522141345,223.72042846679688,15893.6748046875,8.289192199707031,303.8506774902344,360.4684753417969,15.23427677154541,48.19557189941406,4.157927513122559,False
8.567044258117676,160.21786499023438,23683.109375,4.286930561065674,360.2862854003906,490.5125427246094,9.027167320251465,67.47622680664062,2.804926872253418,False
6.994194507598877,216.66531372070312,23027.384765625,9.796329498291016,382.1529846191406,369.46807861328125,18.96725845336914,59.65152359008789,4.398900508880615,False
3.3445885181427,156.47991943359375,55334.703125,8.530101776123047,371.14776611328125,485.6311340332031,16.980609893798828,69.62248992919922,2.575140953063965,False
7.107907466596565,198.65496826171875,20063.490234375,9.539983749389648,344.6185302734375,412.97918701171875,9.767080307006836,43.141998291015625,4.565423488616943,False
7.057397699474445,192.25416564941406,21762.61328125,7.25963830947876,331.649658203125,397.2628173828125,18.261213302612305,45.981624603271484,4.344804763793945,True
7.774468421936035,216.75286865234375,22316.3984375,7.947534084320068,385.0434265136719,288.0685729980469,14.136698722839355,68.86186218261719,3.8910973072052,True
6.925062796184638,172.73143005371094,28894.4765625,4.250916957855225,244.28514099121094,559.6293334960938,21.340848922729492,51.27471160888672,2.959749698638916,True
7.203438758850098,168.4453582763672,22826.484375,6.283249855041504,271.8920593261719,437.370849609375,16.410654067993164,64.50592041015625,6.389161109924316,True
6.150487422943115,240.888427734375,6342.5029296875,9.609895706176758,421.34320068359375,354.39251708984375,12.340384483337402,83.23866271972656,3.5516557693481445,True
7.327994297936198,225.95909118652344,9660.658203125,8.827654838562012,397.92425537109375,315.75091552734375,16.716556549072266,17.000682830810547,3.9592936038970947,True
6.767523765563965,203.7510528564453,21162.7265625,5.232749938964844,251.0623779296875,334.9053649902344,13.214323997497559,79.86300659179688,3.300253391265869,True
8.037430763244629,148.41531372070312,48410.47265625,4.755879878997803,268.2118835449219,392.9012145996094,12.466609954833984,65.99196130167438,2.5062382221221924,True
8.17717456817627,210.4487762451172,18626.1484375,7.271672248840332,333.38975074327396,455.927490234375,14.247946739196777,85.93042755126953,3.325639009475708,True
6.7447991371154785,204.08432006835938,20215.697265625,6.125251770019531,304.5279235839844,544.3392944335938,12.014243125915527,72.60807800292969,4.868542671203613,True
7.603775501251221,214.6827850341797,11459.6220703125,10.999995231628418,398.9208679199219,321.0690612792969,12.010676383972168,58.1007080078125,3.5849850177764893,True
8.54614543914795,177.8462371826172,23349.486328125,7.652073383331299,352.8170471191406,413.32159423828125,12.357385635375977,108.84957122802734,3.505300283432007,True
5.432512283325195,231.35157775878906,14970.6474609375,9.180703163146973,409.98846435546875,448.86474609375,10.838249206542969,65.5482177734375,3.8744254112243652,True
7.714089393615723,194.73828125,27336.962890625,7.631357192993164,322.0729675292969,347.8291931152344,10.641789436340332,63.72293472290039,3.1825828552246094,True
8.154531478881836,168.09893798828125,21361.197265625,6.198843955993652,338.4070666778529,419.1733093261719,12.302668571472168,59.887367248535156,2.4604649543762207,True
7.021060875612083,190.2191619873047,23094.873046875,6.481985569000244,298.3561706542969,414.8891296386719,13.46179485321045,50.895233154296875,2.9770474433898926,True
7.845880031585693,193.78500366210938,13769.8603515625,9.007161140441895,343.6208190917969,510.30560302734375,13.767801284790039,99.17559814453125,3.667154312133789,True
7.156424522399902,197.9935302734375,27025.20703125,6.734527111053467,359.71051025390625,448.4571533203125,12.51197338104248,49.29985046386719,2.9584147930145264,True
5.6946940422058105,240.71218872070312,7998.67431640625,8.124265670776367,338.88216719870877,477.0478210449219,15.459306716918945,68.89559936523438,3.8706107139587402,True
6.707685470581055,199.28536987304688,17435.33984375,6.809945106506348,336.0707411108541,454.732421875,14.587289810180664,81.37844848632812,3.8226687908172607,True
4.775221824645996,231.9985809326172,13978.1728515625,9.422101020812988,389.2195739746094,526.067626953125,17.207494735717773,73.94097137451172,3.22308087348938,True
7.061944749386852,200.3152313232422,19947.43359375,7.378235816955566,337.2314758300781,295.7570495605469,14.033994674682617,29.668142318725586,4.387208461761475,True
7.160308050485559,205.1282958984375,17537.990234375,8.025806427001953,396.0919189453125,318.53662109375,13.860453605651855,93.71487426757812,2.999702215194702,True
8.50171184539795,193.90890502929688,21289.1796875,7.108190059661865,335.2644556608929,393.1766662597656,13.64323616027832,61.12508010864258,5.612295627593994,True
7.741245269775391,218.2371826171875,22824.69921875,8.696478843688965,363.99273681640625,521.0162353515625,15.31063175201416,73.72306823730469,3.7411434650421143,True
4.187490940093994,208.3741912841797,21809.708984375,5.846112251281738,327.4742126464844,264.5080871582031,11.23514461517334,46.68259811401367,4.592959403991699,True
6.5116663323588355,142.14556884765625,45141.6875,6.030640125274658,240.19850158691406,369.2804260253906,20.605552673339844,70.16838836669922,4.604724884033203,True
7.808012008666992,179.79991149902344,17037.724609375,6.378364562988281,348.0715026855469,590.060546875,12.092499732971191,81.59236145019531,4.1655497550964355,True
5.895948886871338,187.1536102294922,37118.25390625,4.600729942321777,253.15846252441406,531.1691284179688,11.410183906555176,77.28655242919922,3.6596529483795166,True
7.269652366638184,155.1575164794922,31161.369140625,3.181183338165283,244.79519653320312,506.0101318359375,17.385515213012695,73.11505126953125,3.7892367839813232,True
7.222873631659976,213.04119873046875,12036.642578125,9.794730186462402,349.17138671875,284.01800537109375,12.419905662536621,74.67438507080078,3.8989157676696777,True
9.489601135253906,167.88763427734375,40032.4140625,8.349206924438477,321.4329158584259,354.7907409667969,14.168313980102539,102.5678482055664,4.300694942474365,True
7.457979679107666,183.4613037109375,14733.458984375,7.475273132324219,335.6680603027344,482.6371765136719,8.96325397491455,82.58133697509766,4.497730731964111,True
7.992320537567139,230.17958068847656,17076.6640625,9.598742485046387,332.60119905827327,522.8880615234375,14.449180603027344,68.6407699584961,4.342796802520752,True
7.74634313583374,212.27464294433594,21670.59375,8.45810317993164,361.3813171386719,457.0141296386719,21.430294036865234,43.18880081176758,3.6786861419677734,True
8.275795936584473,163.35595703125,22013.96484375,5.742828845977783,307.6671142578125,351.6313171386719,20.057619094848633,78.50149536132812,4.721339702606201,True
6.879959583282471,163.5933380126953,44586.8125,2.7417120933532715,219.14894104003906,554.0451049804688,16.521942138671875,67.53325653076172,5.688207149505615,True
6.799375534057617,239.05767822265625,7986.4931640625,10.365679740905762,419.88116455078125,373.2321472167969,18.828594207763672,43.440643310546875,3.8199853897094727,True
8.167767524719238,144.90293884277344,36185.6796875,4.545520305633545,297.9602355957031,605.4589233398438,20.222074508666992,66.17983539447023,3.4106855392456055,True
7.151191757399858,214.65733337402344,19692.46484375,5.947389602661133,326.17572021484375,385.82781982421875,15.563459396362305,77.83403778076172,3.2616515159606934,True
4.7364044189453125,203.2764129638672,28698.73046875,5.271367073059082,323.6836853027344,508.8203430175781,14.063139915466309,65.15518188476562,4.995601654052734,True
5.95392370223999,226.93505859375,11930.625,9.677268981933594,338.27248977646565,350.9686584472656,13.60964298248291,70.5714111328125,3.9686472415924072,True
6.57899808883667,198.40924072265625,22389.380859375,7.317574977874756,369.09710693359375,408.19500732421875,6.059607982635498,105.40045928955078,3.690929412841797,True
8.77548599243164,157.3542938232422,22113.390625,7.931502819061279,304.8078308105469,480.7152099609375,15.692838668823242,82.9293441772461,4.393944263458252,True
6.850302219390869,167.98504638671875,40588.43359375,3.3723692893981934,265.4311218261719,300.4117431640625,16.005207061767578,72.36322021484375,3.080296754837036,True
8.757110595703125,185.41937255859375,31040.884765625,8.544763565063477,327.90356115779707,408.0957946777344,18.235219955444336,72.2996597290039,3.808793067932129,True
7.113615568216093,213.00021362304688,21687.47265625,6.901040554046631,332.6769474942547,383.7478942871094,11.793246269226074,57.345645904541016,3.2425453662872314,True
6.897154140425105,178.1548614501953,34383.59765625,6.425769805908203,311.5268859863281,570.3787841796875,17.592126846313477,68.99273681640625,4.005892753601074,True
8.07327938079834,191.81552124023438,17106.439453125,7.898731708526611,333.47760009765625,432.89874267578125,13.335381507873535,54.216285705566406,4.854312896728516,True
5.078274250030518,185.08837890625,18125.638671875,4.105766296386719,275.0556335449219,528.15625,11.325447082519531,80.33833312988281,3.631042242050171,True
7.444913864135742,203.06874084472656,25489.07421875,8.17574405670166,413.56036376953125,405.4206237792969,13.283100128173828,74.4128646850586,2.5713915824890137,True
9.434005737304688,158.38783264160156,20474.8203125,5.857333183288574,285.3951110839844,476.8420104980469,14.388349533081055,73.16477966308594,4.201054573059082,True
5.905907154083252,223.14187622070312,13464.4873046875,9.125164031982422,378.1083068847656,337.8582763671875,13.531660079956055,42.84450912475586,2.9172840118408203,True
5.803496837615967,193.20098876953125,19451.767578125,4.14660120010376,255.97674560546875,365.4776306152344,14.920615196228027,8.57701301574707,2.1817140579223633,True
7.617151737213135,182.6898193359375,33744.16796875,6.225933074951172,369.5529479980469,327.2282409667969,14.065597534179688,82.78192901611328,3.422543525695801,True
9.008463859558105,148.61399841308594,35021.7734375,5.594006538391113,330.7357267609282,387.3997802734375,11.8551025390625,49.48044204711914,3.9110147953033447,True
5.422445774078369,205.26608276367188,18542.95703125,5.491962909698486,306.7022399902344,382.08013916015625,10.504023551940918,67.49344635009766,2.9117515087127686,True
9.778182029724121,155.93743896484375,23335.673828125,7.66610860824585,337.92790060455155,356.54302978515625,10.824600219726562,75.32889556884766,4.143365383148193,True
5.204938888549805,232.88272094726562,17818.39453125,7.300264835357666,333.18970045765303,404.0038757324219,12.866419792175293,55.49833297729492,3.439561128616333,True
4.872560977935791,224.70510864257812,16960.435546875,7.078014850616455,323.036865234375,354.3905944824219,15.69217586517334,79.96279907226562,3.9180057048797607,True
7.793914794921875,164.95895385742188,25506.912109375,7.868035793304443,358.2591857910156,398.4602966308594,15.29749584197998,66.31813485100145,4.220027446746826,True
7.547698962204448,259.1449279785156,2808.025634765625,10.08706283569336,392.8331604003906,354.4052734375,13.898950576782227,63.85767364501953,4.081328868865967,True
7.058182716369629,187.9471893310547,26608.9296875,8.556396484375,405.4034118652344,462.3145751953125,18.428386688232422,41.29032897949219,3.613834857940674,True
7.890354156494141,180.15809631347656,32160.533203125,7.773484230041504,360.28399658203125,344.5506286621094,11.2464599609375,60.29218673706055,3.209588050842285,True
7.53570032119751,221.79248046875,14829.74609375,6.701159477233887,366.4122009277344,583.4364624023438,17.731882095336914,59.68607711791992,4.208354473114014,True
7.202534198760986,207.82810974121094,11889.2509765625,8.015743255615234,341.0507136269507,369.0443115234375,10.371843338012695,62.0377311706543,5.702504634857178,True
6.984323146401219,188.6105194091797,27716.337890625,5.606500625610352,275.1822509765625,520.5877075195312,12.814603805541992,66.31129884765814,4.398058891296387,True
8.72214412689209,151.6211395263672,28301.517578125,3.651961326599121,248.09475708007812,468.3674621582031,15.151172637939453,79.53836822509766,3.2746286392211914,True
8.352635383605957,134.75051879882812,33662.390625,4.439791202545166,333.2843160378429,397.1149597167969,14.420882225036621,55.586814880371094,3.939011335372925,True
6.284385681152344,222.6887969970703,18526.26171875,8.980270385742188,395.2616271972656,517.1505737304688,15.869009971618652,55.384334564208984,5.030712127685547,True
7.002536351830684,195.55442810058594,28415.18359375,7.489779472351074,318.5152587890625,494.4045104980469,15.023962020874023,47.144142150878906,4.052367210388184,True
9.305660247802734,163.926025390625,39498.66015625,6.914685249328613,325.8731384277344,345.65692138671875,12.712186813354492,62.47111511230469,4.48507022857666,True
4.923178672790527,208.40667724609375,15990.1494140625,5.64814567565918,349.6551818847656,404.40576171875,11.403371810913086,84.52577209472656,3.3296008110046387,True
6.1430182456970215,147.4719696044922,34865.32421875,3.684462547302246,285.4551086425781,475.4452819824219,20.939359664916992,54.19852066040039,5.370403289794922,True
5.744503974914551,208.07005310058594,19457.638671875,6.693949222564697,333.9376092662983,362.0625,15.603729248046875,82.31785583496094,3.5335001945495605,True
6.616649150848389,201.78085327148438,17063.171875,8.353373527526855,360.6123046875,491.72406005859375,10.353994369506836,60.00918197631836,3.8817672729492188,True
7.623499870300293,170.4275665283203,36267.265625,6.040735244750977,301.2190856933594,404.5013732910156,12.495657920837402,79.94611358642578,4.764995098114014,True
7.860106468200684,182.0419921875,34591.6796875,6.187857151031494,287.2237854003906,285.2286682128906,14.36562442779541,74.88842010498047,3.499774694442749,True
7.393110275268555,205.99114990234375,13215.7060546875,7.740376949310303,338.17931320225824,537.1360473632812,16.05320167541504,79.35755920410156,4.43173885345459,True
6.943743507200309,176.7799530029297,24793.455078125,6.394342422485352,312.3591613769531,377.0662841796875,10.070192337036133,50.124122619628906,4.641041278839111,True
5.579516887664795,223.61639404296875,13289.201171875,7.698689937591553,368.89703369140625,375.2759704589844,20.22442626953125,104.58087921142578,4.043914794921875,True
4.303574562072754,227.007080078125,7323.30224609375,7.490508556365967,326.6951904296875,412.8963928222656,12.906729698181152,68.74891662597656,2.0105371475219727,True
7.310715675354004,185.817138671875,21989.767578125,8.437515258789062,333.89985820926506,425.5328674316406,14.947811126708984,89.77416229248047,3.578826427459717,True
6.417702674865723,185.3121795654297,33360.171875,5.573848724365234,374.7138671875,509.81964111328125,17.848995208740234,103.32182312011719,4.0463056564331055,True
7.020960892129693,181.3018798828125,23614.703125,5.454993724822998,282.3116455078125,510.9446105957031,13.978608131408691,52.30154800415039,3.8940610885620117,True
10.774317741394043,163.09510803222656,38037.3515625,7.602197170257568,350.000244140625,477.723388671875,13.526521682739258,66.12690120174511,3.2298340797424316,True
5.036454200744629,190.16452026367188,29258.73828125,4.991061210632324,300.4759216308594,332.3597106933594,11.055801391601562,116.16162109375,3.53466534614563,True
7.080743866166429,204.86050415039062,24590.125,7.774360656738281,327.4665840917058,440.93682861328125,12.567061424255371,118.3572769165039,4.318271636962891,True
10.415043830871582,167.42257690429688,34535.5546875,6.3548150062561035,344.3092956542969,491.5167236328125,19.3558406829834,45.10401916503906,4.209136486053467,True
8.418606758117676,191.86709594726562,29313.783203125,5.605863571166992,306.32537841796875,546.791015625,13.133959770202637,96.12519836425781,3.442847728729248,True
7.808640956878662,200.71487426757812,15694.5068359375,7.219558238983154,336.90769484144363,519.8629760742188,13.262102127075195,79.34491729736328,2.4727203845977783,True
7.557963848114014,156.4618682861328,32833.4296875,3.3116073608398438,257.27655029296875,277.2341613769531,17.857213973999023,62.55313491821289,3.2922701835632324,True
11.2445068359375,169.40365600585938,43533.65625,5.888460159301758,341.02960205078125,336.4466552734375,16.089710235595703,59.49402618408203,2.929952621459961,True
5.728823661804199,197.19183349609375,12932.5908203125,5.684492111206055,280.93206787109375,445.06964111328125,14.176501274108887,68.12480926513672,4.412173748016357,True
10.486808776855469,185.08792114257812,26453.00390625,9.548768997192383,392.34625244140625,455.74383544921875,15.976017951965332,47.40009307861328,3.804352045059204,True
3.792125701904297,218.49085998535156,16929.291015625,6.110295295715332,335.47002158426096,410.6941833496094,14.090718269348145,60.320068359375,4.620685577392578,True
5.716251373291016,184.2292938232422,19393.470703125,5.299163818359375,290.2764587402344,502.9936828613281,19.643896102905273,68.23637390136719,3.4331352710723877,True
6.9456847891083875,182.3172607421875,30430.2109375,6.151217460632324,350.4485778808594,479.9570617675781,16.57656478881836,58.67506790161133,4.536122798919678,True
5.473603248596191,218.5131378173828,14608.36328125,5.62136173248291,336.0469690381135,472.7968444824219,10.58358097076416,73.10601043701172,4.957822322845459,True
6.8415350870981095,178.23365783691406,37861.44140625,3.9127140045166016,322.8165137160684,535.0863647460938,17.545438766479492,64.0712890625,5.113869667053223,True
6.7709269523620605,181.8180694580078,26880.220703125,5.2158613204956055,284.7455139160156,475.5489501953125,14.665441513061523,60.51577377319336,4.910533905029297,True
6.043360233306885,188.66232299804688,24856.607421875,4.371025085449219,295.89520263671875,355.0074462890625,7.619812488555908,79.94491577148438,4.7452473640441895,True
7.095485119655513,212.48004150390625,23572.158203125,4.97678804397583,300.72698974609375,449.9510803222656,7.090387344360352,66.02679443359375,3.0938143730163574,True
6.320427894592285,210.31004333496094,11682.2294921875,6.9684224128723145,311.77783203125,375.9645690917969,11.973422050476074,62.96046447753906,4.553380966186523,True
9.185417175292969,165.64151000976562,18073.96875,8.108318328857422,340.43614052340774,534.6984252929688,8.189661979675293,59.66355514526367,4.18667459487915,True
8.684778213500977,161.12420654296875,40799.359375,5.381993770599365,305.5337829589844,499.275390625,15.965651512145996,75.91439819335938,3.8773491382598877,True
7.961721420288086,224.31675720214844,11551.2158203125,9.492074012756348,367.46600341796875,451.8084411621094,14.9111909866333,79.68704223632812,2.2869434356689453,True
5.484151363372803,196.79124450683594,19378.359375,5.003730773925781,295.5910339355469,348.3990478515625,18.71387481689453,76.41415405273438,4.438858509063721,True
7.186931133270264,177.4865264892578,34510.75390625,4.984431743621826,295.8341369628906,477.9949951171875,16.77754020690918,62.75688934326172,4.2756452560424805,True
5.470802307128906,213.1604766845703,18295.37109375,6.043395519256592,336.3652547354962,317.9484558105469,13.789267539978027,49.642452239990234,2.9628524780273438,True
7.125782999183066,195.01956176757812,17382.427734375,7.036828517913818,329.12774658203125,383.7948913574219,11.147085189819336,90.88690948486328,3.843405246734619,True
9.79272747039795,161.05787658691406,30249.169921875,5.214314937591553,258.0388488769531,413.15545654296875,12.493388175964355,76.22557830810547,3.7291204929351807,True
3.6371705532073975,238.94374084472656,10102.4892578125,7.532191753387451,337.534423828125,509.15032958984375,13.818449974060059,49.652835845947266,5.446565628051758,True
7.064789295196533,188.3917236328125,20567.146484375,7.443243026733398,360.3229675292969,656.9241333007812,16.274829864501953,84.82717895507812,4.401628017425537,True
6.632031440734863,201.66993713378906,24161.255859375,7.96452522277832,369.62158203125,346.86041259765625,17.033601760864258,61.20547103881836,3.386294364929199,True
5.913956642150879,215.4978790283203,13086.6435546875,7.784749984741211,334.6861877441406,283.4013977050781,14.683579444885254,55.32637023925781,5.648605823516846,True
9.484703063964844,122.90699005126953,56351.39453125,4.219710350036621,219.55343627929688,480.8480529785156,13.533432960510254,41.73122024536133,4.132274150848389,True
8.447404861450195,163.9499053955078,19583.056640625,6.433183670043945,334.6558837890625,547.0238037109375,18.238710403442383,45.66831970214844,5.218307018280029,True
7.727421283721924,227.84271240234375,18767.94140625,9.71690845489502,332.8619490061027,328.8541564941406,8.233404159545898,66.67821502685547,4.601801872253418,True
6.859323501586914,179.0688018798828,27567.375,5.885557651519775,227.3484649658203,391.5997009277344,14.670555114746094,83.46993255615234,4.501979827880859,True
5.8467864990234375,212.16204833984375,19417.767578125,8.442033767700195,335.18815138081044,393.95281982421875,17.561933517456055,49.388362884521484,3.3711109161376953,True
6.300001621246338,172.35028076171875,40682.14453125,4.242828845977783,302.6118469238281,485.6724548339844,18.737930297851562,64.80854797363281,3.709437131881714,True
6.646470069885254,251.83624267578125,5516.875,11.143109321594238,339.90778870774,339.2087097167969,11.93043327331543,76.5242691040039,4.387601852416992,True
7.313446521759033,158.7074737548828,23154.0625,4.143329620361328,276.5501708984375,436.51727294921875,10.890085220336914,87.91252899169922,2.220639944076538,True
6.572656154632568,192.6473388671875,14598.9521484375,6.164621353149414,314.1400451660156,343.8952331542969,17.34380531311035,53.085479736328125,2.820927143096924,True
6.002414703369141,196.00294494628906,16136.43359375,5.687755107879639,301.9809265136719,336.9141540527344,11.988324165344238,43.91263198852539,4.315308094024658,True
7.231854017247977,212.9091339111328,14101.869140625,9.1124849319458,388.78778076171875,337.1910705566406,8.602425575256348,74.58171081542969,3.6246352195739746,True
5.936057090759277,222.92230224609375,18061.697265625,9.982723236083984,421.7220153808594,323.4992370605469,14.298521041870117,51.8688850402832,3.9402823448181152,True
7.591089725494385,195.66580200195312,17444.671875,5.307070732116699,335.83027292577054,517.2033081054688,14.799552917480469,85.77578735351562,4.531196117401123,True
6.875746250152588,192.02366638183594,25422.337890625,7.571360111236572,330.8692194239049,501.6059875488281,10.785964965820312,68.29461669921875,3.3973026275634766,True
8.016279220581055,211.029296875,14034.4853515625,9.79699993133545,389.33880615234375,491.0790710449219,14.512990951538086,35.56596755981445,4.308222770690918,True
8.783596992492676,199.93028259277344,19471.46484375,7.415405750274658,319.73699951171875,324.9370422363281,16.311697006225586,74.5705795288086,3.4708855152130127,True
6.911698341369629,179.2136688232422,25612.1484375,7.224709987640381,318.9879150390625,298.5505065917969,11.858904838562012,94.34017181396484,4.616641044616699,True
8.719240188598633,181.0131072998047,17430.919921875,7.421209812164307,341.181375386692,289.2027282714844,14.427225112915039,55.393611907958984,3.9128360748291016,True
5.974583148956299,197.10272216796875,22543.255859375,5.662657260894775,338.3575134277344,410.80413818359375,11.169090270996094,59.826438903808594,3.7219746112823486,True
4.429378509521484,256.2125549316406,8746.9013671875,9.010332107543945,336.7401421587352,432.1079406738281,16.30747413635254,66.5757763214716,4.271167755126953,True
6.715214446600234,134.67926025390625,30211.83203125,4.792360782623291,234.28561401367188,391.8209533691406,18.99915313720703,66.29094328034294,3.840888738632202,True
7.373320155872118,221.6754608154297,10117.083984375,8.026586532592773,356.21160888671875,508.26275634765625,14.05846118927002,40.91680908203125,3.1901278495788574,True
8.215123176574707,155.7628631591797,30579.37109375,3.3089773654937744,332.1320474106122,344.9505920410156,13.686025619506836,77.18262481689453,4.511384010314941,True
7.828740119934082,176.72750854492188,33337.109375,5.43877649307251,286.9926452636719,290.1186218261719,5.871941566467285,75.71442413330078,5.199446678161621,True
7.949965000152588,186.78915405273438,15171.0126953125,7.833274841308594,339.70012743633373,406.61273193359375,20.539688110351562,88.0571060180664,3.317152500152588,True
6.11433219909668,178.4462890625,30606.22265625,5.568042278289795,260.7710266113281,472.2554016113281,16.711471557617188,46.552616119384766,3.6804099082946777,True
7.250478579425801,226.2708282470703,15380.1240234375,6.661473751068115,336.4570497832788,392.5581970214844,14.083109855651855,50.28639602661133,4.51686954498291,True
7.13942813873291,179.2349853515625,19862.810546875,8.111958503723145,337.94708251953125,364.5231628417969,17.384469985961914,88.36184692382812,3.7715964317321777,True
7.218274802189523,223.51197814941406,20134.3984375,7.9777302742004395,359.2257080078125,477.3426513671875,10.933867454528809,49.145503997802734,4.314495086669922,True
7.9685258865356445,156.45114135742188,27008.01171875,4.71657657623291,335.38695171890316,455.8404235839844,8.360283851623535,52.50118637084961,3.1738791465759277,True
6.635894298553467,194.04977416992188,20339.017578125,6.032864093780518,307.95489501953125,412.5829772949219,15.894674301147461,57.643455505371094,4.5232367515563965,True
6.394547939300537,193.0475616455078,31620.19140625,7.0650835037231445,323.8790125827922,515.806396484375,13.081881523132324,99.64069366455078,3.042496919631958,True
6.280978202819824,205.1231231689453,25972.8046875,8.417895317077637,383.67144775390625,456.5439453125,13.954710006713867,32.79903030395508,4.599431991577148,True
7.9920268058776855,174.55801391601562,34585.08984375,6.587302207946777,325.31246941056185,543.9491577148438,12.19944953918457,71.27123260498047,4.647095680236816,True
5.068795680999756,211.6894989013672,22781.365234375,5.330122947692871,317.1039123535156,483.4420166015625,14.495790481567383,77.21227264404297,4.362085819244385,True
6.8476241970811795,164.90907287597656,32768.2265625,6.309685230255127,285.56097412109375,527.1986694335938,15.843302726745605,59.728172302246094,3.499453067779541,True
8.151248931884766,205.84730529785156,15661.9404296875,7.009437084197998,335.6227722167969,555.5902709960938,14.861132621765137,72.76258850097656,2.7998833656311035,True
7.58294153213501,185.04598999023438,23072.78125,5.892272472381592,297.5057678222656,518.0485229492188,12.038456916809082,80.31256103515625,4.164028644561768,True
5.344116687774658,198.379150390625,13492.8408203125,6.55926513671875,328.6488342285156,591.3633422851562,14.084388732910156,61.392982482910156,4.104698657989502,True
7.87196159362793,219.62266540527344,12760.4375,8.076613426208496,360.086669921875,350.826904296875,15.698725700378418,84.1580810546875,2.9385364055633545,True
5.327023506164551,233.14059448242188,13580.6181640625,7.362411022186279,356.4202575683594,438.5534973144531,10.049772262573242,55.23227310180664,4.855821132659912,True
10.550272941589355,185.1658172607422,32150.978515625,8.933965682983398,325.02059622087023,566.37939453125,14.282960891723633,85.39340209960938,3.9513044357299805,True
7.0599397411146025,186.17483520507812,18085.158203125,4.951277256011963,298.39971923828125,347.9866943359375,15.715545654296875,75.5905990600586,3.0689191818237305,True
7.47102689743042,177.233642578125,15736.5810546875,6.878354072570801,277.10986328125,401.61822509765625,11.2857084274292,58.23611831665039,3.7079741954803467,True
7.943882465362549,211.81654357910156,32071.1796875,7.769214630126953,290.33740234375,353.33648681640625,17.871950149536133,78.49278259277344,4.111691474914551,False
2.690831184387207,151.7829132080078,30204.546875,6.053071975708008,303.7024230957031,377.1982727050781,14.121048927307129,45.60299301147461,4.650033950805664,False
9.13569450378418,194.81561279296875,9496.91015625,6.185925006866455,345.7142028808594,562.771484375,13.676435470581055,74.42416381835938,3.281802177429199,False
5.2140092849731445,192.6488494873047,34184.30859375,5.783357620239258,282.9698791503906,380.42840576171875,15.867751121520996,80.49849700927734,4.453525543212891,False
8.649535179138184,175.42666625976562,9898.0224609375,6.048403739929199,336.4776306152344,410.6250915527344,10.069253921508789,66.56909324095142,5.229809284210205,False
7.756679058074951,186.68646240234375,22440.400390625,7.462613105773926,342.9993896484375,320.93096923828125,19.572572708129883,66.36578574587865,2.842470645904541,False
7.104295253753662,177.57174682617188,12691.515625,7.1709771156311035,343.97520874582926,447.03228759765625,14.376764297485352,60.743770599365234,5.4648566246032715,False
5.363362789154053,179.911376953125,27045.9296875,6.520854473114014,311.4674072265625,408.9225158691406,9.704704284667969,79.48480224609375,3.8713724613189697,False
6.582499980926514,200.7331085205078,23720.482421875,8.565831184387207,353.00811767578125,458.36273193359375,13.001880645751953,79.52933502197266,4.152014255523682,False
6.810466289520264,209.73556518554688,32602.33984375,7.422780990600586,341.17425537109375,340.03009033203125,16.73674774169922,42.34946060180664,4.402339458465576,False
7.268462623123912,191.53163146972656,12885.5166015625,6.979954719543457,328.6002197265625,596.7510375976562,13.447513580322266,50.756065368652344,2.3729248046875,False
5.5741167068481445,193.1580810546875,17546.40234375,9.21997356414795,366.1974182128906,538.5325317382812,13.95133113861084,67.14202880859375,5.152527809143066,False
8.555283546447754,216.6553497314453,18337.4609375,8.290688514709473,311.3258361816406,390.9430847167969,17.138830184936523,39.77728271484375,3.687152147293091,False
4.483402729034424,172.38388061523438,13122.2236328125,5.276731014251709,291.1990966796875,413.5450439453125,11.871725082397461,75.5045394897461,2.203840494155884,False
3.783043622970581,157.85264587402344,20384.7734375,4.667081832885742,300.0487060546875,432.43182373046875,12.701422691345215,66.42029627852598,4.4022440910339355,False
7.138374328613281,184.74522399902344,22575.189453125,6.907714366912842,334.4634293540595,504.8656921386719,18.503761291503906,66.1369857788086,4.144872188568115,False
7.092035692145279,171.5922393798828,14784.755859375,7.404582500457764,351.8755187988281,366.6695251464844,10.504302978515625,57.86215591430664,3.2101681232452393,False
7.912361145019531,211.37644958496094,34808.44140625,8.91336441040039,320.08338389046963,594.8992919921875,16.681989669799805,72.04808044433594,2.8785157203674316,False
7.181853984474318,193.11679077148438,17388.982421875,7.7021355628967285,382.0606994628906,468.9393310546875,16.2330379486084,67.87390899658203,4.217743873596191,False
9.128357887268066,184.68209838867188,10418.1083984375,6.850200176239014,388.0687255859375,371.4822998046875,10.444500923156738,68.18402099609375,3.7622227668762207,False
5.271971225738525,193.1695098876953,22005.4375,6.183949947357178,267.8256530761719,351.48028564453125,15.664381980895996,68.61587524414062,4.119436264038086,False
6.465093612670898,241.2681427001953,43958.6796875,7.420155048370361,306.0203857421875,544.6005859375,20.768985748291016,89.6465072631836,3.7905237674713135,False
8.245186805725098,199.30577087402344,13909.4794921875,9.36964225769043,406.047607421875,423.7367858886719,14.801328659057617,97.27700805664062,4.125731945037842,False
7.087064857372402,196.4320068359375,18128.908203125,8.008076667785645,323.5521240234375,313.36187744140625,18.600727081298828,67.9643783569336,3.5020813941955566,False
6.704792022705078,176.89602661132812,28140.767578125,6.9421067237854,332.7757622435115,455.9726257324219,16.035980224609375,40.07611083984375,3.806596279144287,False
6.430254936218262,207.57940673828125,26855.10546875,7.087910175323486,304.1734313964844,418.4194641113281,17.921140670776367,34.81639862060547,4.80579137802124,False
7.482791423797607,186.0934295654297,19621.32421875,8.171865463256836,369.1908874511719,475.2114562988281,12.127253532409668,105.16580200195312,4.094746112823486,False
5.504452228546143,164.5009765625,11950.2353515625,6.800957679748535,302.19049072265625,537.5396118164062,14.393869400024414,69.9398193359375,4.657361030578613,False
7.521920680999756,198.35462951660156,20139.4296875,7.177655220031738,332.7155943441703,603.054931640625,13.77361011505127,84.8167724609375,3.1109323501586914,False
7.156166432100049,164.09474182128906,9344.6533203125,5.959309101104736,349.0194396972656,367.3898010253906,13.937968254089355,88.77197265625,4.5593366622924805,False
8.522567749023438,208.13299560546875,16446.328125,6.729775428771973,372.50384521484375,346.3746032714844,12.002177238464355,80.75862121582031,3.3582844734191895,False
5.6944756507873535,193.43212890625,18742.92578125,6.556668281555176,327.00238037109375,448.754150390625,13.623308181762695,56.32649612426758,4.107467174530029,False
6.934503555297852,176.9694366455078,15323.4091796875,5.666870594024658,369.341796875,435.9483947753906,21.813159942626953,104.74769592285156,3.8752379417419434,False
6.115180015563965,226.0844268798828,24699.5234375,6.707523345947266,298.329345703125,429.7066955566406,14.536079406738281,71.04547882080078,3.690861940383911,False
8.57567310333252,197.56028747558594,15888.625,4.865462779998779,311.557373046875,464.7255554199219,18.736927032470703,40.22452163696289,3.5062291622161865,False
5.689143180847168,181.58456420898438,17589.26953125,7.238470554351807,350.7820739746094,345.536376953125,16.030292510986328,66.44075826941706,4.592979907989502,False
6.713490435331919,199.06466674804688,39927.73828125,5.4540510177612305,259.00994873046875,257.9631652832031,14.244719505310059,52.61638641357422,4.059377193450928,False
7.2261271476745605,213.32061767578125,23129.748046875,6.193624019622803,304.5627746582031,624.2299194335938,16.982255935668945,73.73358917236328,4.153558731079102,False
7.197795867919922,168.64097595214844,12763.267578125,6.897593975067139,343.86406118320104,566.2506713867188,12.437570571899414,65.74671936035156,3.844013214111328,False
3.8468143939971924,190.9928741455078,26895.2578125,5.629536151885986,328.2859597766082,660.2549438476562,18.125202178955078,78.15357208251953,3.5842018127441406,False
5.896339416503906,178.6781005859375,17420.087890625,5.2921624183654785,338.7798502031857,473.68670654296875,16.437715530395508,79.47117614746094,5.032855033874512,False
6.866222335172297,247.4532928466797,43846.0234375,7.865780830383301,324.2437744140625,334.1660461425781,16.66115379333496,54.23659133911133,3.5723438262939453,False
8.326350212097168,213.87486267089844,35477.765625,8.364130973815918,346.7869873046875,569.103271484375,17.466466903686523,62.792903900146484,4.395284652709961,False
6.891561508178711,198.54464721679688,26240.4921875,5.15386962890625,328.67367363622486,436.9270935058594,8.634319305419922,86.81022644042969,3.561962604522705,False
5.54812479019165,217.0182647705078,34006.76953125,6.647425174713135,331.4029541015625,430.2696533203125,15.647035598754883,64.98064422607422,4.599236011505127,False
7.109571616532877,175.58815002441406,17092.2265625,7.338417053222656,323.15411376953125,491.7281494140625,11.705953598022461,52.363441467285156,4.316063404083252,False
5.386638164520264,206.8968048095703,20416.650390625,7.312751770019531,356.38427734375,525.1234741210938,10.218185424804688,70.03311920166016,4.320899963378906,False
7.2625346183776855,212.52130126953125,38713.11328125,5.8378071784973145,262.09503173828125,332.42523193359375,14.098785400390625,70.30074310302734,4.8463592529296875,False
6.257085800170898,180.4062042236328,13826.2578125,7.075130462646484,346.6274719238281,422.6003723144531,11.838106155395508,77.83821105957031,3.99471378326416,False
7.025504112243652,205.40052795410156,21884.5390625,7.276064872741699,304.7322082519531,442.4055480957031,15.843743324279785,65.58033752441406,2.9415550231933594,False
6.584839344024658,196.1339874267578,16609.92578125,6.673977375030518,323.3723449707031,304.7136535644531,12.501553535461426,85.68214416503906,3.919954538345337,False
6.565633773803711,159.7293701171875,19044.6796875,6.693213939666748,283.5146789550781,393.62518310546875,18.207136154174805,67.05411529541016,2.7709484100341797,False
6.622102737426758,196.8910675048828,16010.5244140625,7.256071090698242,340.99337252094085,264.283935546875,14.4109525680542,45.44877624511719,5.290920734405518,False
7.217392921447754,180.1942138671875,13579.5546875,5.993126392364502,317.9634094238281,421.9635314941406,12.370338439941406,63.44675064086914,3.746619939804077,False
5.253907203674316,191.98204040527344,34793.8515625,5.817404270172119,324.8836271203208,395.7132568359375,12.570714950561523,54.96873474121094,3.488372564315796,False
8.131375312805176,177.09530639648438,13238.0703125,6.678740501403809,342.3702752025688,450.71832275390625,20.603574752807617,85.10588836669922,3.5428106784820557,False
6.619775295257568,150.71836853027344,11388.5341796875,6.80757999420166,370.75347900390625,431.4300842285156,7.710769176483154,73.63427734375,4.086920738220215,False
7.192743010084395,206.31834411621094,18752.26953125,8.202452659606934,344.5896301269531,510.4878845214844,5.36237096786499,61.9113655090332,3.2935526371002197,False
6.217255115509033,205.64825439453125,32911.9296875,5.946073532104492,298.3905029296875,414.7710266113281,12.128365516662598,79.24503326416016,2.0814249515533447,False
5.019984722137451,156.9708251953125,19272.705078125,6.184709548950195,331.5598449707031,341.3571472167969,16.19657325744629,75.30259704589844,4.0894856452941895,False
6.907379627227783,210.27920532226562,40290.22265625,6.874702453613281,294.01519775390625,340.7049865722656,18.25347137451172,84.0221176147461,1.496100902557373,False
6.313114643096924,162.33641052246094,20849.19140625,7.0864691734313965,338.4761326996533,387.95770263671875,15.047593116760254,83.92129516601562,4.126964569091797,False
7.326371361501547,179.32012939453125,5075.26904296875,8.73778247833252,455.45123291015625,392.3537292480469,16.839330673217773,76.24362182617188,4.397532939910889,False
7.293929100036621,180.84312438964844,15823.33984375,7.721977233886719,342.10754099846133,457.52044677734375,8.857599258422852,37.73479080200195,4.403250217437744,False
6.630363941192627,186.76109313964844,30939.0234375,7.7034807205200195,327.3683430190386,330.8760681152344,13.815756797790527,86.75312042236328,3.4905874729156494,False
8.015780448913574,180.0603790283203,12135.724609375,6.259376049041748,310.0686950683594,666.6906127929688,17.66014862060547,66.58885192871094,3.1805801391601562,False
4.249890327453613,168.5721435546875,16073.6708984375,5.36089563369751,261.2677001953125,449.051513671875,11.349209785461426,86.9468994140625,4.116347789764404,False
4.265269756317139,199.49945068359375,25634.533203125,5.914884567260742,260.2611999511719,300.5479431152344,12.198732376098633,55.94236755371094,4.900445938110352,False
9.266840934753418,203.2526092529297,20478.78515625,6.838778972625732,337.299560546875,508.2833557128906,19.164525985717773,66.40098485597544,4.330049514770508,False
9.61945629119873,210.26124572753906,18185.05078125,7.9398884773254395,335.5474841389223,387.3302001953125,17.47816276550293,65.98950958251953,3.1731996536254883,False
7.086877346038818,192.3873748779297,25524.82421875,7.354034900665283,322.7400207519531,548.917724609375,14.524408340454102,64.1243896484375,3.9928481578826904,False
3.4338741302490234,152.48007202148438,16318.7333984375,5.973097801208496,313.0643310546875,412.91552734375,9.970144271850586,68.5075454711914,4.104938507080078,False
8.436758995056152,242.48858642578125,44896.984375,7.863083839416504,309.18854146047204,575.93701171875,14.531777381896973,50.774208068847656,2.4999101161956787,False
12.246928215026855,217.36801147460938,11318.140625,8.465160369873047,375.8947448730469,347.6530456542969,9.762504577636719,73.83240509033203,3.533243417739868,False
7.343031883239746,198.53077697753906,14037.0400390625,5.788346290588379,339.79358522554855,479.241455078125,11.090373992919922,61.10023880004883,5.288057327270508,False
4.616438865661621,192.57400512695312,14982.3056640625,6.080029010772705,339.1844320789083,344.1463317871094,11.090005874633789,88.48358154296875,2.63434100151062,False
8.307462692260742,229.9412384033203,18452.646484375,6.895145893096924,338.48370361328125,464.9009704589844,9.512102127075195,84.05341339111328,4.625729084014893,False
4.909640789031982,157.24046325683594,10488.7705078125,6.929793357849121,349.9637969688216,311.7457580566406,11.023799896240234,48.5255241394043,5.3453240394592285,False
7.7091064453125,178.81082153320312,18610.125,7.73444128036499,338.6835940239726,462.201171875,13.888704299926758,64.84163665771484,4.235107898712158,False
6.900949282578578,173.81671142578125,26552.974609375,6.290279388427734,293.1702880859375,366.7187194824219,13.271499633789062,72.12983703613281,3.2069954872131348,False
7.818274974822998,179.2182159423828,27558.54296875,7.504452705383301,315.4474792480469,359.09918212890625,12.618666648864746,52.37747573852539,3.3292431831359863,False
8.20745849609375,189.94215393066406,17447.994140625,6.761682510375977,338.8855100511621,449.41259765625,15.335711479187012,54.946346282958984,4.1518659591674805,False
6.958534240722656,187.7488555908203,13457.2109375,7.363593101501465,330.7503967285156,350.6034240722656,16.71915626525879,77.67129516601562,4.1946001052856445,False
7.1731334358981025,193.92617797851562,14936.50390625,7.203401565551758,309.4474182128906,447.4501037597656,12.180625915527344,66.49730010997685,4.297914028167725,False
4.349440097808838,157.51336669921875,24352.06640625,5.967722415924072,287.04510498046875,432.6423034667969,10.667254447937012,44.28901290893555,4.442711353302002,False
6.6299848556518555,195.70037841796875,21495.537109375,6.546463489532471,363.69195556640625,335.8047180175781,11.395097732543945,66.16522216796875,2.534499406814575,False
8.969696998596191,195.74476623535156,9049.6826171875,7.467068195343018,396.4535827636719,378.52850341796875,17.7576961517334,114.20867156982422,3.9830987453460693,False
6.771050453186035,194.63511657714844,15719.4931640625,6.746343612670898,339.0015869140625,441.7303771972656,22.891010284423828,75.47282409667969,3.2448668479919434,False
6.724639415740967,223.1754150390625,41552.01953125,7.744699954986572,271.1571350097656,463.8852233886719,13.165034294128418,61.05879592895508,2.921414852142334,False
7.044308281723066,221.3919677734375,27979.736328125,6.572390079498291,349.6245422363281,355.781982421875,9.98635482788086,81.96348571777344,3.4396233558654785,False
6.967270851135254,218.79278564453125,33933.7109375,8.977179527282715,360.9969482421875,438.80914306640625,18.63306427001953,71.91921997070312,3.272470712661743,False
6.943737453717119,225.97213745117188,32617.125,7.380663871765137,259.20526123046875,355.8793029785156,11.122653007507324,66.35965728759766,3.2328720092773438,False
7.053116798400879,240.85177612304688,19500.349609375,8.051172256469727,383.6678771972656,377.1881103515625,12.95557689666748,55.522193908691406,5.671998977661133,False
7.755154132843018,196.7827911376953,19024.689453125,6.911867618560791,392.8000793457031,338.4306335449219,10.77286148071289,76.61759948730469,2.72879958152771,False
8.580008506774902,174.50682067871094,6493.54736328125,7.040727615356445,409.38092041015625,403.59661865234375,16.12266731262207,52.166770935058594,3.1955909729003906,False
6.901710033416748,173.15391540527344,10323.9580078125,7.436807632446289,376.81170654296875,538.6207885742188,10.401972770690918,36.751895904541016,3.035670518875122,False
7.814250469207764,203.3834686279297,24470.205078125,7.631406784057617,321.9745788574219,516.6467895507812,17.242908477783203,80.6519775390625,4.10466194152832,False
5.9189534187316895,154.7735137939453,9712.560546875,5.326272010803223,349.54704616653333,386.21807861328125,16.579299926757812,65.88233184814453,4.265547275543213,False
7.021295070648193,225.35049438476562,23109.853515625,5.907272815704346,320.5359802246094,459.89990234375,13.670099258422852,77.33992004394531,3.675557851791382,False
7.183265656274512,189.81468200683594,19887.76953125,8.115767478942871,415.9278869628906,547.0267944335938,12.958916664123535,70.93748474121094,4.89375114440918,False
8.132737159729004,206.7864532470703,25838.12890625,8.684832572937012,346.6118469238281,472.27703857421875,11.633015632629395,66.31237118483314,2.9694340229034424,False
6.05706787109375,184.37322998046875,14807.2685546875,5.7534050941467285,384.82196044921875,462.00616455078125,14.753055572509766,34.26586151123047,4.371747970581055,False
5.343075275421143,211.66209411621094,45166.9140625,6.651801109313965,279.7674865722656,485.959716796875,19.682336807250977,70.54685974121094,4.240031719207764,False
7.116817278583731,152.50767517089844,11398.7314453125,8.728973388671875,400.66961669921875,385.3358154296875,11.67660140991211,58.6009407043457,5.444927215576172,False
5.742533206939697,182.94102478027344,21293.890625,6.826412677764893,306.5430603027344,435.2347412109375,11.144072532653809,68.61238861083984,4.272202968597412,False
6.584813117980957,182.37545776367188,24723.10546875,6.238919734954834,332.9568324280673,414.3507385253906,17.58261489868164,78.21373748779297,4.40413236618042,False
8.070477485656738,198.86595153808594,18266.6171875,6.902369976043701,396.6195068359375,376.7102966308594,10.924460411071777,87.37956237792969,3.055790424346924,False
6.652824401855469,187.9464111328125,19155.728515625,5.94962215423584,345.3585205078125,433.8752136230469,20.523191452026367,26.1408634185791,3.661529302597046,False
5.506061553955078,164.4961700439453,21543.7265625,5.983996391296387,338.7225579604436,453.8833312988281,13.339715957641602,55.75136184692383,2.7789058685302734,False
6.924767424360742,214.97244262695312,36112.1328125,7.0940656661987305,319.8579257538305,414.1015625,15.874563217163086,71.63182067871094,2.432507276535034,False
6.441766262054443,174.78184509277344,11306.26171875,6.685755252838135,343.18802410762623,544.3541870117188,17.10982894897461,89.12202453613281,3.6821343898773193,False
6.713029202867777,194.4453125,41461.31640625,6.95166540145874,239.91189575195312,362.50042724609375,14.110249519348145,58.75146484375,4.894842624664307,False
8.248703002929688,201.33885192871094,24912.87890625,7.877665996551514,389.0888366699219,415.6834411621094,12.842047691345215,51.85914993286133,3.540532112121582,False
2.5692436695098877,201.60328674316406,48204.171875,6.380683422088623,261.719970703125,429.7464294433594,10.784140586853027,79.71966552734375,5.506934642791748,False
5.664845943450928,186.6483612060547,18678.951171875,5.153872966766357,313.08349609375,335.5055236816406,17.55156898498535,59.57183837890625,3.5702905654907227,False
8.999499320983887,234.83547973632812,20933.513671875,7.980450630187988,365.06097412109375,444.0770263671875,12.168764114379883,54.40470504760742,3.6950840950012207,False
5.588537216186523,171.3331298828125,17732.240234375,5.588614463806152,343.04156494140625,466.4454345703125,13.827754974365234,59.37644958496094,4.373998641967773,False
6.265637397766113,159.29019165039062,18711.064453125,6.835968017578125,314.2230529785156,499.6046142578125,15.061714172363281,68.10721588134766,3.266028642654419,False
6.922041893005371,201.41012573242188,16515.873046875,8.463003158569336,357.9352111816406,336.04644775390625,20.92910385131836,60.520904541015625,4.242947101593018,False
8.072612762451172,210.269775390625,16843.36328125,8.793458938598633,359.51617431640625,559.1676025390625,17.26357650756836,68.7389907836914,5.0822062492370605,False
8.828094482421875,196.56285095214844,17699.611328125,8.940380096435547,379.9142761230469,486.86328125,17.517282485961914,61.18284606933594,3.7933177947998047,False
8.647454261779785,183.59738159179688,12995.8857421875,6.195448875427246,382.3578796386719,489.7627868652344,18.076963424682617,93.40961456298828,3.624100685119629,False
7.475536823272705,215.42910766601562,31359.38671875,7.498494625091553,337.4623718261719,477.23504638671875,12.186309814453125,53.90882110595703,4.0155744552612305,False
11.534880638122559,183.26226806640625,4111.78564453125,7.416772842407227,398.9553527832031,475.2554016113281,10.839795112609863,69.42003631591797,3.000096321105957,False
6.453064918518066,178.9982452392578,23129.4609375,6.354507923126221,326.8531799316406,371.88275146484375,13.178300857543945,41.52586364746094,3.440858840942383,False
8.19221019744873,172.29275512695312,13528.5498046875,7.354685306549072,377.4557189941406,455.01531982421875,7.242761611938477,66.5000179623326,3.4892830848693848,False
7.247701168060303,210.2707977294922,31561.955078125,9.08090591430664,322.90938472962466,558.5264892578125,13.415205001831055,73.62924194335938,3.3199527263641357,False
7.893132209777832,201.43324279785156,20526.048828125,5.628775596618652,299.01824951171875,303.8787841796875,15.254652976989746,71.54230499267578,3.3022117614746094,False
6.164449691772461,203.0164794921875,19231.681640625,8.551279067993164,334.81618288356606,371.1675109863281,8.234265327453613,76.65728759765625,3.4464011192321777,False
7.937392234802246,170.44532775878906,6626.37646484375,5.117363929748535,372.625244140625,316.0224609375,23.13595199584961,73.78620910644531,4.270851135253906,False
8.281120300292969,227.65435791015625,17995.404296875,7.493278503417969,323.3799743652344,459.8655090332031,14.363661766052246,16.29150390625,3.687994956970215,False
4.906491756439209,173.77915954589844,14786.138671875,5.843756675720215,267.5611572265625,620.3468627929688,7.775895595550537,38.794307708740234,3.1523449420928955,False
8.14348316192627,182.43246459960938,10673.5830078125,6.607834815979004,344.11968828938905,427.54522705078125,13.719330787658691,77.76933288574219,2.5728304386138916,False
5.117913722991943,179.70167541503906,26215.400390625,5.502903461456299,303.2575988769531,369.6186218261719,14.76187801361084,82.83155059814453,3.8067004680633545,False
6.449069976806641,163.44764709472656,16906.33203125,5.152225494384766,283.2173156738281,397.5070495605469,16.78727149963379,82.01605987548828,3.331549882888794,False
5.61356258392334,204.56936645507812,16615.908203125,5.618948936462402,316.0998229980469,341.523681640625,15.173955917358398,73.45016479492188,3.4650886058807373,False
5.754212856292725,241.60243225097656,31871.291015625,7.299302101135254,203.44451904296875,495.9453430175781,22.763708114624023,71.4289779663086,5.920233726501465,False
6.9065752029418945,199.63812255859375,15201.33984375,5.136599063873291,338.3915349493988,306.02398681640625,15.212798118591309,90.57901763916016,3.2827494144439697,False
6.336266994476318,228.4550323486328,29342.708984375,6.963477611541748,322.4816509710995,398.181884765625,15.545028686523438,92.0112533569336,3.74572491645813,False
8.121253967285156,200.35369873046875,25412.708984375,6.54764986038208,314.0907287597656,411.98699951171875,12.41935920715332,59.7631950378418,4.428311824798584,False
7.260283738095608,194.1666259765625,11275.873046875,7.266597747802734,399.2820739746094,427.89691162109375,15.213175773620605,34.47175216674805,2.9096062183380127,False
8.935115814208984,218.39405822753906,23774.2578125,6.414851665496826,324.8446960449219,413.0048522949219,13.450579643249512,63.57931900024414,5.16829776763916,False
6.452780723571777,190.32139587402344,22034.955078125,6.9146928787231445,334.9999220923921,353.8976745605469,12.158055305480957,67.21240234375,3.425065040588379,False
8.45881462097168,225.7123565673828,15677.970703125,6.410043239593506,314.3314208984375,636.2577514648438,10.613709449768066,71.96338653564453,3.5077085494995117,False
6.930082321166992,210.42587280273438,22802.0390625,5.945302963256836,331.12760198309456,473.7955627441406,13.90010929107666,64.0427017211914,4.149413585662842,False
6.255070209503174,173.84022521972656,25456.275390625,6.233140468597412,333.30865232034,482.0198059082031,14.23510456085205,70.70436096191406,4.194200038909912,False
5.669818878173828,203.4527130126953,27244.634765625,6.604949474334717,328.8816718725965,361.23846435546875,11.095059394836426,68.92312622070312,5.60045862197876,False
7.945407390594482,211.80007934570312,15938.2861328125,6.636454105377197,385.6527404785156,392.16607666015625,9.61902141571045,40.233821868896484,5.428916931152344,False
7.499844074249268,210.9850311279297,23707.46484375,7.1485185623168945,331.03164322134444,484.8433532714844,18.08195686340332,52.96746826171875,4.454476833343506,False
4.695516109466553,198.91049194335938,24767.16796875,7.8797502517700195,353.48468017578125,512.8418579101562,19.9575138092041,44.345680236816406,4.641738414764404,False
6.710633754730225,203.64291381835938,23748.18359375,6.726664066314697,342.4414367675781,455.9675598144531,15.879549026489258,63.67695236206055,3.8632869720458984,False
9.502857208251953,175.58567810058594,4466.25732421875,6.416458606719971,370.8518981933594,406.3098449707031,13.754220962524414,57.43827438354492,4.237345218658447,False
4.405327320098877,169.74253845214844,15039.7099609375,6.30819845199585,352.917724609375,424.25115966796875,14.441753387451172,79.16959381103516,4.086867332458496,False
6.810344696044922,166.59242248535156,18852.123046875,7.847711563110352,341.90010402264335,294.3839111328125,13.447314262390137,54.1176643371582,4.115695953369141,False
6.983133316040039,181.11952209472656,17503.3125,6.9316277503967285,340.8161461600076,181.48374938964844,11.598340034484863,72.03389739990234,4.426982402801514,False
6.9681315422058105,205.98257446289062,19207.3125,7.2859978675842285,283.4785461425781,459.17669677734375,17.916963577270508,50.87881851196289,3.0308234691619873,False
5.762552261352539,184.8474884033203,22159.017578125,6.3022637367248535,347.775146484375,449.43536376953125,12.950544357299805,65.8397445678711,2.9065892696380615,False
8.397248268127441,199.4958038330078,16772.2265625,8.117218017578125,343.4037780761719,402.46490478515625,17.236047744750977,75.85354614257812,2.83579421043396,False
8.828326225280762,189.97555541992188,13527.990234375,7.145967483520508,408.5912170410156,338.512451171875,18.543500900268555,66.48328333866344,3.0528221130371094,False
9.395842552185059,162.15769958496094,9225.7705078125,8.27503490447998,347.59372430415885,451.5246276855469,12.632707595825195,80.24988555908203,3.5304982662200928,False
7.59317684173584,201.06874084472656,19214.185546875,7.71012020111084,351.3860778808594,451.2114562988281,4.371898651123047,74.67398834228516,3.5420925617218018,False
5.149133205413818,198.3324432373047,16795.318359375,6.708067893981934,326.9526062011719,303.3336181640625,12.510886192321777,66.37637329101562,4.839176177978516,False
4.916740417480469,191.4671173095703,23425.33203125,6.8575825691223145,335.56189977958195,316.4222412109375,18.281753540039062,43.4332389831543,3.6132123470306396,False
7.1065757536972525,202.88699340820312,24518.57421875,7.217408657073975,360.15411376953125,492.35205078125,16.743288040161133,72.71012878417969,4.1745686531066895,False
7.3712897300720215,180.7365264892578,25672.3125,7.377422332763672,310.5674743652344,298.0530700683594,12.67160701751709,27.559354782104492,4.0846967697143555,False
8.278752326965332,200.16221618652344,29381.935546875,7.249878883361816,326.9715061401789,456.4706726074219,15.160640716552734,70.3370590209961,4.7677226066589355,False
10.202971458435059,211.96340942382812,21708.94921875,7.4918951988220215,332.75031119298814,395.1407775878906,21.520593643188477,62.659461975097656,3.2709038257598877,False
4.562156677246094,189.26141357421875,23829.79296875,7.81512451171875,325.1673583984375,401.5516662597656,13.62414836883545,66.35193337778884,4.822883605957031,False
7.0032428902069865,205.95225524902344,29743.822265625,7.5186920166015625,325.58840640100914,430.2460021972656,20.72047233581543,82.39676666259766,3.893925905227661,False
5.202672004699707,195.32968139648438,23051.44140625,6.959567070007324,245.72894287109375,473.5484924316406,11.659195899963379,49.52233123779297,3.927980661392212,False
9.149733543395996,230.56190490722656,30468.642578125,7.6676554679870605,337.5579833984375,539.6250610351562,16.133499145507812,58.134525299072266,5.436819076538086,False
7.6155571937561035,204.86997985839844,8403.2841796875,6.01231575012207,418.3094177246094,311.178955078125,12.742328643798828,67.2823257446289,4.243133544921875,False
7.813067436218262,183.69747924804688,9812.1220703125,7.607639312744141,400.37353515625,539.6107788085938,12.34808349609375,90.39027404785156,4.713719367980957,False
7.721032619476318,203.3547821044922,35800.69921875,7.683399200439453,312.9190368652344,424.96697998046875,18.092607498168945,96.44213104248047,4.168487071990967,False
9.056244850158691,197.6663055419922,17403.53125,7.68891716003418,337.4601745605469,414.7666320800781,15.349868774414062,63.696746826171875,3.3193538188934326,False
8.082656860351562,213.7551727294922,21689.634765625,8.771783828735352,325.0342712402344,508.1164855957031,17.038211822509766,66.38453778101602,5.247129917144775,False
5.848667144775391,210.4412078857422,33095.390625,6.095883846282959,312.37579345703125,482.4519348144531,11.813337326049805,61.93507766723633,4.8745341300964355,False
8.470545768737793,199.48971557617188,26559.380859375,7.904381275177002,351.7389221191406,491.51971435546875,9.50487995147705,66.14635467529297,2.9358019828796387,False
9.228581428527832,180.9447021484375,10345.3994140625,6.0569891929626465,346.328777017085,397.0431213378906,18.215463638305664,53.97673416137695,3.8391854763031006,False
8.170588493347168,208.2791748046875,12806.83203125,5.489258766174316,322.92401123046875,472.0282897949219,13.389548301696777,28.566364288330078,3.995857000350952,False
6.381977081298828,211.9172821044922,20709.279296875,6.171162128448486,278.94927978515625,525.0755004882812,16.68407440185547,74.5298080444336,4.991896152496338,False
6.989813804626465,221.00022888183594,20769.51953125,8.361019134521484,307.5231628417969,326.58636474609375,12.286236763000488,62.76861572265625,4.808582782745361,False
10.378108024597168,200.00411987304688,8644.8310546875,9.823507308959961,442.76141357421875,473.8141784667969,14.156241416931152,64.1644058227539,3.5774474143981934,False
7.1364394129783895,182.10057067871094,17423.408203125,6.815718650817871,337.6683729335113,495.51312255859375,11.558371543884277,85.86412048339844,3.5681965351104736,False
3.590822458267212,213.70230102539062,33431.671875,5.54236364364624,308.380615234375,465.630126953125,18.126924514770508,50.0810546875,4.14478063583374,False
7.388518333435059,201.05770874023438,13921.146484375,7.7664947509765625,338.31803358524905,560.7747192382812,14.467095375061035,74.37401580810547,4.409053325653076,False
6.966835021972656,158.04306030273438,12256.6787109375,7.105618953704834,371.5174255371094,382.44384765625,14.408080101013184,78.10073852539062,2.9574410915374756,False
6.703486919403076,182.1295166015625,24316.875,7.009805679321289,341.3339538574219,479.5375061035156,20.08864402770996,53.925045013427734,4.223883628845215,False
7.139671325683594,183.427978515625,16916.4140625,6.5394158363342285,341.3420454424645,363.7677001953125,10.144442558288574,42.31547164916992,3.151388645172119,False
6.6487932205200195,213.95999145507812,16388.404296875,7.656506061553955,357.7281188964844,372.6869812011719,15.379518508911133,31.8955078125,5.138047695159912,False
7.083637701093324,182.05953979492188,17869.455078125,9.832911491394043,361.5377502441406,359.4494323730469,20.20932960510254,49.156639099121094,4.170075416564941,False
7.940713405609131,197.0499725341797,10762.9384765625,7.515814781188965,384.7911376953125,406.1167907714844,16.23726463317871,74.61165618896484,2.9901509284973145,False
8.228564262390137,182.1968994140625,18132.09375,6.71200704574585,335.780517578125,569.9348754882812,15.11934757232666,63.35970687866211,2.7819440364837646,False
8.665692329406738,162.35968017578125,3802.41162109375,6.281552791595459,352.7406914034062,337.9728088378906,19.270708084106445,84.19258117675781,3.494032144546509,False
5.064042568206787,214.52932739257812,21035.107421875,9.134812355041504,332.3566116303283,471.1781005859375,13.333518028259277,58.19422149658203,5.122702598571777,False
7.894322872161865,176.31930541992188,11697.607421875,8.198105812072754,376.78399658203125,383.01910400390625,12.677488327026367,57.28026580810547,2.8650314807891846,False
7.0427937507629395,194.04672241210938,16733.125,7.7019267082214355,350.24395751953125,504.92547607421875,19.703420639038086,82.25345611572266,3.965646982192993,False
8.30506420135498,177.1743927001953,8451.3193359375,5.807121753692627,335.8717041015625,361.6914367675781,14.35935115814209,50.92667007446289,4.46121072769165,False
8.26830768585205,168.68789672851562,13181.673828125,6.383225917816162,298.3070983886719,294.2980651855469,12.366424560546875,79.20647430419922,4.4054083824157715,False
6.9741667218478565,199.57052612304688,25305.103515625,5.95679235458374,329.13323974609375,287.5960693359375,13.786141395568848,33.781558990478516,4.1330695152282715,False
7.397562503814697,217.93679809570312,24502.154296875,5.919098854064941,329.9235137249059,426.00299072265625,12.263150215148926,49.50251388549805,2.459336757659912,False
6.367298603057861,183.78948974609375,11619.7099609375,6.035221099853516,343.8280029296875,362.77545166015625,16.643695831298828,73.25922393798828,2.6147661209106445,False
8.410625457763672,185.18374633789062,29985.25,8.178008079528809,328.0553661140962,489.90435791015625,17.697765350341797,74.2300796508789,4.352295875549316,False
7.098245620727539,207.53538513183594,22671.48046875,6.284582138061523,295.585693359375,297.10650634765625,17.105327606201172,71.02082824707031,4.909571647644043,False
7.322502136230469,196.1042938232422,19534.421875,6.661157608032227,297.84136962890625,418.07550048828125,17.161767959594727,69.46736145019531,2.981649160385132,False
5.198225021362305,173.1198272705078,11178.4033203125,5.893458366394043,343.2098693847656,390.06561279296875,14.16089916229248,65.4330062866211,3.8073182106018066,False
7.103546032667873,213.47470092773438,20626.515625,8.442056655883789,318.73876953125,337.8954162597656,7.689294338226318,77.00312042236328,3.236570119857788,False
6.926413442393203,215.75021362304688,36776.13671875,6.669056415557861,294.1110534667969,489.8858642578125,11.180349349975586,66.15767473559804,4.754312992095947,False
6.280905246734619,178.7071990966797,16950.015625,7.866135120391846,370.32635498046875,388.5526123046875,10.971431732177734,74.60802459716797,3.0212888717651367,False
6.823930263519287,146.13059997558594,13467.8798828125,6.423224449157715,289.5764465332031,412.84051513671875,14.307686805725098,81.52953338623047,4.016144275665283,False
6.629993438720703,209.1570281982422,20487.923828125,7.278911590576172,332.8775634765625,524.88330078125,20.751750946044922,60.23684310913086,3.1552135944366455,False
10.301570892333984,199.60935974121094,11278.830078125,7.464893341064453,433.44818115234375,461.9792785644531,17.099096298217773,63.190834045410156,3.857851982116699,False
6.123193740844727,181.3124237060547,15135.126953125,5.824041843414307,293.8406982421875,391.6103210449219,11.591794967651367,61.94668197631836,5.457830905914307,False
7.246610299218452,196.13931274414062,10540.341796875,6.4594597816467285,359.1687316894531,400.6795959472656,13.583559036254883,45.90070724487305,4.1494832038879395,False
6.848033428192139,165.81532287597656,6068.455078125,6.132131576538086,373.20684814453125,442.7862548828125,11.118171691894531,64.02760314941406,4.25703763961792,False
6.826652657890042,227.0826873779297,45166.640625,8.075967788696289,279.758056640625,472.2459411621094,17.01380157470703,72.60633087158203,3.144789695739746,False
6.411525726318359,197.68487548828125,19505.296875,8.262397766113281,335.566207050512,436.0564880371094,12.902108192443848,66.41646717929049,2.2006781101226807,False
5.122648239135742,195.01889038085938,17279.513671875,7.027441501617432,336.4660339355469,446.71221923828125,4.861631393432617,72.83753967285156,3.5045244693756104,False
3.4348556995391846,185.34295654296875,22690.244140625,8.150954246520996,309.2176513671875,398.3701171875,10.034950256347656,55.947322845458984,5.389510154724121,False
10.848130226135254,236.7250518798828,14036.1640625,9.002884864807129,334.14483382131385,564.90283203125,17.40581703186035,66.4995258855923,3.133838653564453,False
8.725393295288086,213.61036682128906,18862.673828125,8.670126914978027,324.027099609375,396.22900390625,20.055736541748047,96.59146118164062,4.565542221069336,False
10.3517427444458,241.6717987060547,18588.302734375,8.784378051757812,331.09121988845834,303.6881103515625,13.615947723388672,75.12989807128906,5.227609634399414,False
8.174028396606445,192.3904266357422,19808.537109375,6.955821514129639,377.7001953125,503.5221862792969,13.780973434448242,59.54277038574219,3.9867806434631348,False
8.034011840820312,197.60939025878906,25204.673828125,6.501096725463867,330.55218505859375,490.8215026855469,15.107288360595703,89.80094909667969,2.452120780944824,False
8.205541610717773,188.27719116210938,19902.82421875,5.002791881561279,337.79604592929877,331.3455810546875,15.062840461730957,57.814334869384766,3.63403058052063,False
7.893818378448486,203.29661560058594,16853.67578125,7.334428310394287,339.767578125,398.989501953125,19.31875991821289,58.574607849121094,3.5085036754608154,False
7.272341808711552,218.40554809570312,11370.6494140625,6.86682653427124,392.8419189453125,284.5511779785156,16.09552001953125,66.51652854102429,3.2665624618530273,False
5.48813533782959,192.5079803466797,21715.7734375,5.454063415527344,332.37110931928356,553.2872314453125,13.081523895263672,87.279541015625,3.652991533279419,False
8.163074493408203,162.23184204101562,10494.5732421875,8.087495803833008,423.9520263671875,487.318359375,16.011608123779297,69.97672271728516,4.128192901611328,False
6.867000579833984,184.2484893798828,14464.115234375,6.759352207183838,371.2838134765625,497.7037658691406,14.78286075592041,73.43347930908203,3.4841206073760986,False
5.821706771850586,220.12542724609375,40009.72265625,6.6318359375,316.64112830770614,493.11834716796875,12.420833587646484,49.129302978515625,3.908198833465576,False
7.451888561248779,203.20028686523438,15825.1826171875,6.754242420196533,336.93773192034206,348.9529113769531,11.094898223876953,91.49308776855469,3.9300806522369385,False
6.898314952850342,228.8028106689453,45939.6875,9.564026832580566,377.8135070800781,392.38232421875,13.872994422912598,66.98358917236328,3.8223071098327637,False
7.544340133666992,180.11972045898438,17253.3359375,5.741253852844238,339.15271631847617,575.9221801757812,14.861906051635742,58.754981994628906,4.435513973236084,False
4.103868007659912,168.2836456298828,22207.470703125,5.8500800132751465,339.7577663983744,344.8695068359375,15.466455459594727,34.71962356567383,3.8088507652282715,False
5.329938888549805,196.0346221923828,24000.5234375,5.729574680328369,335.0923156738281,511.7052001953125,18.588090896606445,68.45803833007812,5.799322128295898,False
6.962993621826172,206.81788635253906,24036.59375,7.6914544105529785,356.632568359375,552.2730712890625,8.574690818786621,88.6201400756836,4.760381698608398,False
6.846059799194336,177.82913208007812,16515.669921875,6.147210121154785,308.9017028808594,542.9970703125,12.626473426818848,60.90025329589844,4.709373950958252,False
6.279842376708984,175.89064025878906,11582.5048828125,7.059985160827637,343.742347535474,430.32208251953125,15.674785614013672,86.76025390625,3.2785844802856445,False
6.73984956741333,197.37448120117188,34702.41796875,5.86968469619751,261.0679931640625,390.04656982421875,17.757917404174805,91.38460540771484,4.3796305656433105,False
5.495035648345947,184.43482971191406,26744.30078125,7.356517314910889,332.0302734375,459.6421813964844,18.417924880981445,71.87557220458984,4.1154279708862305,False
7.583770275115967,217.28326416015625,36343.40625,8.53272533416748,375.9643859863281,393.877685546875,17.44230079650879,77.72225952148438,3.642289161682129,False
5.866702556610107,159.4331817626953,16298.0009765625,5.784708499908447,341.6553645863265,525.2138061523438,11.055445671081543,79.28874206542969,5.302972793579102,False
6.394980430603027,220.42239379882812,21051.2578125,8.73950481414795,348.0477600097656,353.36541748046875,19.637041091918945,48.70998764038086,4.7320027351379395,False
5.821261405944824,204.04888916015625,37174.00390625,7.867815017700195,329.0195617675781,466.78326416015625,13.988706588745117,96.82695770263672,4.371078968048096,False
5.514062404632568,212.55506896972656,27859.748046875,6.646355628967285,286.47479248046875,524.5479736328125,13.067803382873535,99.91838836669922,4.460362911224365,False
6.730883598327637,192.4360809326172,22296.060546875,7.450541019439697,334.7552274707035,326.3507385253906,11.827401161193848,66.37052427754611,4.359137535095215,False
5.198067665100098,200.46444702148438,37200.2421875,7.40109920501709,311.7948913574219,573.1355590820312,17.23865509033203,74.9482192993164,3.2950339317321777,False
7.193402787466842,191.01231384277344,9626.8935546875,6.17937707901001,353.0558776855469,271.3684387207031,13.44117546081543,92.48613739013672,4.654177188873291,False
7.362331390380859,215.6372528076172,28263.310546875,6.478948593139648,326.98469612125183,417.60821533203125,16.55254364013672,56.39934539794922,3.9335649013519287,False
7.066141605377197,207.36143493652344,22523.43359375,8.064693450927734,343.29388427734375,503.2533264160156,12.168334007263184,83.6566162109375,4.127599239349365,True
5.420347690582275,232.38682556152344,25107.208984375,6.536679744720459,325.3046916936814,473.2680969238281,10.817122459411621,81.22498321533203,3.7567200660705566,True
7.0153326988220215,222.11300659179688,16351.2265625,7.838884353637695,353.1898193359375,420.1368713378906,8.840514183044434,66.54393768310547,5.251223087310791,True
7.460701774991272,246.23976135253906,6974.22509765625,9.812468528747559,417.9118347167969,355.532470703125,13.330090522766113,68.38838195800781,4.138696670532227,True
6.044671535491943,150.6710205078125,13593.599609375,6.456238269805908,401.7373962402344,392.2067565917969,19.827392578125,43.564292907714844,4.914883613586426,True
6.198650360107422,246.47695922851562,31369.541015625,6.2189483642578125,319.1266452673728,527.0007934570312,10.522934913635254,62.12546920776367,3.574172019958496,True
7.678945064544678,178.20054626464844,20243.087890625,7.0994744300842285,338.47558382865816,363.97406005859375,11.913204193115234,58.27370071411133,3.0895495414733887,True
8.062066078186035,125.70532989501953,35381.671875,4.740110874176025,329.86249117904396,463.4616394042969,7.09122896194458,98.59455871582031,3.0400314331054688,True
7.255798816680908,200.16378784179688,32595.12109375,7.57243537902832,324.551513671875,489.27215576171875,12.305634498596191,45.68741989135742,3.968177080154419,True
7.308591639804724,239.43995666503906,15426.9150390625,8.731751441955566,392.3121643066406,364.95648193359375,14.162010192871094,70.7659912109375,3.4301674365997314,True
6.792407512664795,306.6274719238281,28508.216796875,6.811415672302246,293.07830810546875,306.11553955078125,9.006142616271973,60.91203308105469,2.505650520324707,True
7.368165493011475,204.0414581298828,8524.875,9.46976375579834,429.8143310546875,328.5652770996094,11.173154830932617,88.8888168334961,3.6842634677886963,True
8.837786674499512,195.82720947265625,11610.2080078125,7.87006139755249,332.759033203125,514.926025390625,12.29161548614502,87.4290771484375,2.087080240249634,True
7.10814094543457,148.62460327148438,23688.205078125,7.003487586975098,339.1126708984375,259.9637756347656,17.21857452392578,56.0449333190918,4.015246391296387,True
5.289618492126465,194.056396484375,21776.169921875,6.278292655944824,359.0997314453125,353.7729187011719,14.18147087097168,33.5920295715332,4.548100471496582,True
7.169250965118408,162.4782257080078,39624.0859375,5.408353805541992,300.69512939453125,507.0270080566406,16.559228897094727,66.11956662178261,4.53317403793335,True
7.695049285888672,153.80978393554688,11598.6826171875,8.053642272949219,348.25707631577444,297.6758728027344,12.907350540161133,73.6887435913086,3.1988790035247803,True
8.69314956665039,219.1782989501953,16559.876953125,8.877010345458984,355.30499267578125,545.2286376953125,7.283012866973877,73.33152770996094,4.687846660614014,True
7.174892629502001,184.78604125976562,18113.017578125,8.319080352783203,381.5132141113281,530.2484130859375,19.385940551757812,70.95756530761719,3.0770349502563477,True
6.999764442443848,219.14337158203125,16078.458984375,7.652134895324707,355.68890380859375,282.5023498535156,17.297555923461914,65.06507110595703,3.360130786895752,True
6.897922515869141,173.39093017578125,16616.517578125,6.352933406829834,329.33978271484375,337.43609619140625,12.446975708007812,60.1594123840332,4.490105152130127,True
6.382314682006836,212.83851623535156,24259.751953125,7.360504627227783,330.33150515850156,342.5814514160156,12.332979202270508,67.74899291992188,2.8813700675964355,True
9.917092323303223,196.60374450683594,37215.2265625,7.408017635345459,247.9348602294922,522.5485229492188,5.512039661407471,77.83081817626953,3.3933253288269043,True
5.609025478363037,271.6308288574219,26955.330078125,6.7727532386779785,296.65155029296875,443.87255859375,17.048683166503906,72.827392578125,3.3548901081085205,True
6.277462959289551,225.9419403076172,22807.337890625,7.3892598152160645,330.90870717919444,328.6844177246094,13.225666046142578,50.80335235595703,3.123166084289551,True
7.17370746838772,190.26736450195312,15255.115234375,7.597687721252441,366.19232177734375,418.47674560546875,13.312723159790039,68.94488525390625,3.7967374324798584,True
7.714312553405762,191.69264221191406,19789.63671875,7.8565568923950195,340.3263244628906,377.9263610839844,18.91702651977539,58.692203521728516,4.425134181976318,True
6.3512864112854,162.21334838867188,22337.44921875,6.867963790893555,379.6138000488281,337.0773620605469,11.712149620056152,65.96781158447266,3.7070538997650146,True
7.958871364593506,184.82855224609375,26845.66015625,7.6737189292907715,327.2391052246094,389.26422119140625,11.032867431640625,52.510520935058594,4.0079026222229,True
6.6181864738464355,164.2545623779297,13776.6220703125,5.925462245941162,345.66911422519297,315.19940185546875,12.082168579101562,61.474422454833984,3.797067880630493,True
6.000723361968994,161.00230407714844,21111.6640625,4.339126110076904,301.3071594238281,384.7532958984375,9.26196575164795,71.0022201538086,4.176218509674072,True
6.392927646636963,159.16893005371094,21217.158203125,5.298877239227295,317.25677490234375,305.24359130859375,16.865453720092773,62.154380798339844,3.271338939666748,True
6.977267742156982,223.2788848876953,20287.359375,5.274744510650635,282.0857238769531,377.0003967285156,14.046277046203613,67.62724304199219,2.3670413494110107,True
6.3534369468688965,218.5493621826172,18664.84375,6.690393924713135,312.39300537109375,503.4148864746094,15.422459602355957,94.38693237304688,3.8611092567443848,True
6.01993989944458,140.86790466308594,20666.41015625,6.903524875640869,341.87229983125525,428.6953430175781,8.398237228393555,67.29095458984375,2.7470271587371826,True
7.330196857452393,159.80372619628906,14884.33984375,9.194575309753418,411.1006774902344,404.1959228515625,17.37574005126953,51.15397262573242,2.8847150802612305,True
9.241338729858398,157.927490234375,31598.537109375,6.778054237365723,329.1710014934105,464.0254821777344,12.053627014160156,93.87168884277344,3.8425776958465576,True
6.593174457550049,176.61282348632812,21857.83984375,4.709044456481934,338.14342757813915,310.43597412109375,14.314281463623047,52.697959899902344,3.9316532611846924,True
6.948265552520752,225.2317657470703,6874.5859375,10.116984367370605,429.0456237792969,386.58209228515625,15.845192909240723,59.47401428222656,4.095612049102783,True
7.249360029142046,210.73284912109375,13671.416015625,8.546187400817871,418.4705505371094,352.2523193359375,10.353658676147461,45.30400848388672,3.3648908138275146,True
7.176133392647426,214.7257080078125,21093.216796875,7.366497039794922,291.28326416015625,539.0065307617188,14.670245170593262,62.25962448120117,3.5892515182495117,True
5.938321113586426,214.46957397460938,10815.3994140625,7.7955427169799805,339.5227190998653,626.1287231445312,17.477598190307617,59.98973846435547,3.889500141143799,True
8.249550819396973,230.93283081054688,32898.75,7.019970893859863,280.67498779296875,364.9311218261719,17.051185607910156,69.7816390991211,4.2848310470581055,True
6.903817176818848,258.52685546875,35455.7109375,4.88137674331665,206.24722290039062,318.62261962890625,13.961739540100098,65.8666763305664,3.8678433895111084,True
7.605674743652344,210.37142944335938,9583.7099609375,8.509403228759766,371.4716796875,325.6836853027344,11.781265258789062,86.51347351074219,5.554074764251709,True
6.589290618896484,108.6990737915039,34298.15234375,4.9494099617004395,317.61016845703125,324.59027099609375,19.495393753051758,66.20083335078839,3.181112051010132,True
7.511816501617432,174.6141357421875,15736.8935546875,8.034283638000488,341.32979973721666,303.108154296875,17.425460815429688,90.66233825683594,2.28551983833313,True
7.3014445304870605,143.4313507080078,46718.5546875,4.768780708312988,252.46649169921875,446.83966064453125,12.575416564941406,60.64840316772461,3.1600749492645264,True
6.7882914543151855,182.03689575195312,25661.361328125,6.939853191375732,352.3449401855469,419.8958740234375,11.835382461547852,71.43603515625,4.255948543548584,True
6.97149021709655,184.04098510742188,23727.09375,4.964448928833008,277.68084716796875,382.8477478027344,10.213623046875,75.56105041503906,3.7144691944122314,True
6.840956160152734,194.76121520996094,38119.1875,6.998157978057861,333.2892150878906,436.92742919921875,13.746598243713379,60.49058151245117,3.356977939605713,True
6.692531585693359,200.40435791015625,37033.15234375,4.727072238922119,280.84490966796875,376.67279052734375,12.485257148742676,57.818485260009766,2.942115306854248,True
6.028100967407227,262.8084716796875,17150.099609375,9.378390312194824,380.3013610839844,514.545654296875,20.637598037719727,76.5290756225586,4.080786228179932,True
6.715940475463867,218.0623779296875,17180.1875,8.915970802307129,393.2757568359375,349.0030822753906,14.354595184326172,57.2470817565918,2.404729127883911,True
7.490786552429199,202.4580535888672,26551.369140625,7.120772361755371,312.93402099609375,306.3455505371094,17.998159408569336,67.3560791015625,4.3545355796813965,True
7.051118763862083,287.3702087402344,41325.4453125,5.517279624938965,304.9057526316259,375.7245178222656,13.977337837219238,97.85977172851562,4.322325229644775,True
6.3365888595581055,106.38011169433594,15570.142578125,6.851404666900635,441.587646484375,380.4330139160156,5.218233108520508,48.73551559448242,4.356594085693359,True
7.381757736206055,203.46029663085938,1372.091064453125,11.12915325164795,475.7374572753906,361.3424987792969,16.548439025878906,55.132545471191406,3.338021755218506,True
7.256014823913574,196.6498260498047,44184.23046875,5.265557765960693,260.42559814453125,324.2501525878906,8.14892864227295,69.37504577636719,4.5349602699279785,True
7.025821685791016,147.9680633544922,21226.666015625,7.342380523681641,387.4028625488281,421.09991455078125,13.996100425720215,51.17405700683594,4.746091842651367,True
7.6068806648254395,183.84010314941406,29339.9296875,5.703617095947266,259.53472900390625,426.9859313964844,14.006982803344727,91.59070587158203,4.564460277557373,True
6.983860492706299,202.25628662109375,11848.76953125,7.657534122467041,341.1459156772977,486.9705505371094,16.061439514160156,61.851356506347656,4.159566402435303,True
6.347020149230957,97.2809066772461,19743.1484375,3.402681589126587,305.4312438964844,502.91900634765625,15.094091415405273,86.55416870117188,4.526350975036621,True
7.32282829284668,230.3428955078125,24682.125,7.4255805015563965,323.8327331542969,349.3132019042969,9.497937202453613,50.6601448059082,3.981968879699707,True
6.777506351470947,207.05075073242188,15228.9130859375,6.182409286499023,321.3994140625,523.2417602539062,12.683724403381348,86.16596984863281,4.263180255889893,True
8.370365142822266,155.55355834960938,27193.31640625,5.791452407836914,335.08966211582674,356.5198669433594,7.832108020782471,69.41966247558594,2.746649742126465,True
6.642755508422852,168.89642333984375,36505.5234375,6.06256103515625,298.552490234375,474.0574951171875,14.29924201965332,71.70689392089844,4.299209117889404,True
6.21758508682251,203.70721435546875,15597.640625,7.751461029052734,361.247802734375,452.9220275878906,14.59714412689209,70.8509750366211,4.150166988372803,True
6.630122184753418,192.52169799804688,36269.703125,4.9738664627075195,277.4992980957031,320.4708557128906,14.786347389221191,80.98020935058594,3.35276460647583,True
8.05102252960205,171.7517547607422,28338.6640625,6.392120838165283,319.00506591796875,496.9062805175781,16.19287109375,91.12322235107422,3.7674431800842285,True
8.41608715057373,208.32601928710938,28234.90625,7.784122943878174,297.3305358886719,444.56011962890625,12.64517593383789,78.75653076171875,4.930083751678467,True
6.964977525130166,166.9139862060547,24037.509765625,7.136712551116943,349.8852844238281,411.47845458984375,9.456473350524902,94.901123046875,3.743703842163086,True
7.933067798614502,204.7242889404297,12732.888671875,7.71718692779541,331.0871887207031,449.68560791015625,15.669628143310547,55.40407943725586,4.534233093261719,True
7.917608737945557,181.525390625,15805.650390625,7.2630181312561035,341.0950291539362,291.79608154296875,13.043617248535156,77.13105010986328,3.784085273742676,True
8.942046165466309,215.6737823486328,56488.671875,3.231438398361206,302.2121810627623,541.9154663085938,9.313770294189453,70.82837677001953,4.354287624359131,True
7.033945560455322,246.62286376953125,15428.451171875,7.5707688331604,305.6164245605469,516.2178344726562,17.526819229125977,91.60279083251953,3.9317307472229004,True
6.569797285297826,158.2076416015625,45243.02734375,4.064877986907959,247.18003845214844,399.7669677734375,16.086233139038086,53.5020866394043,4.108856678009033,True
7.58004903793335,225.08856201171875,31749.923828125,5.884795188903809,321.0999280983158,503.9087219238281,18.502405166625977,78.35433959960938,3.9596364498138428,True
8.473249435424805,129.24008178710938,20465.587890625,7.212916851043701,342.804804997004,590.9065551757812,15.292705535888672,63.9398193359375,4.810185432434082,True
6.8164167404174805,237.26950073242188,24170.275390625,8.706012725830078,349.7721862792969,477.0239562988281,16.574060440063477,92.94575500488281,4.274738311767578,True
6.460033416748047,215.44064331054688,35775.79296875,6.502543926239014,307.5634460449219,365.0941467285156,8.127542495727539,77.5549545288086,3.535597801208496,True
6.2278265953063965,169.9262237548828,22550.4921875,4.973592758178711,297.4045104980469,460.4153747558594,20.78959083557129,93.30073547363281,4.007347583770752,True
7.149852175617663,190.56752014160156,18589.03125,7.470352649688721,362.14697265625,471.44476318359375,13.760231018066406,90.30631256103516,4.400203704833984,True
7.408212710256393,195.5409698486328,4142.4990234375,9.89270305633545,462.4742126464844,435.4182434082031,15.846047401428223,66.61403631673559,3.6129188537597656,True
5.6327314376831055,283.9972839355469,28315.4375,7.144655227661133,318.46514892578125,425.9842224121094,11.813231468200684,67.6510238647461,5.114606857299805,True
6.191241264343262,231.3227996826172,29778.357421875,4.381096839904785,248.3043975830078,488.95416259765625,13.022134780883789,54.06085205078125,3.315070629119873,True
7.701032638549805,121.57514190673828,16978.927734375,6.812415599822998,354.250244140625,368.2245788574219,12.997262954711914,69.26020812988281,3.3954825401306152,True
7.019758288906639,187.0432891845703,24634.552734375,9.081880569458008,332.2549344682915,443.8434143066406,11.053924560546875,74.1081771850586,3.4987168312072754,True
8.832640647888184,199.42503356933594,25100.130859375,6.817660331726074,329.81992748431276,453.7579650878906,14.632438659667969,82.650634765625,3.4521496295928955,True
5.646083354949951,219.34292602539062,22455.6953125,8.283758163452148,386.0387878417969,401.25628662109375,16.650114059448242,31.174039840698242,3.9385056495666504,True
7.332103729248047,185.41506958007812,24412.50390625,7.253851890563965,334.18615732573465,310.261962890625,14.942216873168945,66.33794805489597,3.901096820831299,True
7.8967437744140625,197.60208129882812,9407.6640625,9.610055923461914,400.2745666503906,270.7940673828125,11.30058765411377,53.201847076416016,4.889458179473877,True
5.675294876098633,228.59039306640625,39172.390625,6.014737606048584,316.77326961689784,330.07861328125,11.42337703704834,59.26709747314453,5.021464824676514,True
6.010617733001709,184.55857849121094,15940.5732421875,8.16522216796875,421.486083984375,314.5298156738281,20.314617156982422,83.70793914794922,4.867287635803223,True
7.986018657684326,180.79556274414062,24712.994140625,5.687865257263184,287.5708923339844,434.95452880859375,8.642494201660156,84.58196258544922,3.1530046463012695,True
7.365167857269822,263.857666015625,16670.99609375,7.758236885070801,328.77474964267446,427.81146240234375,17.15196990966797,77.81069946289062,4.304051399230957,True
7.159614086151123,167.8233184814453,30897.990234375,5.484920501708984,330.58262291267005,437.34857177734375,15.581902503967285,61.8535270690918,4.94384241104126,True
7.565197944641113,213.4282684326172,11246.4267578125,8.208678245544434,377.2216796875,341.7164611816406,15.669955253601074,67.23005676269531,5.184999942779541,True
6.8655686378479,231.44505310058594,22585.7890625,5.676387310028076,326.8782037902437,496.6034240722656,16.154964447021484,91.46170806884766,4.916218280792236,True
5.73667573928833,180.29090881347656,12683.4833984375,7.907876491546631,423.8763122558594,415.0065612792969,12.392868995666504,83.70704650878906,2.741791248321533,True
6.129069805145264,198.02108764648438,22207.482421875,7.387451171875,333.4438140028307,464.851318359375,14.028602600097656,61.44694519042969,3.837639093399048,True
5.991371154785156,186.72262573242188,28702.953125,5.922293186187744,338.027587890625,430.1851501464844,17.664554595947266,68.57319641113281,4.539371013641357,True
9.723377227783203,190.8974151611328,9076.646484375,9.752087593078613,357.38470458984375,443.03741455078125,13.30782413482666,62.82668685913086,4.072063446044922,True
7.7363128662109375,225.0631103515625,19496.84765625,7.1583428382873535,289.94598388671875,433.9740295410156,15.153817176818848,74.76509857177734,3.7009167671203613,True
6.715799331665039,193.16250610351562,16006.97265625,6.3691630363464355,314.4524230957031,316.27801513671875,17.86553382873535,85.19251251220703,4.999752044677734,True
7.966762542724609,163.92724609375,13354.7060546875,7.476969242095947,345.5690747205987,366.3795471191406,17.125864028930664,66.51628164510497,4.816347599029541,True
8.242558479309082,155.61611938476562,24042.1875,7.639210224151611,338.2938537597656,418.2637634277344,13.265852928161621,66.57794952392578,3.5294272899627686,True
6.539546012878418,215.44520568847656,28979.767578125,7.015365123748779,312.3354797363281,426.0834655761719,17.950000762939453,54.98387908935547,4.0764031410217285,True
6.785384178161621,216.64706420898438,13098.8583984375,5.5655293464660645,339.04355699669037,343.972412109375,15.238641738891602,65.61470794677734,4.677920818328857,True
7.007974624633789,248.9047088623047,26136.314453125,7.773736000061035,335.0542297363281,403.7542419433594,10.905476570129395,75.33302307128906,4.628974914550781,True
7.740384101867676,179.30238342285156,12477.771484375,9.989628791809082,421.39398193359375,471.78314208984375,8.412402153015137,66.16343688964844,3.0133607387542725,True
7.918087005615234,175.3372344970703,29565.7109375,7.4321794509887695,330.9165391959664,322.5334167480469,11.309245109558105,70.11674499511719,4.640042781829834,True
5.772769927978516,186.06060791015625,26693.76171875,5.808579444885254,333.0733642578125,312.8693542480469,12.376272201538086,32.76116180419922,4.1546854972839355,True
7.57168436050415,173.00833129882812,8835.5556640625,9.566105842590332,436.2940673828125,305.83447265625,11.009592056274414,92.48188781738281,3.920287609100342,True
8.733525276184082,203.39613342285156,24578.421875,6.594144821166992,288.678466796875,336.82464599609375,16.701919555664062,68.79306030273438,3.1492018699645996,True
6.917858123779297,200.70550537109375,27651.609375,6.5297746658325195,321.6964416503906,453.63751220703125,11.28338623046875,91.94217681884766,5.544167518615723,True
8.512781143188477,157.6669158935547,33092.66796875,6.765469074249268,305.8555603027344,377.61895751953125,13.309391021728516,43.01942825317383,4.026622295379639,True
6.5391154289245605,218.6197052001953,23308.296875,7.177445411682129,355.4438171386719,585.1664428710938,10.742145538330078,40.77385711669922,4.211671829223633,True
6.968864478756487,228.75682067871094,32161.83984375,6.961296558380127,314.1432800292969,309.6083984375,19.218374252319336,54.268009185791016,5.537476062774658,True
8.227083206176758,274.3518981933594,40546.95703125,7.130161285400391,241.44691467285156,417.6737060546875,9.809669494628906,79.39710235595703,3.6191818714141846,True
7.274198055267334,156.11082458496094,16255.9013671875,7.654550075531006,381.18048095703125,591.8014526367188,12.312492370605469,59.680519104003906,3.1527628898620605,True
7.1189799308776855,160.9626007080078,32528.115234375,5.089127540588379,292.28790283203125,440.31787109375,10.008146286010742,61.67980194091797,5.349210739135742,True
6.750898354704258,163.40982055664062,32865.5078125,6.066792964935303,317.4674987792969,279.64678955078125,10.811673164367676,81.52645874023438,3.5746052265167236,True
5.9419426918029785,249.16357421875,14778.033203125,6.390679359436035,335.79608154296875,517.5468139648438,15.931879043579102,66.55142211914062,4.302179336547852,True
7.278911113739014,135.25927734375,22184.52734375,7.156540393829346,357.9097900390625,480.1430969238281,11.316001892089844,54.943992614746094,4.201577186584473,True
7.445188999176025,150.77572631835938,4168.19677734375,10.573403358459473,476.5397033691406,355.5784912109375,15.352424621582031,74.76097869873047,2.7458038330078125,True
6.442496299743652,183.07135009765625,11592.4453125,8.960736274719238,408.24267578125,385.0148620605469,16.148258209228516,83.33251953125,2.891018867492676,True
6.756917939586498,190.87747192382812,39802.515625,5.216683387756348,288.23150634765625,365.1481628417969,13.680837631225586,91.92574310302734,4.9898762702941895,True
6.919726371765137,194.85899353027344,35558.73046875,6.37197732925415,299.7867126464844,394.8293151855469,11.98396110534668,69.85313415527344,4.120827674865723,True
6.4723711013793945,164.76890563964844,24246.50390625,7.623012065887451,373.2127990722656,368.0794982910156,12.764141082763672,96.79540252685547,4.134575366973877,True
8.25121784210205,167.38536071777344,17617.876953125,7.044432640075684,323.4000244140625,277.4127197265625,12.493510246276855,61.27523422241211,3.495063066482544,True
7.075796261614617,191.66517639160156,18964.091796875,8.148358345031738,318.9924011230469,354.1018371582031,15.072450637817383,84.11567687988281,4.600663185119629,True
6.707108020782471,211.0865020751953,10794.7841796875,7.967188358306885,373.5718688964844,406.19854736328125,18.781679153442383,66.53655472337023,2.6402463912963867,True
7.240194320678711,154.1375732421875,31144.703125,4.807069301605225,261.21331787109375,451.0158386230469,10.851916313171387,66.26585158186083,3.3628218173980713,True
6.5284905433654785,184.4291534423828,10835.201171875,6.826330661773682,378.7757263183594,430.4187927246094,13.62132453918457,100.82179260253906,4.585971832275391,True
7.031839370727539,175.4658660888672,12653.9443359375,7.836606025695801,343.32507186766065,571.8220825195312,13.2164888381958,61.084651947021484,2.725564956665039,True
7.494390964508057,205.19070434570312,25058.16015625,6.881659030914307,327.94940185546875,313.0915222167969,16.58907127380371,72.97673797607422,3.5796518325805664,True
6.957433700561523,214.38014221191406,15007.421875,6.997159957885742,328.8187561035156,468.5550537109375,17.40726089477539,104.20710754394531,4.892050266265869,True
7.0598381152728535,179.40817260742188,16589.8125,8.405841827392578,317.8375244140625,327.6509094238281,15.5535888671875,66.46750075825145,3.3273844718933105,True
6.962324619293213,205.18301391601562,35229.078125,5.088710308074951,254.7299346923828,360.0589599609375,13.617559432983398,66.19337511052142,4.526768207550049,True
6.509621620178223,197.75950622558594,20122.193359375,6.862782001495361,353.011962890625,472.7093811035156,11.058818817138672,64.6633071899414,3.8028197288513184,True
8.069297790527344,191.0041046142578,16654.509765625,8.038212776184082,350.57794189453125,418.2000732421875,12.293769836425781,49.00925827026367,3.0213816165924072,True
7.213375568389893,213.76718139648438,27377.69921875,6.915301322937012,327.7174072265625,457.5115966796875,17.96873664855957,66.29300151751664,3.4534387588500977,True
6.790838241577148,271.6012268066406,14348.5732421875,9.923315048217773,368.8420104980469,610.6295776367188,9.386798858642578,91.40211486816406,3.438279867172241,True
6.9752092361450195,175.42103576660156,35701.15625,5.494254112243652,290.05279541015625,401.0588073730469,10.285283088684082,66.42057800292969,5.256483554840088,True
7.422225475311279,203.32330322265625,40148.125,5.60231351852417,256.5904541015625,401.77545166015625,9.02566146850586,53.01958465576172,4.486512660980225,True
6.50506591796875,226.41961669921875,16982.1328125,6.938467025756836,318.2456970214844,484.09228515625,18.5271053314209,80.46280670166016,2.890998601913452,True
6.617862224578857,174.2805633544922,33245.62890625,7.022187232971191,326.1684875488281,479.9205322265625,15.918911933898926,60.33979415893555,4.601351261138916,True
6.769769191741943,178.33175659179688,16980.2578125,7.051697254180908,369.9062805175781,299.40496826171875,18.703657150268555,62.868526458740234,3.846611976623535,True
6.3417510986328125,139.95947265625,18058.3203125,8.361337661743164,417.6024475097656,347.46441650390625,13.314421653747559,58.22098159790039,4.019010543823242,True
7.058866024017334,191.54840087890625,16473.06640625,8.435789108276367,367.8531799316406,462.9937438964844,12.574420928955078,17.52776527404785,3.9373342990875244,True
7.539287567138672,258.4900817871094,26999.3828125,7.002092361450195,266.8031311035156,352.1959228515625,14.650809288024902,59.158843994140625,5.427372455596924,True
6.786679054159872,163.16725158691406,36525.55078125,5.512927055358887,284.624267578125,522.6005249023438,14.39551830291748,78.86846160888672,4.645691871643066,True
7.49080753326416,198.9665069580078,6873.56005859375,8.53432846069336,345.83139308776424,440.47119140625,11.047455787658691,60.93598556518555,3.716367483139038,True
6.037428379058838,227.03399658203125,12988.791015625,8.476905822753906,392.3805236816406,306.38629150390625,7.122391223907471,41.19050598144531,3.594217300415039,True
7.229378452345436,158.69520568847656,8721.2314453125,8.104497909545898,425.7103271484375,471.07354736328125,15.353949546813965,74.88567352294922,3.392134189605713,True
6.706695079803467,232.92660522460938,27881.50390625,7.881448268890381,337.11102294921875,443.2087707519531,14.523388862609863,64.12174224853516,4.371882438659668,True
6.921858484203394,156.38812255859375,26885.833984375,4.894281387329102,291.9186706542969,554.2213745117188,14.27710247039795,53.48194122314453,4.709676265716553,True
7.23862804426264,186.3655548095703,7557.021484375,9.454207420349121,406.0380554199219,288.36871337890625,12.861417770385742,72.18701171875,4.116263389587402,True
6.758851528167725,218.15347290039062,22540.775390625,7.19643497467041,304.68060302734375,382.502685546875,18.838735580444336,53.815433502197266,3.639971971511841,True
7.486780643463135,151.2025909423828,31130.212890625,4.584071159362793,333.8015464798209,351.5754089355469,18.938528060913086,53.13713073730469,2.7484288215637207,False
6.904121398925781,228.96041870117188,10836.9697265625,7.792593479156494,362.2965393066406,513.1888427734375,12.704460144042969,40.54603576660156,4.141819000244141,False
6.728706187640889,155.26260375976562,42617.3046875,5.8294243812561035,449.2677001953125,456.1853332519531,20.68097496032715,77.13749694824219,2.846501111984253,False
7.348937034606934,267.65521240234375,15818.26171875,10.574681282043457,329.3772440796557,541.7550659179688,13.408146858215332,54.6191291809082,4.7257466316223145,False
7.846057891845703,224.0588836669922,23264.109375,5.922367095947266,300.4026184082031,387.9713439941406,13.406737327575684,43.07518768310547,2.487968683242798,False
7.215582962939552,229.62062072753906,19955.7109375,7.608653545379639,285.43267822265625,491.8805847167969,11.026909828186035,85.24187469482422,3.1137642860412598,False
6.1798095703125,248.83326721191406,15391.5595703125,8.014257431030273,273.0868835449219,487.625732421875,9.696477890014648,69.69702911376953,3.704324245452881,False
6.755669116973877,209.36207580566406,13821.556640625,7.557415008544922,334.6195373535156,499.0709228515625,19.339143753051758,81.09874725341797,3.95951771736145,False
7.068364878911698,213.6522979736328,28266.755859375,3.6321136951446533,325.4141479070562,483.7979736328125,15.741910934448242,78.81085205078125,4.312289714813232,False
7.266598701477051,98.45293426513672,36490.14453125,7.1388139724731445,423.1875,502.883056640625,7.360771656036377,76.290283203125,4.952733039855957,False
8.218171119689941,116.06195068359375,22465.6875,5.000450611114502,342.3762015505015,408.3601989746094,6.732793807983398,90.99327087402344,4.246446132659912,False
6.980062007904053,164.12718200683594,17625.466796875,6.479557991027832,372.7483215332031,492.70343017578125,11.665753364562988,48.71029281616211,3.969463348388672,False
6.381978988647461,235.9451141357422,18982.953125,8.286514282226562,329.89750654453456,511.48516845703125,16.183542251586914,77.83952331542969,3.2990472316741943,False
6.648005485534668,191.841796875,15176.291015625,5.661662578582764,340.20647349381125,471.047119140625,15.438286781311035,56.532386779785156,3.8297834396362305,False
5.899936676025391,205.91378784179688,30379.359375,9.446147918701172,312.283203125,512.3365478515625,6.306055545806885,55.065242767333984,3.858978748321533,False
7.260904312133789,189.0779571533203,21391.162109375,6.576866149902344,356.6222229003906,390.2852783203125,14.391606330871582,81.08245849609375,4.383823394775391,False
5.575920581817627,223.37400817871094,14553.1318359375,9.689175605773926,234.60980224609375,252.96832275390625,12.249488830566406,59.52300262451172,4.294447422027588,False
5.467401027679443,197.0289306640625,12883.1630859375,9.264883041381836,347.4212646484375,355.17572021484375,12.76254653930664,67.15953063964844,3.717822790145874,False
6.090015888214111,216.73623657226562,12558.8984375,9.2972993850708,317.9832458496094,409.42724609375,10.754841804504395,30.965845108032227,2.943521738052368,False
8.20544719696045,145.7973175048828,17981.25390625,6.580460071563721,359.392578125,420.39422607421875,15.856797218322754,100.7123031616211,3.7399215698242188,False
7.670506000518799,123.3366470336914,33843.62109375,5.216368675231934,390.7458190917969,462.9676513671875,18.69873046875,82.90465545654297,3.933826446533203,False
6.791097164154053,209.12815856933594,20149.1796875,5.803999900817871,288.3568420410156,291.30419921875,12.327335357666016,57.3035774230957,3.0840396881103516,False
6.00676965713501,226.8740997314453,20279.701171875,8.16641616821289,225.51663208007812,275.9866027832031,9.650786399841309,52.6400260925293,4.034754753112793,False
6.8955140283233165,204.38479614257812,32951.31640625,5.995276927947998,324.50518798828125,339.6418762207031,4.473092079162598,71.19049835205078,4.905229568481445,False
6.336342811584473,214.0719757080078,14619.626953125,6.584414005279541,315.9967956542969,370.79559326171875,12.21941089630127,83.66887664794922,3.7888033390045166,False
7.473235607147217,223.2649383544922,19932.5859375,5.770106792449951,317.7088623046875,590.3251342773438,13.55691146850586,89.45357513427734,3.877714157104492,False
7.160529722845529,214.19308471679688,21671.27734375,8.272939682006836,331.0964932950795,473.4153747558594,15.706893920898438,73.17019653320312,4.246387958526611,False
7.380105018615723,237.92263793945312,16862.54296875,7.101816654205322,306.18292236328125,478.6545104980469,13.254475593566895,92.86455535888672,5.030452251434326,False
10.067632675170898,144.61395263671875,39716.1328125,4.503365993499756,390.91033935546875,415.0507507324219,17.658794403076172,66.08779018326348,3.7767889499664307,False
5.9159440994262695,274.26361083984375,6967.7353515625,10.06943416595459,247.64573669433594,321.23681640625,12.092166900634766,39.44859313964844,2.5858492851257324,False
6.772031787852802,171.6950225830078,38971.05078125,8.365578651428223,385.9537353515625,397.44171142578125,17.201608657836914,73.6469955444336,2.64321231842041,False
6.124847412109375,151.6913604736328,15092.017578125,6.610787868499756,382.3189697265625,388.1375427246094,16.621959686279297,69.1678466796875,4.211967468261719,False
6.995598322956696,137.25343322753906,20593.93359375,3.961110830307007,393.6846008300781,520.4105224609375,19.249549865722656,50.02993392944336,3.3024191856384277,False
7.876495361328125,250.89662170410156,15741.08203125,8.075737953186035,332.5435481637697,391.2587890625,16.543869018554688,59.24608612060547,3.9139046669006348,False
6.021051406860352,178.2236785888672,18966.36328125,10.213574409484863,339.11353291328027,400.56634521484375,12.841828346252441,60.87015151977539,4.661057472229004,False
7.092960977826731,193.16761779785156,20894.400390625,7.331568241119385,359.4265441894531,417.4247741699219,16.787145614624023,38.10700607299805,3.818403959274292,False
7.11552648660758,166.6967010498047,14807.4130859375,6.801860809326172,269.70758056640625,536.3369750976562,13.839296340942383,77.55032348632812,3.4347984790802,False
6.585450172424316,166.96595764160156,30210.25,9.508298873901367,340.2457580566406,430.0785827636719,23.234325408935547,72.79991912841797,4.27564001083374,False
6.3426713943481445,157.04612731933594,21079.60546875,7.275077819824219,318.85345458984375,351.0242614746094,14.019148826599121,64.40750122070312,4.582592010498047,False
6.63299036026001,238.3247528076172,12829.0927734375,7.347360610961914,331.3018798828125,451.7344055175781,19.64092254638672,73.20154571533203,4.360851287841797,False
5.400700092315674,197.9189910888672,9968.962890625,7.878997802734375,342.23633991692293,503.8963623046875,17.40892219543457,77.38284301757812,3.5557374954223633,False
7.460147857666016,221.3432159423828,25480.91796875,6.926943302154541,328.1332278911117,438.61962890625,13.089085578918457,58.08399200439453,2.4136288166046143,False
6.709822177886963,148.25318908691406,20922.154296875,4.633573532104492,342.78191424287604,400.3428039550781,18.330856323242188,40.49559783935547,1.687624454498291,False
8.054893493652344,239.13978576660156,28545.35546875,5.096893787384033,322.59820795319274,574.40283203125,17.77801513671875,56.35295486450195,3.5243804454803467,False
5.365192413330078,238.2912139892578,16262.939453125,7.507931232452393,255.544677734375,393.53387451171875,12.465043067932129,27.095703125,3.1807985305786133,False
6.920389175415039,252.35279846191406,11086.259765625,9.993375778198242,285.7447509765625,368.629150390625,17.120803833007812,43.667083740234375,3.277601480484009,False
7.025456428527832,184.4844207763672,31659.962890625,5.232019424438477,327.1997150310375,559.0028686523438,14.393046379089355,56.290252685546875,2.927051544189453,False
7.97424840927124,173.7507781982422,26848.62890625,6.0555338859558105,337.94049072265625,347.748046875,13.757563591003418,75.53536987304688,3.195944309234619,False
8.031055450439453,222.62841796875,18134.8359375,8.754512786865234,314.4715576171875,452.97027587890625,12.065962791442871,78.54971313476562,3.3388800621032715,False
7.614056587219238,213.691162109375,17598.201171875,8.131319046020508,334.8972508247523,384.0872802734375,5.051694393157959,70.83322143554688,3.437946319580078,False
7.64357852935791,209.86083984375,21885.50390625,9.529228210449219,332.8191891526901,337.6321716308594,8.863614082336426,63.64692306518555,3.762162923812866,False
7.7313151359558105,169.0496826171875,38356.2265625,6.028454303741455,297.329345703125,525.87939453125,16.07111930847168,74.90970611572266,5.1642842292785645,False
6.268402576446533,154.68190002441406,23050.33203125,6.832938194274902,290.7032470703125,421.22021484375,13.881357192993164,65.89139556884766,3.389705181121826,False
7.3699116706848145,155.64480590820312,19283.40234375,5.435024738311768,399.9407958984375,391.32421875,18.148561477661133,63.69861602783203,3.821721076965332,False
7.138306991630866,241.18067932128906,25696.3203125,5.694556713104248,333.9019775390625,386.2983703613281,14.53115463256836,33.91835021972656,4.142385959625244,False
6.320375442504883,165.82154846191406,20481.642578125,7.605958461761475,354.2890319824219,422.3410339355469,14.793959617614746,46.04306411743164,2.7286174297332764,False
7.290088653564453,205.21310424804688,26115.6171875,5.137890815734863,357.7940979003906,402.8747863769531,7.960477352142334,63.69851303100586,4.700618267059326,False
6.356511116027832,164.61817932128906,17538.541015625,8.345191955566406,345.14495849609375,430.9595031738281,15.329438209533691,47.02138137817383,3.415525436401367,False
7.974064826965332,160.22418212890625,29477.763671875,2.4560136795043945,324.05560302734375,371.2119445800781,18.69391441345215,54.28062438964844,4.06908655166626,False
4.943508625030518,267.53302001953125,11870.4248046875,8.87786865234375,335.3596267096619,417.41253662109375,15.25279426574707,22.74973487854004,5.0708417892456055,False
7.700362205505371,220.57179260253906,29432.208984375,6.356293678283691,322.7503356933594,444.9576110839844,13.02743911743164,77.82980346679688,3.786487102508545,False
6.054607391357422,228.19802856445312,10215.8125,5.983973979949951,306.796875,441.4985046386719,17.229148864746094,65.3402099609375,4.889163494110107,False
4.221420764923096,120.56012725830078,34370.1953125,7.960887908935547,411.5808410644531,436.77459716796875,14.395838737487793,64.60147094726562,4.278712272644043,False
8.545890808105469,255.3248748779297,31056.578125,3.619779109954834,320.6695566379541,426.88336181640625,13.782988548278809,34.44829177856445,5.0368828773498535,False
7.752176284790039,182.06471252441406,13655.6806640625,6.81724739074707,337.7537841796875,328.2172546386719,15.231128692626953,92.25506591796875,4.7255072593688965,False
5.58812952041626,220.81752014160156,8730.3125,8.32189655303955,300.2204284667969,412.70855712890625,6.478625774383545,80.63780212402344,3.165618419647217,False
8.649868965148926,178.58876037597656,18503.765625,7.240819931030273,356.2630920410156,329.5041809082031,15.28065299987793,83.78347778320312,3.081681251525879,False
7.899256706237793,187.70065307617188,32210.81640625,4.996763229370117,320.5323486328125,400.1498107910156,19.87360382080078,46.9133415222168,4.4481706619262695,False
5.952268123626709,136.89053344726562,28105.96484375,7.330957412719727,389.80975341796875,423.9639892578125,15.373780250549316,68.96979522705078,4.769768238067627,False
8.04018783569336,201.80921936035156,11861.55078125,7.200309753417969,300.3984375,420.5492248535156,7.168607234954834,90.76177215576172,3.2211389541625977,False
4.31321907043457,191.1193389892578,12770.83203125,8.231574058532715,284.9459533691406,499.85479736328125,13.501270294189453,76.44396209716797,3.9235901832580566,False
6.707016944885254,209.77880859375,14794.4111328125,7.809291362762451,336.0943011376669,553.6444702148438,8.027568817138672,78.2371826171875,3.165632486343384,False
5.853560447692871,186.80775451660156,19790.857421875,6.615780830383301,336.64118847784835,489.796875,19.67070198059082,65.04000854492188,3.756873846054077,False
8.817402839660645,175.75497436523438,23173.3203125,6.730860710144043,367.1541748046875,552.0745239257812,7.733109474182129,91.443359375,3.864098310470581,False
6.752471066602689,171.4349822998047,39207.58984375,4.710509777069092,354.4446105957031,381.6854248046875,20.212087631225586,97.41888427734375,2.8125035762786865,False
7.0707083899319265,193.57716369628906,19671.3515625,7.568896770477295,342.67340087890625,322.7356872558594,18.511585235595703,77.7103042602539,3.4815173149108887,False
7.4764084815979,246.18472290039062,27109.896484375,9.791960716247559,341.16363525390625,339.72998046875,16.217679977416992,77.60301971435547,3.478193759918213,False
7.691486358642578,155.18531799316406,36578.22265625,7.690727710723877,405.16937255859375,536.8895874023438,16.2149658203125,77.5820541381836,4.042497634887695,False
7.367372035980225,176.335205078125,16663.6015625,8.062782287597656,342.8483611493112,354.76495361328125,10.682920455932617,37.363372802734375,3.8172152042388916,False
8.927906036376953,188.05441284179688,22139.87890625,4.252721309661865,376.3345642089844,438.5155944824219,8.597972869873047,92.82832336425781,5.4743547439575195,False
5.621227264404297,221.64944458007812,11123.8857421875,8.809432983398438,314.871337890625,326.3508605957031,19.312536239624023,84.37732696533203,3.440753221511841,False
6.4506449699401855,201.5966796875,27682.5078125,5.655138969421387,316.10589599609375,573.0337524414062,14.642708778381348,66.29728095142609,5.241539001464844,False
7.566517353057861,205.39657592773438,30823.73046875,7.816636085510254,354.17596435546875,395.2972717285156,12.095251083374023,63.7677001953125,3.275141954421997,False
6.11563777923584,240.97515869140625,15765.787109375,10.08834457397461,339.4024353027344,407.3195495605469,21.3050479888916,63.071598052978516,3.723625421524048,False
7.595228672027588,188.37327575683594,32869.47265625,6.745588302612305,365.20867919921875,326.62713623046875,13.883329391479492,73.43821716308594,3.4976041316986084,False
7.49116100185943,279.232421875,11380.298828125,8.586100578308105,314.16259765625,467.6280822753906,10.880027770996094,68.97517395019531,3.256274700164795,False
7.131221771240234,165.90902709960938,18969.82421875,7.690362453460693,340.8198344317692,510.9823303222656,16.4277400970459,47.137001037597656,4.713192462921143,False
7.39972448348999,258.01995849609375,18535.046875,5.497159004211426,339.8389892578125,354.66729736328125,14.979000091552734,73.00849914550781,3.795124053955078,False
7.0024800300598145,168.9525909423828,20518.5546875,10.135987281799316,338.7957870983938,457.64678955078125,9.812921524047852,56.9218635559082,3.3524363040924072,False
5.345345497131348,238.51022338867188,10315.353515625,7.822600841522217,281.7716979980469,496.3508605957031,12.624612808227539,87.34283447265625,2.3628859519958496,False
6.185951232910156,174.79612731933594,22198.9296875,7.608495712280273,336.93715108097115,479.09185791015625,13.744283676147461,51.49711227416992,5.205724239349365,False
6.0700907707214355,161.5302734375,26764.494140625,6.2415266036987305,333.31948755235874,485.86627197265625,18.780519485473633,81.94610595703125,4.69945764541626,False
7.095569133758545,196.73492431640625,30235.169921875,5.984901428222656,308.2037048339844,453.9547424316406,16.0627384185791,31.555009841918945,4.861276149749756,False
7.130841215855979,189.76165771484375,16737.107421875,7.031423568725586,339.43376722650606,410.479736328125,14.545465469360352,60.14011764526367,3.0928168296813965,False
3.928556442260742,191.66600036621094,17328.162109375,7.692417144775391,306.47955322265625,406.0856018066406,9.57860279083252,45.48073959350586,5.060835838317871,False
6.352972984313965,244.84671020507812,13858.7041015625,9.179441452026367,334.63414451261775,403.56048583984375,12.520126342773438,59.046993255615234,4.155494689941406,False
5.999125003814697,219.7161102294922,19345.791015625,6.029641628265381,264.2850646972656,497.4771423339844,16.381195068359375,46.303524017333984,5.04697322845459,False
8.899588584899902,208.10655212402344,17915.0859375,4.793574333190918,334.57177734375,381.15936279296875,14.3987398147583,48.299495697021484,3.9286136627197266,False
7.375337600708008,194.8680877685547,28767.7578125,5.074145793914795,349.9852294921875,495.0370788574219,14.247681617736816,77.09423065185547,5.127395153045654,False
8.97932243347168,184.30921936035156,24967.322265625,6.264584064483643,335.2169189453125,485.58319091796875,8.280180931091309,63.94417953491211,4.264944076538086,False
8.532377243041992,216.4541015625,30268.421875,6.298969745635986,330.97845458984375,436.16497802734375,11.895700454711914,55.92182540893555,2.3800880908966064,False
7.213537693023682,176.6400604248047,34727.41015625,5.162278175354004,287.7069091796875,332.1994934082031,10.327476501464844,77.26146697998047,3.497480869293213,False
7.180213486595818,184.66688537597656,14368.1279296875,8.129911422729492,334.75341796875,472.3299865722656,16.073450088500977,73.71022033691406,4.5831098556518555,False
8.895574569702148,107.3833236694336,27622.74609375,6.1633195877075195,460.1070556640625,444.9295959472656,13.995135307312012,78.3484115600586,4.754234790802002,False
6.582764148712158,219.184814453125,21961.52734375,6.987977981567383,348.9000244140625,341.2099304199219,15.17836856842041,68.98196411132812,3.668879747390747,False
7.195362373101288,204.24057006835938,14665.4052734375,8.581319808959961,360.3887939453125,359.6221923828125,15.163178443908691,58.94560623168945,4.377501964569092,False
6.567795092747774,160.59576416015625,49125.359375,6.344389915466309,409.501953125,327.924560546875,14.407554626464844,64.64498901367188,3.2876174449920654,False
5.986593723297119,275.8865051269531,21229.083984375,8.9404296875,323.04631873664584,354.1118469238281,11.7833833694458,92.22772979736328,5.0514936447143555,False
6.841220855712891,166.6769561767578,28263.8046875,7.1157145500183105,318.7901916503906,532.1847534179688,21.469491958618164,78.22774505615234,5.09236478805542,False
6.997720340269493,157.8273468017578,21716.423828125,5.406394004821777,338.0399737590605,478.99896240234375,18.928979873657227,80.20284271240234,3.825770139694214,False
7.146117210388184,181.43441772460938,33266.5703125,8.38173770904541,373.1971435546875,485.1092224121094,15.469980239868164,52.812931060791016,4.775201797485352,False
7.198727015642731,237.7056884765625,21862.75390625,8.961424827575684,318.1726989746094,434.3883056640625,11.665328979492188,59.77564239501953,3.9432907104492188,False
7.507575511932373,172.5040283203125,18328.6953125,6.907736301422119,351.41864013671875,377.07513427734375,10.678255081176758,68.8521957397461,3.703001022338867,False
7.997175693511963,214.8196258544922,20575.572265625,6.191399097442627,312.0080871582031,513.5404052734375,17.70310401916504,70.29121398925781,4.817668437957764,False
5.174345970153809,234.3285675048828,11746.607421875,6.961265563964844,314.9867858886719,407.102294921875,13.771679878234863,36.183536529541016,3.689145088195801,False
6.999592154459277,191.15048217773438,23172.28125,7.132153511047363,290.70916748046875,365.1405944824219,12.679500579833984,69.0744400024414,4.018446445465088,False
6.479092597961426,180.9586639404297,28165.873046875,7.160083770751953,371.4053955078125,370.2898254394531,16.94256591796875,66.26863556716269,3.089597225189209,False
7.811512470245361,258.8916015625,20911.904296875,6.361756324768066,289.1421813964844,421.1330261230469,9.6316499710083,71.7032241821289,4.546070098876953,False
7.437216758728027,242.72996520996094,20185.587890625,6.121662139892578,306.16925048828125,413.65594482421875,10.262777328491211,64.52918243408203,3.8668744564056396,False
7.953877925872803,178.06654357910156,18677.279296875,5.699540138244629,368.2176818847656,356.2943420410156,18.63860321044922,61.462806701660156,2.8602240085601807,False
6.396569728851318,243.72470092773438,12278.9853515625,6.794551372528076,335.1501967495538,489.4493103027344,17.638038635253906,66.52388023736754,4.188249588012695,False
7.161740129662533,208.36705017089844,22444.08984375,5.404248237609863,338.0636901855469,540.8995361328125,9.98041820526123,84.57008361816406,3.594444513320923,False
8.058135986328125,191.27793884277344,29298.359375,6.1291728019714355,356.645263671875,278.50262451171875,12.60620403289795,65.51136016845703,3.1306090354919434,False
6.959097484947195,149.83889770507812,20283.783203125,10.005870819091797,383.1131286621094,355.1849365234375,17.003494262695312,53.799720764160156,2.0288751125335693,False
7.077409893440822,220.9851531982422,26492.716796875,4.949787616729736,327.2552140444993,388.9690246582031,21.08555030822754,70.266357421875,4.875382900238037,False
9.497261047363281,124.4828109741211,33681.33203125,4.814655780792236,427.18450927734375,530.2169799804688,19.970317840576172,49.80984115600586,5.242105484008789,False
7.984710693359375,121.0673599243164,40709.78125,5.796841144561768,445.35955810546875,338.5099792480469,12.818816184997559,59.26919174194336,4.567880153656006,False
6.261110782623291,270.4661560058594,8572.421875,9.922076225280762,286.32757568359375,490.9426574707031,12.926434516906738,22.21932601928711,4.753018379211426,False
6.957802772521973,219.23995971679688,20215.6328125,7.054093360900879,306.6473693847656,431.37066650390625,17.42714500427246,56.435646057128906,4.587745666503906,False
9.663159370422363,131.71189880371094,24387.96875,4.234142780303955,340.49819460197455,428.90643310546875,18.143474578857422,65.36046600341797,5.2702178955078125,False
6.73271369934082,197.7669677734375,33820.64453125,7.396764278411865,353.17633056640625,321.3645324707031,19.340497970581055,85.37196350097656,3.8854050636291504,False
4.886056900024414,272.9203796386719,15496.611328125,6.9851789474487305,266.5622253417969,569.581298828125,17.301536560058594,79.59798431396484,3.0793731212615967,False
9.610219955444336,156.92955017089844,33954.43359375,4.6390275955200195,328.80420181329924,485.379150390625,11.047843933105469,66.19762010849132,4.961971759796143,False
8.518531799316406,128.26345825195312,32018.2890625,6.058740139007568,458.4410705566406,554.1390380859375,15.976195335388184,87.4718246459961,4.1471686363220215,False
6.950786590576172,201.8054962158203,21709.6484375,6.1207709312438965,352.30377197265625,417.1844482421875,19.68349266052246,49.23680877685547,3.9979751110076904,False
6.023022651672363,170.73228454589844,10925.3603515625,8.200972557067871,305.7965393066406,508.8510437011719,12.244622230529785,62.96779251098633,3.668088674545288,False
9.011480331420898,167.91891479492188,34865.359375,3.139552593231201,400.6917724609375,385.40960693359375,16.574190139770508,50.52655029296875,4.270801544189453,False
7.946767807006836,277.116943359375,24244.111328125,7.56117582321167,273.3843078613281,306.83740234375,11.796235084533691,70.01966857910156,3.038483142852783,False
7.7096171379089355,189.80291748046875,32910.5234375,5.758055686950684,367.7618713378906,397.8455810546875,15.240349769592285,66.19481952404894,4.140423774719238,False
6.081615447998047,209.05967712402344,10120.1123046875,9.406773567199707,339.67384978627274,410.50909423828125,7.996294975280762,101.15867614746094,4.010036945343018,False
8.146185874938965,191.38241577148438,20506.69921875,5.4769487380981445,335.91194529834127,445.93121337890625,9.416901588439941,57.3636474609375,5.177963733673096,False
8.141860961914062,210.37655639648438,25433.46484375,8.390811920166016,385.2366638183594,321.8674621582031,11.48352336883545,85.30072021484375,4.136950492858887,False
7.703356742858887,211.3446807861328,12861.9462890625,9.245306015014648,347.6308288574219,598.6629028320312,10.542342185974121,91.11869812011719,4.732125282287598,False
6.771781759837302,149.0428466796875,27687.73828125,8.660711288452148,284.9457702636719,288.5177001953125,15.736641883850098,62.75730514526367,3.7713050842285156,False
9.252856254577637,168.04075622558594,50279.26171875,5.905055999755859,415.4508056640625,400.00360107421875,11.949853897094727,62.25688171386719,3.3005857467651367,False
6.047651290893555,177.4442596435547,28633.845703125,8.174384117126465,333.3493670401256,386.66119384765625,15.51492977142334,30.556310653686523,2.5898678302764893,False
6.152857780456543,171.1252899169922,24978.482421875,8.216485977172852,323.8243713378906,406.09442138671875,10.88121509552002,65.7147216796875,4.403083324432373,False
9.074922561645508,184.91505432128906,21633.72265625,7.427380561828613,394.196533203125,339.3553466796875,6.658138751983643,66.36205740231422,3.8404788970947266,False
7.436537265777588,167.32846069335938,31935.69140625,7.896364688873291,329.65474676894337,398.57421875,14.824433326721191,69.2527847290039,4.497629165649414,False
7.408909719547956,259.6710510253906,11949.59765625,9.435445785522461,279.0010070800781,469.2876281738281,11.752420425415039,73.9970474243164,3.4583523273468018,False
7.130099296569824,275.6797790527344,9480.6181640625,8.415947914123535,295.61883544921875,383.455078125,18.322879791259766,94.41629791259766,1.9861916303634644,False
6.792125225067139,165.79428100585938,17782.603515625,4.9706010818481445,307.7527160644531,370.6005859375,15.138093948364258,96.60054016113281,4.042637825012207,False
7.27724507445485,230.43075561523438,14916.986328125,9.61851692199707,335.1627151379033,379.17279052734375,28.299999237060547,79.63306427001953,3.864931106567383,False
8.885626792907715,171.83978271484375,19113.01171875,6.503297328948975,404.10430908203125,399.67254638671875,17.623594284057617,76.83123016357422,2.9933009147644043,False
9.475316047668457,149.55809020996094,32568.154296875,5.333859920501709,331.0106629464437,436.203125,13.927946090698242,71.83406066894531,4.701538562774658,False
7.053299818418648,168.96302795410156,21030.234375,5.564002513885498,404.34307861328125,440.9520568847656,12.352721214294434,72.03364562988281,4.6910176277160645,False
7.183108806610107,225.11607360839844,5097.82568359375,6.081664085388184,361.6313781738281,294.9912109375,5.537059307098389,81.45394134521484,4.006424903869629,False
6.157443046569824,155.83570861816406,25937.7109375,8.1631441116333,298.1924133300781,533.288330078125,14.35649585723877,68.12075805664062,4.7701544761657715,False
6.467868328094482,236.69464111328125,7656.4130859375,9.840948104858398,214.46083068847656,356.34783935546875,14.412734031677246,54.64117431640625,2.8610639572143555,False
6.99617788018384,162.93536376953125,24916.625,6.374495506286621,388.3127136230469,494.2887878417969,14.297696113586426,84.80297088623047,4.301273345947266,False
7.488133430480957,177.35305786132812,24786.05078125,8.613304138183594,369.2106628417969,387.8680725097656,14.149473190307617,48.96599578857422,3.4740347862243652,False
7.323544979095459,184.13607788085938,21044.203125,6.842947006225586,327.2611999511719,379.4924621582031,8.335244178771973,90.31206512451172,4.898420810699463,False
7.397737687846869,253.6620330810547,13568.271484375,9.228602409362793,256.0895080566406,554.5736694335938,13.711737632751465,97.71405029296875,3.0670340061187744,False
6.530796051025391,138.00767517089844,19174.59375,7.347951412200928,343.3109402523884,490.6441345214844,16.337949752807617,66.43251732091213,3.1816349029541016,False
6.9314703941345215,156.84120178222656,35793.7578125,7.2863359451293945,384.6548156738281,398.64794921875,17.85824203491211,72.23652648925781,4.249333381652832,False
7.7746453285217285,194.73385620117188,13829.939453125,5.60312032699585,341.5449386327556,321.9056701660156,18.870939254760742,66.502695001986,3.9118168354034424,False
8.107500076293945,173.6646728515625,27277.580078125,6.643620014190674,354.03729248046875,330.2115173339844,16.257001876831055,66.28852212384285,4.647800445556641,False
6.306864261627197,220.96998596191406,22418.908203125,7.1533637046813965,283.9759826660156,350.90924072265625,19.86138153076172,61.836185455322266,4.6191725730896,False
7.017147443303383,165.7379608154297,22900.119140625,5.735689163208008,379.37493896484375,473.8049011230469,13.082871437072754,63.03516387939453,4.0691657066345215,False
6.60968017578125,216.4280242919922,17963.8671875,7.725314140319824,346.28533935546875,466.1029968261719,11.468432426452637,41.25286865234375,3.589146375656128,False
6.632205963134766,232.73854064941406,9809.904296875,8.336777687072754,302.3257751464844,458.3667907714844,13.304852485656738,65.31883239746094,3.4437406063079834,False
7.258674036283886,247.1640167236328,18939.6171875,7.086374759674072,305.0400390625,419.4530944824219,12.758113861083984,60.3192024230957,4.287440776824951,False
5.7167558670043945,197.1042022705078,12641.52734375,8.702061653137207,287.0125732421875,345.08392333984375,17.27396583557129,58.41151428222656,4.08067512512207,False
7.740453720092773,182.54107666015625,19713.50390625,8.854386329650879,382.3415832519531,489.04705810546875,8.866966247558594,57.87745666503906,3.5413167476654053,False
6.27727746963501,148.18601989746094,22916.572265625,5.035633087158203,339.1136200901197,474.6179504394531,9.604154586791992,61.83571243286133,3.61932110786438,False
8.006373405456543,116.7251205444336,45041.1484375,5.165292263031006,324.7878515522181,367.6889953613281,13.425165176391602,87.3819808959961,2.396505355834961,False
6.513016700744629,185.3385467529297,26262.544921875,6.74215030670166,289.01434326171875,410.101318359375,12.924653053283691,83.65219116210938,3.7299609184265137,False
6.234197616577148,227.5608673095703,22195.2109375,9.455598831176758,330.3145273810369,351.18011474609375,13.039764404296875,63.163970947265625,3.8854923248291016,False
7.277143955230713,194.880859375,18270.10546875,6.121931552886963,344.8797607421875,402.6645812988281,15.45975112915039,76.98722839355469,4.931353569030762,False
6.04451322555542,211.57737731933594,30191.693359375,7.714291572570801,329.1670227050781,431.096435546875,10.619831085205078,66.2481181091442,5.12777853012085,False
6.643026351928711,205.23312377929688,20511.369140625,5.908111095428467,313.35382080078125,455.6932678222656,16.021940231323242,52.153472900390625,3.709988594055176,False
5.150456428527832,186.56085205078125,18655.541015625,7.024306297302246,338.6797723063284,379.5379333496094,17.604066848754883,58.83197021484375,4.147028923034668,False
6.1105451583862305,166.63729858398438,21319.794921875,7.681244373321533,311.2535705566406,340.6306457519531,13.62381362915039,95.49468231201172,6.064559459686279,False
7.831117630004883,182.473876953125,19130.9609375,6.803061485290527,340.27593994140625,433.46044921875,10.79399585723877,75.89569854736328,3.807997465133667,False
6.980727195739746,200.46722412109375,30862.78515625,6.1962761878967285,391.6668701171875,422.4895935058594,9.066902160644531,48.25046920776367,5.437618732452393,False
8.55278205871582,217.80331420898438,39030.60546875,6.986705303192139,373.7461853027344,340.5662536621094,19.084882736206055,53.856056213378906,2.9408481121063232,False
6.4493794441223145,275.7467041015625,8607.6123046875,7.701630592346191,272.19757080078125,384.38067626953125,16.078304290771484,54.40446090698242,3.7154288291931152,False
7.392084121704102,173.52877807617188,20185.67578125,9.120931625366211,384.11724853515625,310.0748596191406,23.317699432373047,81.1295394897461,3.778458595275879,False
8.360795974731445,218.13961791992188,28722.17578125,5.536705017089844,310.2865905761719,471.5535888671875,10.644554138183594,49.771942138671875,3.715951442718506,False
7.619844913482666,113.50469970703125,37279.12890625,6.36007022857666,377.87518310546875,285.3499450683594,17.03042984008789,48.92913818359375,3.779648542404175,False
5.404510498046875,258.90350341796875,10168.1767578125,9.648197174072266,248.7119598388672,396.9112243652344,15.512207984924316,65.80532836914062,3.998175859451294,False
7.079303741455078,137.00735473632812,24282.154296875,5.705692768096924,433.6339111328125,342.7253112792969,9.113945007324219,88.32860565185547,5.553174018859863,False
7.041552489160652,233.84661865234375,32496.640625,6.637384414672852,347.9864501953125,424.6497802734375,13.027999877929688,55.98397445678711,4.296188831329346,False
7.161715030670166,238.33358764648438,13680.763671875,9.27411937713623,284.4078369140625,478.7669677734375,16.83629035949707,74.38358306884766,3.909973621368408,False
6.854947090148926,149.85348510742188,16203.0908203125,5.734803676605225,375.7186584472656,350.3446960449219,11.718894958496094,75.49873352050781,4.938999176025391,False
7.309556484222412,244.8397674560547,22277.626953125,7.715571880340576,369.0388488769531,477.2353820800781,12.475118637084961,60.80690383911133,3.707413673400879,False
9.31346607208252,133.14175415039062,41982.609375,6.628036975860596,417.2453918457031,267.80169677734375,10.368229866027832,75.43614959716797,4.493612766265869,False
7.172429322872057,216.27162170410156,26964.31640625,6.383548259735107,418.4942321777344,573.1596069335938,19.892681121826172,50.1705207824707,4.5010247230529785,False
7.079149139378598,250.62347412109375,30797.51953125,6.3814520835876465,319.92249856733497,338.8141784667969,17.508516311645508,74.72782135009766,3.3651745319366455,False
6.187938213348389,249.52711486816406,12682.1513671875,6.253223896026611,263.2684020996094,274.76470947265625,14.352954864501953,57.62336730957031,3.5461831092834473,False
7.2936876903908985,240.98419189453125,11429.201171875,5.515977382659912,267.6808166503906,323.15753173828125,8.66628360748291,88.67926788330078,3.802426815032959,False
7.96533727645874,151.54188537597656,25274.609375,7.106043338775635,352.3161926269531,527.688232421875,15.792625427246094,52.268489837646484,3.390982151031494,False
9.26439094543457,160.42869567871094,19607.755859375,3.9887490272521973,416.6983947753906,427.7938232421875,14.992989540100098,95.80480194091797,3.175520658493042,False
7.754044532775879,193.44985961914062,19019.279296875,8.107067108154297,377.9900207519531,597.4860229492188,8.939818382263184,45.721309661865234,3.760298013687134,False
9.393891334533691,252.73924255371094,13150.20703125,7.166592121124268,334.9921412917526,368.8345947265625,14.397393226623535,50.77529525756836,3.0485658645629883,False
8.176079750061035,201.55369567871094,21856.98828125,5.241047382354736,320.2601318359375,464.8033447265625,15.627640724182129,61.65474319458008,4.1123223304748535,False
8.337696075439453,168.46917724609375,30969.046875,5.45216178894043,332.5900070391706,302.4223327636719,14.529864311218262,41.39276885986328,3.454197406768799,False
7.291722852461716,207.4268798828125,11963.3232421875,7.66454553604126,325.6329650878906,502.0530090332031,17.012855529785156,64.49982452392578,2.8135268688201904,False
7.1910247802734375,151.30667114257812,23781.328125,9.214408874511719,403.7884216308594,465.1268310546875,16.884214401245117,77.51544189453125,4.270645618438721,False
8.613698959350586,235.94444274902344,20862.455078125,7.622564792633057,378.75872802734375,418.6975402832031,13.608075141906738,66.37337355970845,3.9492201805114746,False
7.793039321899414,257.6577453613281,17398.38671875,8.271245956420898,251.38394165039062,439.70159912109375,9.55703067779541,54.23543167114258,3.389270067214966,False
3.8788793087005615,177.7128448486328,21937.470703125,7.3697686195373535,299.24163818359375,447.3037414550781,12.451911926269531,63.16311264038086,4.927711009979248,False
6.937877753090805,164.31710815429688,25236.701171875,4.365238189697266,350.5843505859375,413.6922302246094,15.421144485473633,45.979400634765625,3.72377610206604,False
3.9782845973968506,160.8184814453125,14433.7802734375,8.410892486572266,311.2953186035156,414.3282165527344,20.771484375,78.27323913574219,3.75156569480896,False
5.9640655517578125,241.03089904785156,22168.33203125,6.208117961883545,327.4893431037912,486.5168762207031,13.172988891601562,64.71923828125,4.696721076965332,False
7.5320587158203125,185.50656127929688,24454.7265625,5.791102409362793,333.0400556187351,393.9718933105469,15.070247650146484,74.7806396484375,3.80856990814209,False
7.233538627624512,231.5608367919922,16621.494140625,6.073040962219238,334.8226550875276,475.8216552734375,8.688714981079102,35.83396911621094,3.6790151596069336,False
7.24293916335078,202.81114196777344,11900.0556640625,8.948087692260742,367.533447265625,379.5645751953125,13.59185791015625,58.82255935668945,3.1538002490997314,False
6.527677310430889,115.39298248291016,46077.359375,5.289306640625,437.59228515625,422.0173645019531,10.809632301330566,53.617034912109375,4.21251106262207,False
7.4807281494140625,117.05731201171875,28357.943359375,4.702820777893066,414.85577392578125,472.059326171875,18.340211868286133,76.3445816040039,3.714874744415283,False
4.4770917892456055,236.28248596191406,26843.470703125,4.842658519744873,207.89048767089844,456.9797668457031,16.225706100463867,74.03569793701172,4.3276801109313965,False
7.0804862455484905,207.39109802246094,25110.037109375,6.329791069030762,345.5926208496094,420.2191162109375,22.34641456604004,92.3277587890625,2.7392349243164062,False
6.877730268433819,162.26368713378906,28790.546875,7.621233940124512,377.7193908691406,364.2735900878906,14.210090637207031,99.11859893798828,4.476991176605225,False
6.314077377319336,124.84799194335938,31114.634765625,5.713940620422363,335.7344659553237,396.6729736328125,18.423227310180664,73.10199737548828,4.363865852355957,False
7.182260294759039,233.69383239746094,17317.6875,8.946504592895508,264.9160461425781,311.9742431640625,10.749106407165527,108.58941650390625,4.241935729980469,False
8.822610855102539,216.4325714111328,27109.240234375,7.322162628173828,326.75469760402484,384.0185546875,15.955491065979004,78.8288803100586,4.415596008300781,False
6.922652244567871,185.81898498535156,14682.666015625,9.886831283569336,341.06640625,560.7877197265625,22.466127395629883,64.39542388916016,2.877354383468628,False
6.949869676380074,169.6735382080078,25541.15234375,5.45729923248291,393.26470947265625,359.77813720703125,16.8203067779541,60.376041412353516,3.611330270767212,False
6.904536724090576,110.86579132080078,32981.2578125,2.621267557144165,368.38702392578125,417.2493896484375,12.118720054626465,33.49938201904297,5.058905601501465,False
6.548017501831055,176.00653076171875,38368.01171875,7.415053844451904,278.09332275390625,291.12152099609375,19.422534942626953,81.36856842041016,5.930227756500244,False
6.581082820892334,217.5384979248047,24480.671875,5.837152004241943,310.6329040527344,476.45867919921875,11.434239387512207,48.551910400390625,3.5113697052001953,False
7.864649772644043,218.15310668945312,23045.7265625,7.432011127471924,349.9228515625,414.3651428222656,14.785982131958008,72.60797882080078,3.5859334468841553,False
6.13690710067749,151.78431701660156,20561.6953125,8.487855911254883,384.15606689453125,363.6184997558594,13.713703155517578,96.5828628540039,4.704585075378418,False
6.947028636932373,168.87953186035156,17540.029296875,6.409476280212402,387.2998962402344,372.0228271484375,15.19819164276123,74.00736999511719,2.6001877784729004,False
6.203322410583496,214.85011291503906,29426.474609375,8.034868240356445,369.7266845703125,319.7666931152344,10.247862815856934,65.30863952636719,3.487920045852661,False
6.946350863340115,240.1345672607422,38097.328125,5.4004974365234375,315.2217154761333,359.5763244628906,13.514886856079102,72.7710189819336,3.2124927043914795,False
8.373170852661133,179.5214080810547,22022.626953125,5.2150421142578125,339.4922180175781,396.6966857910156,13.697087287902832,110.43108367919922,2.786329746246338,False
7.215013201796602,205.3041534423828,12190.171875,7.044833183288574,313.4117126464844,374.523193359375,11.838313102722168,47.65364074707031,5.026270866394043,False
5.9212470054626465,200.9437255859375,17397.40234375,6.756199836730957,279.2023010253906,380.49981689453125,11.255356788635254,31.966297149658203,3.7467756271362305,False
8.829806327819824,216.1221466064453,17732.9140625,7.856311798095703,377.25384521484375,301.8959655761719,16.210712432861328,64.40935516357422,4.423885822296143,False
7.220018045687858,187.61343383789062,13427.068359375,7.317569732666016,340.6783868225586,507.5674743652344,18.1376895904541,79.34988403320312,5.3246378898620605,False
6.832217216491699,164.27439880371094,14015.044921875,6.055984973907471,281.67803955078125,389.97808837890625,14.836636543273926,44.36757278442383,3.1454155445098877,False
9.281302452087402,215.90762329101562,36622.23046875,3.903496265411377,319.1477661585303,383.2600402832031,19.03487777709961,80.31759643554688,4.069976806640625,False
7.4562506675720215,226.5382843017578,9163.294921875,5.726223468780518,340.14409383440676,417.1252136230469,10.066075325012207,67.3042221069336,4.279697418212891,False
7.088251113891602,172.68930053710938,25399.109375,6.941216468811035,355.2530822753906,298.6717529296875,13.63778305053711,66.31691835768987,3.2306454181671143,False
5.6486287117004395,167.03009033203125,14547.8857421875,7.735347747802734,343.5982867540974,347.7923278808594,10.68976879119873,75.28868865966797,5.370004177093506,False
4.293961048126221,192.36073303222656,24600.759765625,8.261634826660156,261.3570556640625,475.87640380859375,10.79942798614502,53.61984634399414,5.105120658874512,False
9.678050994873047,188.36874389648438,26402.703125,4.074141025543213,395.9042053222656,325.0011291503906,16.917993545532227,91.41687774658203,3.02970027923584,False
8.66270923614502,173.53195190429688,20333.080078125,5.636388301849365,439.7879333496094,459.63311767578125,16.28331184387207,89.92425537109375,5.120102405548096,False
5.897391319274902,172.0343780517578,30575.357421875,8.649614334106445,393.5549011230469,426.5058288574219,16.31165885925293,74.54398345947266,2.9616024494171143,False
9.494242668151855,274.828369140625,21879.705078125,5.265718460083008,364.6826477050781,581.0781860351562,13.636013984680176,62.11964416503906,3.189025640487671,True
7.039029163210557,173.47418212890625,18318.720703125,7.597653388977051,282.5981140136719,407.6429748535156,20.200592041015625,79.10401916503906,4.1812639236450195,True
7.080193042755127,185.8257293701172,39431.11328125,8.806392669677734,286.223876953125,355.9375915527344,7.781493186950684,39.623836517333984,1.4922065734863281,True
7.559852123260498,244.2945556640625,29567.69921875,8.647879600524902,320.0446530270937,278.4755859375,10.046942710876465,107.61080932617188,4.550500869750977,True
7.0403947830200195,199.0792236328125,22505.51953125,7.9535722732543945,332.78939722429203,531.4766845703125,14.690954208374023,58.41286087036133,3.9319164752960205,True
8.053043365478516,211.78323364257812,37086.546875,8.267537117004395,251.44349670410156,512.8990478515625,19.1666202545166,73.24898529052734,3.301574945449829,True
7.044375419616699,229.60317993164062,12575.279296875,7.837778091430664,390.4676818847656,558.1765747070312,15.75478458404541,36.26752853393555,4.276699066162109,True
6.309891700744629,133.64991760253906,31062.37109375,6.975602149963379,252.1089324951172,381.05877685546875,17.200008392333984,71.1815414428711,3.6030404567718506,True
6.203572750091553,139.12908935546875,6698.2392578125,3.876812696456909,352.2025477528599,601.5261840820312,13.368165016174316,68.29869079589844,4.305549144744873,True
6.8794050216674805,214.7318878173828,20509.33203125,9.035250663757324,321.3832702636719,306.7843017578125,12.477303504943848,79.69207763671875,4.700470447540283,True
7.754884243011475,210.72076416015625,18857.05859375,5.693751811981201,376.484619140625,375.6726989746094,14.708599090576172,43.29981994628906,5.128389835357666,True
7.916669845581055,201.455810546875,39431.25390625,7.5254411697387695,276.2069091796875,432.5899963378906,17.821922302246094,70.2396011352539,4.275192737579346,True
6.405392646789551,183.86724853515625,20526.306640625,8.450272560119629,366.1766357421875,548.6376953125,13.448796272277832,69.05413818359375,4.531920909881592,True
7.795957565307617,239.27825927734375,27849.142578125,6.47599458694458,356.17071533203125,484.10479736328125,18.692249298095703,50.128414154052734,4.251876354217529,True
6.963979244232178,180.40150451660156,12878.1767578125,6.424098491668701,343.8381024759052,358.5164794921875,16.32962417602539,66.30262756347656,4.489870548248291,True
6.967861175537109,183.9334716796875,13401.0439453125,6.457686424255371,371.7883605957031,433.23944091796875,14.58423137664795,66.02915954589844,4.893215179443359,True
6.622791290283203,195.8671112060547,13900.716796875,6.363537311553955,387.35693359375,310.85113525390625,11.758374214172363,52.40618896484375,5.609290599822998,True
7.369988441467285,236.47671508789062,18998.34765625,7.404434680938721,359.9305725097656,357.0661926269531,18.02033042907715,58.27125549316406,3.4638524055480957,True
7.177311888439704,134.3111572265625,8076.822265625,5.322112083435059,349.7600549767459,599.6145629882812,9.253350257873535,100.33566284179688,3.373936414718628,True
6.944868564605713,198.4764404296875,16904.201171875,6.34140682220459,299.52166748046875,470.5997619628906,15.045816421508789,61.146087646484375,4.241135120391846,True
5.2848100662231445,148.86276245117188,11130.2109375,6.820468902587891,335.66046142578125,485.805419921875,13.77334976196289,60.94434356689453,3.9902427196502686,True
6.851442813873291,197.3395538330078,15349.142578125,7.446411609649658,338.62570239689813,373.54986572265625,11.36727523803711,79.15582275390625,4.935556411743164,True
7.760189533233643,206.20883178710938,34250.1640625,7.930381774902344,299.131591796875,347.1807861328125,19.350765228271484,80.62187194824219,4.590527534484863,True
7.280560493469238,228.53953552246094,29690.91796875,7.871025085449219,322.2696533203125,392.5325927734375,15.16818904876709,84.37071228027344,2.9197959899902344,True
6.834259986877441,182.4544677734375,21670.5703125,6.407648086547852,325.9504089355469,397.3374938964844,16.50665855407715,74.462646484375,2.658843517303467,True
6.728975296020508,187.2027130126953,26376.0625,8.457661628723145,337.8619079589844,488.97637939453125,17.68978500366211,77.13188934326172,4.59378719329834,True
8.01641845703125,255.25949096679688,30854.830078125,8.761916160583496,317.25207604070823,442.4995422363281,11.094202041625977,93.27423095703125,5.3200154304504395,True
6.864916801452637,170.82778930664062,20464.7734375,7.074062824249268,365.94134521484375,400.96527099609375,14.003873825073242,51.603004455566406,4.493746757507324,True
5.808975696563721,157.55223083496094,7965.2080078125,6.680188179016113,262.9957580566406,377.6972961425781,17.401039123535156,69.46111297607422,3.59993314743042,True
8.458797454833984,241.76834106445312,29317.142578125,5.783275604248047,313.88555908203125,328.5794372558594,18.296001434326172,84.510986328125,3.8274314403533936,True
6.987335205078125,224.034423828125,13505.033203125,5.871180057525635,336.3612164743027,479.82550048828125,15.921412467956543,73.06421661376953,3.8702926635742188,True
7.288736820220947,233.97781372070312,31617.076171875,8.53388786315918,331.8381652832031,490.0470886230469,12.225341796875,31.802024841308594,3.5313847064971924,True
8.116350173950195,224.7635040283203,16514.607421875,5.290690898895264,333.0934315562747,416.5966491699219,12.063501358032227,91.85615539550781,2.5260162353515625,True
7.463915824890137,215.47906494140625,27150.39453125,7.782915115356445,382.958740234375,403.7034912109375,14.777091979980469,56.956939697265625,5.075843811035156,True
7.5123610496521,224.47164916992188,17895.556640625,8.635030746459961,332.6796541845675,472.3421325683594,13.848388671875,74.58297729492188,3.5158026218414307,True
6.415108680725098,192.42796325683594,19310.0625,6.845300674438477,336.03458528810455,529.7302856445312,16.021438598632812,62.5335578918457,6.0730061531066895,True
7.059940338134766,178.8053741455078,39484.640625,8.591113090515137,281.3861999511719,520.2728881835938,10.79548168182373,75.84754180908203,2.9499387741088867,True
6.920285751184027,179.7567138671875,25703.154296875,7.2873101234436035,335.1319266260946,311.09307861328125,10.23827075958252,42.075313568115234,1.659799337387085,True
7.425102233886719,204.4862823486328,18608.94140625,7.434492588043213,318.18328857421875,338.9352722167969,16.244754791259766,94.60530853271484,2.5587728023529053,True
6.742622375488281,209.21734619140625,15488.95703125,7.452361583709717,351.05224609375,408.85357666015625,13.921281814575195,70.20523834228516,4.964672565460205,True
7.682923316955566,217.78892517089844,31150.513671875,8.02166748046875,321.7524310970802,594.7025756835938,12.194231986999512,77.16979217529297,3.5427310466766357,True
7.041665554046631,178.28575134277344,25419.76953125,6.7727508544921875,316.4338684082031,388.3392639160156,11.557096481323242,73.25621795654297,3.0997462272644043,True
7.185276508331299,212.48316955566406,25645.06640625,8.142513275146484,352.8691711425781,435.2829895019531,8.930242538452148,75.60098266601562,2.959153890609741,True
6.597292423248291,191.78744506835938,25039.35546875,7.294577598571777,395.7395324707031,501.53265380859375,14.695390701293945,80.05003356933594,4.318305492401123,True
6.908853054046631,184.94422912597656,16965.314453125,6.404354095458984,351.3453369140625,434.3502197265625,11.812941551208496,77.3713607788086,4.693949222564697,True
6.744652413226294,169.77548217773438,37273.4296875,8.027830123901367,240.8976287841797,454.54376220703125,18.6216983795166,63.51951599121094,3.5737411975860596,True
7.113805068570521,165.89297485351562,11566.8759765625,8.326154708862305,346.4111609570167,369.2897644042969,7.4018683433532715,66.68695068359375,3.6030895709991455,True
6.2819037437438965,160.3066864013672,17095.26953125,6.730576992034912,305.093994140625,424.4461975097656,14.374966621398926,41.27983093261719,4.457729816436768,True
7.036752223968506,210.36911010742188,13812.41015625,8.37828254699707,342.49835205078125,489.5450439453125,14.82390308380127,69.193359375,3.285371780395508,True
7.362912654876709,180.8677978515625,20430.90625,6.664786338806152,336.7405107895885,437.3895263671875,9.675167083740234,69.03511047363281,3.2494399547576904,True
7.369087219238281,198.20408630371094,28232.017578125,8.899711608886719,289.5997009277344,424.4542541503906,18.156753540039062,31.599403381347656,2.715186595916748,True
7.7081098556518555,188.9978485107422,15456.2197265625,5.047915935516357,322.7546081542969,523.0526733398438,16.090192794799805,57.285762786865234,4.896625995635986,True
6.504112720489502,171.72254943847656,20852.763671875,7.704989910125732,282.1055603027344,359.4609375,13.475273132324219,83.62226104736328,5.396623134613037,True
8.18592357635498,240.97911071777344,23641.47265625,6.611448764801025,318.6889953613281,410.1582336425781,13.10991096496582,56.91398239135742,3.5669450759887695,True
6.1491851806640625,150.5635986328125,20596.390625,6.9069108963012695,340.95287619456315,431.6512756347656,12.82938003540039,64.39490509033203,4.2756147384643555,True
7.080445766448975,196.65895080566406,36966.8515625,8.986783981323242,294.31573486328125,530.0529174804688,13.822057723999023,85.7772216796875,2.6649460792541504,True
6.628427505493164,215.2455291748047,18059.330078125,6.93178653717041,334.1771016456493,374.4550476074219,11.621074676513672,77.9408187866211,3.4052786827087402,True
4.70469856262207,160.21182250976562,5128.45751953125,8.283068656921387,357.7310791015625,344.6937255859375,14.219532012939453,34.288414001464844,4.109924793243408,True
7.976901054382324,234.7793731689453,15360.8349609375,5.736026763916016,377.1781311035156,613.633544921875,14.19127368927002,48.9158821105957,4.753607749938965,True
6.80964469909668,179.7195281982422,35001.14453125,8.68198299407959,325.60250022446894,360.93280029296875,13.633349418640137,72.7179183959961,3.1838035583496094,True
6.992490689313502,177.6853485107422,20325.701171875,5.849569797515869,353.62677001953125,279.6649169921875,13.96432113647461,44.54298400878906,4.0322675704956055,True
6.967696666717529,177.05589294433594,22886.96484375,6.430934906005859,315.28289794921875,507.7900695800781,15.28803825378418,35.767601013183594,4.819637298583984,True
6.444555282592773,166.6351776123047,24855.830078125,9.492361068725586,287.4123840332031,479.4794006347656,10.697067260742188,65.65532684326172,3.551905393600464,True
6.277742385864258,149.5632781982422,15751.44921875,8.25775146484375,317.5014343261719,605.3983764648438,15.218378067016602,82.7034683227539,5.255012035369873,True
6.976706506398731,166.9229736328125,21190.154296875,6.589980602264404,285.8993835449219,410.68829345703125,15.290614128112793,75.59522247314453,2.5054640769958496,True
9.01435661315918,225.36752319335938,49009.92578125,6.002653121948242,296.6308898925781,445.768798828125,16.254112243652344,83.89112854003906,4.549419403076172,True
7.78166389465332,216.7828826904297,35055.6171875,7.78420352935791,306.6433410644531,447.1671142578125,10.60954475402832,36.87208557128906,4.822967529296875,True
6.084360122680664,155.27142333984375,27310.060546875,7.817129135131836,334.7685605507148,436.9889221191406,12.657512664794922,66.3007760190476,4.2981109619140625,True
7.154736042022705,198.14732360839844,32680.978515625,8.972661018371582,283.1084899902344,531.6026611328125,19.80628776550293,81.92682647705078,4.629955768585205,True
6.748811721801758,166.3909149169922,22475.09375,8.895421981811523,317.6203308105469,527.4596557617188,12.819270133972168,55.53626251220703,3.3125128746032715,True
8.128270149230957,231.16754150390625,19954.576171875,5.138838291168213,349.0673522949219,386.0711364746094,15.018084526062012,63.34096908569336,4.678741931915283,True
7.00895255245326,205.23519897460938,22613.296875,6.485809803009033,266.6393737792969,313.0096435546875,11.623604774475098,28.400876998901367,3.9784955978393555,True
6.335683345794678,164.07037353515625,26594.3515625,7.381256103515625,338.4294738769531,607.1026000976562,14.929149627685547,113.04888916015625,4.578861236572266,True
5.940475940704346,175.63772583007812,17177.0703125,10.410835266113281,307.99761962890625,402.8872985839844,15.15200424194336,74.35442352294922,3.997969627380371,True
7.614877700805664,246.03085327148438,33347.97265625,8.222533226013184,345.8088073730469,445.766845703125,10.763690948486328,98.36865234375,2.990780830383301,True
6.718249320983887,197.61749267578125,21043.626953125,6.630674362182617,337.03875732421875,641.5258178710938,15.554505348205566,63.68435287475586,4.4889044761657715,True
6.866356372833252,185.63148498535156,13979.3818359375,7.043424606323242,375.43402099609375,462.5351257324219,17.194992065429688,74.55779266357422,4.346153736114502,True
6.931309389060802,142.2774200439453,21208.619140625,9.502685546875,342.00471777249777,429.6901550292969,16.29271697998047,58.9629020690918,2.601517677307129,True
7.553844451904297,212.26443481445312,14319.4013671875,5.793011665344238,362.8526611328125,450.5359191894531,18.176483154296875,66.48591836781468,4.374563694000244,True
7.366672039031982,234.2006378173828,15547.1865234375,7.851400375366211,364.1056823730469,393.25390625,15.161577224731445,64.73230743408203,3.3944501876831055,True
6.5677595138549805,187.6663818359375,20156.578125,7.298510551452637,335.5612470160478,390.4268798828125,12.353896141052246,85.21437072753906,3.824428081512451,True
6.333640098571777,185.43634033203125,18506.2890625,6.572681903839111,356.9710388183594,366.8131103515625,16.43962860107422,76.7643814086914,3.9820022583007812,True
5.892413139343262,139.3622589111328,11006.048828125,5.311990261077881,339.3279113769531,446.494384765625,10.567070960998535,89.69288635253906,3.3118131160736084,True
7.918039321899414,197.3575897216797,22899.0625,8.283955574035645,295.35107421875,358.0973815917969,12.957784652709961,71.69435119628906,3.3861098289489746,True
6.5491251945495605,194.27685546875,7412.7978515625,5.83698034286499,354.8211975097656,361.0372314453125,11.67219066619873,57.316978454589844,4.421058654785156,True
6.80479621887207,223.99569702148438,17196.0546875,7.112622261047363,374.30914306640625,344.71832275390625,15.457383155822754,60.151344299316406,4.8473124504089355,True
7.099458276737869,203.05430603027344,20106.107421875,8.682329177856445,351.335693359375,346.0305480957031,11.556302070617676,62.9515266418457,4.704273700714111,True
7.176170825958252,206.29490661621094,25794.94921875,7.794726848602295,321.2840881347656,485.2544250488281,15.57487678527832,49.15195846557617,4.742966651916504,True
7.0850958824157715,206.6766815185547,21823.09375,5.8899455070495605,333.67997981379654,387.61810302734375,17.679899215698242,55.023284912109375,3.9328393936157227,True
7.20170259475708,147.71109008789062,37308.99609375,5.677451133728027,279.1644592285156,395.9768371582031,13.326125144958496,63.62689208984375,3.8832502365112305,True
7.776043891906738,215.53379821777344,38895.35546875,7.7646684646606445,342.26251220703125,349.43109130859375,6.124625205993652,65.83299255371094,5.42594575881958,True
7.195890142432722,209.751953125,20214.216796875,6.045077800750732,323.78839111328125,539.4647216796875,20.278989791870117,72.7352066040039,4.258488655090332,True
7.046548366546631,128.48251342773438,30569.810546875,4.449122428894043,281.7247009277344,348.26458740234375,15.142005920410156,58.15730285644531,2.8692262172698975,True
7.168562652730975,199.8458709716797,12635.3681640625,7.886383533477783,332.6151428222656,293.8342590332031,13.217535972595215,54.549617767333984,4.480574607849121,True
7.732880115509033,189.5098114013672,47022.74609375,8.226724624633789,287.0870666503906,567.7222900390625,14.980053901672363,71.20620727539062,3.510728120803833,True
6.2667999267578125,187.82962036132812,27577.212890625,9.141596794128418,322.9178466796875,277.0508117675781,13.290251731872559,59.454322814941406,3.6528446674346924,True
6.630251884460449,160.92037963867188,22557.779296875,5.305394172668457,338.6308288574219,416.8980712890625,15.79310131072998,53.276031494140625,5.181202411651611,True
6.775630950927734,154.37254333496094,15525.3935546875,6.084132671356201,343.03216552734375,597.979248046875,17.11854362487793,56.1240234375,3.0175442695617676,True
6.9986272479553016,204.73728942871094,25680.716796875,7.9801926612854,318.6772766113281,311.63555908203125,20.37683868408203,69.0205307006836,4.323784828186035,True
8.164992332458496,278.3403625488281,29045.26171875,7.992914199829102,334.5519714355469,384.7831726074219,17.406625747680664,64.21076965332031,4.1624956130981445,True
7.7737579345703125,251.4628448486328,21688.6171875,6.194910049438477,395.0882568359375,355.8316955566406,14.324552536010742,67.58431243896484,4.0409746170043945,True
7.295141220092773,182.40664672851562,13706.1865234375,5.887885093688965,300.6082458496094,424.6501770019531,18.0634708404541,73.83690643310547,5.0561041831970215,True
7.111065464338301,129.88330078125,8906.9755859375,6.8279008865356445,327.5517883300781,525.2247314453125,17.657411575317383,32.18537902832031,3.842113971710205,True
7.657541751861572,230.82000732421875,35056.23046875,7.656806945800781,364.130126953125,305.62939453125,18.481395721435547,72.205078125,4.792527675628662,True
7.664793491363525,223.57847595214844,20259.7265625,7.385414123535156,351.16131591796875,510.0469055175781,14.205221176147461,73.19246673583984,5.481690883636475,True
7.124584246897288,209.8660888671875,20116.91015625,6.941061496734619,370.3836975097656,338.9571838378906,11.342561721801758,51.15966796875,3.6195456981658936,True
7.800421237945557,210.67030334472656,19873.30078125,7.284675598144531,333.91694206427985,448.59564208984375,7.024746894836426,55.80350112915039,3.3459103107452393,True
7.264069080352783,216.6223907470703,19412.11328125,6.93245792388916,334.275753138422,301.95355224609375,19.21099090576172,67.71258544921875,3.96028208732605,True
7.544305801391602,211.0511474609375,34359.40234375,8.166792869567871,365.81231689453125,447.5206604003906,18.553478240966797,60.16274642944336,3.7140965461730957,True
7.749773979187012,229.48976135253906,21995.068359375,7.7489213943481445,320.440673828125,398.5447692871094,18.20291519165039,41.064247131347656,4.31718635559082,True
7.442023277282715,194.7638702392578,34565.703125,8.49334716796875,294.8362121582031,350.0851135253906,18.962013244628906,79.95832061767578,2.894651174545288,True
6.559252738952637,164.63592529296875,30660.208984375,8.852270126342773,272.5242614746094,533.5838623046875,10.958305358886719,83.6623306274414,4.216314792633057,True
7.035036563873291,220.50189208984375,19746.494140625,7.059382915496826,371.9126281738281,536.1838989257812,15.303433418273926,67.9017562866211,4.557028770446777,True
7.880685806274414,226.00384521484375,19486.8828125,6.208573818206787,356.33807373046875,472.36907958984375,11.9952392578125,55.02916717529297,3.579983711242676,True
7.498372554779053,236.7144012451172,21736.373046875,6.588566303253174,407.31207275390625,299.1942443847656,20.73766326904297,68.31434631347656,4.242241859436035,True
7.277389878021891,200.9699249267578,12700.48828125,7.713783264160156,395.0903625488281,464.02490234375,15.089339256286621,63.62456512451172,3.7561004161834717,True
6.538207054138184,214.99285888671875,12330.40625,7.300091743469238,389.8170471191406,465.3526611328125,22.089401245117188,24.532773971557617,3.4262664318084717,True
6.373288154602051,180.9589080810547,17502.87890625,6.471639633178711,367.7325134277344,411.581298828125,11.598645210266113,66.4383334381261,4.538108825683594,True
5.756475925445557,171.9718017578125,8086.826171875,7.304627895355225,330.1337890625,442.7587585449219,11.364750862121582,95.89849090576172,4.002081394195557,True
6.918062210083008,188.91287231445312,14052.4462890625,6.192192554473877,341.9536687665094,338.3208312988281,17.8601016998291,66.73703002929688,3.566298484802246,True
8.813504219055176,236.392822265625,40684.390625,6.608774662017822,303.5298156738281,278.3551330566406,14.576057434082031,72.87269592285156,4.242459774017334,True
7.361599922180176,231.79318237304688,29169.720703125,7.929904460906982,375.0971984863281,389.27264404296875,13.853116035461426,39.53278732299805,3.7515885829925537,True
9.175585746765137,281.59423828125,47852.890625,8.330276489257812,314.78375244140625,422.3182373046875,9.969136238098145,64.07054901123047,2.9596846103668213,True
6.952574779222968,192.74227905273438,32349.1015625,8.750629425048828,272.0850524902344,581.981201171875,13.583036422729492,64.43604278564453,3.952594518661499,True
6.550877094268799,145.8062744140625,25070.0078125,5.716378688812256,285.21893310546875,369.61309814453125,8.654765129089355,66.35211126391216,4.824825763702393,True
6.510855674743652,223.86062622070312,15147.171875,7.6675333976745605,389.3911437988281,437.0513610839844,12.085025787353516,52.33907699584961,4.2256083488464355,True
7.347030162811279,199.6137237548828,19073.259765625,5.76683235168457,336.99432373046875,413.2142333984375,12.482481956481934,56.79408264160156,4.29788064956665,True
8.111952781677246,217.2664794921875,38184.46875,7.254121780395508,311.91021728515625,281.0692138671875,13.027920722961426,78.58209228515625,4.430750370025635,True
6.99497881012774,237.08395385742188,35434.28125,7.617648601531982,381.3375244140625,365.0325012207031,13.453871726989746,33.43986892700195,3.825936794281006,True
5.985012531280518,151.3609619140625,20155.43359375,7.723292350769043,275.0797424316406,478.3323669433594,18.016265869140625,99.06123352050781,3.764099597930908,True
7.033949299042347,212.70533752441406,25626.48046875,8.590184211730957,338.6635437011719,330.2533874511719,11.052838325500488,64.47200012207031,4.2192254066467285,True
6.937224817289001,161.03897094726562,25583.4921875,6.796914100646973,336.0483187852655,467.4798889160156,14.10555362701416,52.33146286010742,4.514174461364746,True
6.433722496032715,177.2525177001953,20321.228515625,6.378918170928955,373.0517578125,375.0282287597656,11.684647560119629,61.62982177734375,3.6414899826049805,True
6.770095348358154,201.65084838867188,25887.630859375,9.367532730102539,327.61944580078125,519.38037109375,17.720300674438477,90.06484985351562,5.203461170196533,True
7.927969455718994,224.72105407714844,27402.01953125,6.875298976898193,343.28631591796875,315.9134216308594,14.137120246887207,32.43852615356445,4.847262382507324,True
7.3388261795043945,229.97869873046875,12603.400390625,5.975488185882568,351.3188171386719,370.8606262207031,19.38933753967285,79.97164916992188,4.017061233520508,True
7.0783610343933105,198.41244506835938,16648.599609375,6.931096076965332,348.5479736328125,472.2760009765625,17.249616622924805,59.63089370727539,3.2634646892547607,True
6.751668453216553,176.79315185546875,32040.505859375,7.931912899017334,328.97713019978534,467.14837646484375,11.2149076461792,47.53239440917969,3.735173463821411,True
7.7441253662109375,203.39622497558594,21403.001953125,7.623241424560547,333.2109069824219,424.3287353515625,16.949810028076172,48.416725158691406,3.612260103225708,True
7.560391902923584,223.2322540283203,14739.068359375,6.7316107749938965,372.0289001464844,481.3417663574219,8.900408744812012,62.134281158447266,4.257804870605469,True
7.8306074142456055,213.24925231933594,18821.388671875,6.4751129150390625,316.5724182128906,405.27874755859375,16.872394561767578,55.90576934814453,3.551568031311035,True
6.74693489074707,154.33216857910156,25137.427734375,8.495903968811035,274.88409423828125,330.0837097167969,15.98363208770752,69.94325256347656,3.4855358600616455,True
6.542281627655029,146.05538940429688,35965.74609375,8.578678131103516,329.7077540761028,474.0077209472656,21.36638641357422,54.127342224121094,3.794055461883545,True
8.549692153930664,236.86151123046875,17828.294921875,4.752267360687256,341.0363464355469,423.1100769042969,15.31324291229248,80.93130493164062,3.0390188694000244,True
7.499844551086426,231.5388641357422,22452.634765625,7.821007251739502,329.229190388611,380.99908447265625,14.338248252868652,66.36333596104663,4.663869380950928,True
5.763772964477539,183.07362365722656,22025.697265625,8.952896118164062,335.96595767691224,376.5813903808594,10.547398567199707,63.29975509643555,3.253200054168701,True
7.276863098144531,165.79795837402344,30396.904296875,7.835638523101807,281.8968811035156,475.64605712890625,12.326183319091797,83.39988708496094,6.0837721824646,True
7.493290901184082,216.3818817138672,9465.32421875,4.947531223297119,341.46063232421875,501.3453369140625,11.247507095336914,52.95136260986328,3.748746871948242,True
6.116024017333984,158.72889709472656,22481.02734375,8.46706485748291,338.149186467111,458.9929504394531,15.495284080505371,66.3765324135407,3.9843087196350098,True
5.226895332336426,127.1175537109375,7907.33056640625,6.761928558349609,335.46185302734375,475.3323669433594,12.72500991821289,79.42001342773438,5.138055801391602,True
7.389519377417796,255.95359802246094,15097.0244140625,8.482420921325684,361.9714050292969,471.4774169921875,14.570931434631348,40.28730010986328,3.227940797805786,True
6.420639991760254,180.29299926757812,26034.52734375,9.71061897277832,308.9578857421875,473.0648193359375,17.724395751953125,57.59663391113281,3.1399402618408203,True
7.669012546539307,205.59564208984375,11579.44140625,4.263278961181641,356.1365051269531,407.72161865234375,10.829045295715332,83.24380493164062,4.589512825012207,True
7.1280622482299805,191.40081787109375,25227.544921875,6.607844352722168,319.2508544921875,419.30499267578125,12.865365982055664,78.46849060058594,4.510595321655273,True
6.94526405734614,108.9166259765625,14476.3359375,5.398161888122559,281.1982727050781,512.2322998046875,15.013792991638184,86.67145538330078,3.8955719470977783,True
6.615350246429443,179.24066162109375,26392.86328125,9.309160232543945,331.27919452309055,496.3635559082031,12.786595344543457,78.26236724853516,4.4534430503845215,True
6.504876136779785,159.18214416503906,13403.0859375,6.958284378051758,296.076904296875,359.97442626953125,15.636850357055664,63.514312744140625,3.748443365097046,True
7.4591240882873535,195.02871704101562,33173.5,7.5513739585876465,325.9342927597998,534.1669921875,17.33405113220215,38.36806869506836,3.5447514057159424,True
6.956532035454156,221.6731414794922,32269.505859375,8.765237808227539,303.96173095703125,357.35858154296875,12.819740295410156,51.374237060546875,4.804828643798828,True
7.0960469245910645,221.50823974609375,17240.021484375,9.181472778320312,322.61688232421875,442.5436096191406,16.576200485229492,78.1220932006836,4.785637378692627,True
6.989442348480225,197.6858367919922,12150.7216796875,7.984166145324707,341.1001281738281,303.5968017578125,14.330885887145996,70.85686492919922,3.8530476093292236,False
6.948577978439997,184.74139404296875,32328.71484375,8.396587371826172,292.938232421875,617.144775390625,8.348505973815918,51.45707321166992,5.493180751800537,False
8.297725677490234,222.4363250732422,20320.109375,7.3218584060668945,297.138671875,374.1195373535156,15.7792329788208,93.44632720947266,4.166105270385742,False
3.846453905105591,211.7572021484375,14686.283203125,7.557872772216797,326.9121398925781,371.2693786621094,21.765169143676758,35.78152847290039,3.143430709838867,False
6.967918894688667,174.917724609375,28990.787109375,4.660411357879639,417.34027099609375,468.8429870605469,10.018238067626953,53.3470458984375,3.6690568923950195,False
9.380006790161133,166.26976013183594,32471.45703125,7.34253454208374,329.3058749423087,498.31304931640625,12.779885292053223,56.79331588745117,4.566253662109375,False
8.998374938964844,169.22833251953125,21790.01171875,7.923357009887695,337.2147665735081,436.9215087890625,18.22219467163086,73.2178726196289,4.516932964324951,False
5.69038724899292,241.21572875976562,14083.830078125,5.738962173461914,293.46514892578125,498.2829895019531,24.75539207458496,70.7289047241211,2.9886209964752197,False
7.301563262939453,177.6628875732422,23441.267578125,9.107017517089844,326.2906188964844,478.467041015625,14.003396034240723,55.183345794677734,2.774960994720459,False
7.031683921813965,201.00210571289062,24510.5078125,5.818273544311523,401.2688293457031,371.61639404296875,12.846818923950195,89.19243621826172,4.422183036804199,False
4.348674774169922,197.2763671875,9848.03515625,10.810937881469727,343.7650692431873,295.74951171875,19.958236694335938,81.74641418457031,4.360949993133545,False
5.294195175170898,234.27139282226562,26811.203125,3.611358165740967,369.60845947265625,570.9750366210938,12.775773048400879,44.675682067871094,3.522454023361206,False
7.257931232452393,187.765625,24354.3359375,7.196253776550293,333.80897966534627,346.2917785644531,10.892952919006348,61.56116485595703,4.266922473907471,False
9.250492095947266,184.4420166015625,22749.177734375,7.401662826538086,375.0083312988281,436.4937744140625,15.402960777282715,44.788970947265625,3.9963390827178955,False
9.680475234985352,199.5316619873047,32916.33203125,6.127804279327393,323.84821731540376,461.3000793457031,16.109678268432617,76.54383850097656,2.79584002494812,False
7.02136227906427,184.9937286376953,19764.626953125,7.505091667175293,338.04757895609043,293.4779968261719,12.934159278869629,66.41049733113144,3.0179848670959473,False
6.741245746612549,196.8330078125,23565.732421875,7.594583988189697,315.5746154785156,500.14288330078125,11.663073539733887,31.778484344482422,3.5009706020355225,False
6.811702251434326,261.3895568847656,15149.490234375,7.056107044219971,331.0399362660409,397.787109375,11.993515968322754,66.25765228271484,3.2750084400177,False
6.96694278717041,222.8902587890625,25441.056640625,7.383783340454102,327.6988057297173,647.3499145507812,17.39128303527832,38.73264694213867,4.356931209564209,False
7.446089267730713,179.14683532714844,17763.310546875,9.87651538848877,328.4590148925781,364.1341857910156,12.982491493225098,49.051239013671875,2.948657512664795,False
6.2106475830078125,192.21673583984375,19330.03515625,8.792885780334473,337.14037566925106,401.3832702636719,18.225492477416992,61.27421569824219,3.2121238708496094,False
7.341547012329102,187.6724090576172,21273.45703125,7.784003257751465,336.98813211280753,332.08428955078125,16.842334747314453,55.01914978027344,4.025643825531006,False
7.051396369934082,187.41888427734375,15423.3876953125,8.8715238571167,341.56268310546875,561.790771484375,14.280606269836426,66.48290416802357,3.172091007232666,False
6.642613887786865,226.52783203125,13730.2587890625,9.06076717376709,257.45947265625,275.07171630859375,12.779230117797852,66.52400461479198,3.807720899581909,False
10.14629077911377,242.1517333984375,24649.673828125,4.803372383117676,347.0697326660156,348.4840393066406,17.61479949951172,73.00154876708984,4.481552600860596,False
7.207289208460193,235.67745971679688,24008.9921875,5.635028839111328,381.09771728515625,460.7452697753906,13.452537536621094,72.85946655273438,3.1709938049316406,False
8.469537734985352,128.62008666992188,15273.048828125,10.725523948669434,347.08889468313924,553.3462524414062,16.93086814880371,69.73668670654297,4.149553298950195,False
6.043211936950684,151.1483154296875,24207.08203125,8.414072036743164,335.52705071003254,410.9093017578125,10.085050582885742,107.58596801757812,4.196726322174072,False
5.841118812561035,194.6168975830078,17721.958984375,5.646296977996826,410.3586730957031,622.9635620117188,17.629541397094727,93.07069396972656,4.237560272216797,False
8.114665031433105,236.49327087402344,26631.212890625,6.266781806945801,275.09088134765625,496.9897766113281,18.588533401489258,58.31334686279297,2.6545944213867188,False
5.585116863250732,143.5054168701172,22234.697265625,9.252852439880371,368.387451171875,437.1246643066406,11.575215339660645,52.42437744140625,4.148343086242676,False
5.903993606567383,196.27471923828125,19399.22265625,7.641894340515137,328.269287109375,324.0456848144531,18.505373001098633,77.15779876708984,3.820021152496338,False
10.284126281738281,249.32420349121094,23259.01171875,3.331265926361084,284.4059143066406,468.86627197265625,5.188466548919678,67.62261962890625,2.844632625579834,False
9.578227043151855,205.74874877929688,33080.58984375,5.659847736358643,356.69830322265625,333.0699157714844,16.984960556030273,68.90608978271484,3.419238805770874,False
7.0948309898376465,139.9068603515625,18975.642578125,7.571951389312744,423.04595947265625,528.2665405273438,18.556177139282227,68.6485824584961,3.6284596920013428,False
7.294076467255256,210.7447052001953,12229.298828125,6.950981140136719,387.3888244628906,422.0270690917969,14.680843353271484,77.32232666015625,2.5167691707611084,False
9.687259674072266,190.16287231445312,18752.576171875,7.073006629943848,336.99783388460486,461.0702209472656,9.106873512268066,64.2282485961914,3.0858354568481445,False
6.527440547943115,181.072998046875,22444.08203125,10.474976539611816,271.86279296875,351.06378173828125,11.996365547180176,66.39173927641059,3.567180633544922,False
7.136128099442423,193.62948608398438,18753.2109375,8.685011863708496,327.34063720703125,478.1026916503906,13.172901153564453,52.67395782470703,2.3734376430511475,False
7.744772434234619,208.9203338623047,27648.16015625,5.622572422027588,332.82379150390625,397.0574645996094,12.486191749572754,73.18455505371094,5.016321182250977,False
8.289224624633789,191.8588104248047,22526.279296875,7.979154586791992,334.745780285198,292.8608093261719,18.003679275512695,72.5755844116211,4.291001319885254,False
7.249257564544678,223.7035369873047,24311.90625,7.39251708984375,275.62249755859375,306.7822265625,9.697257041931152,77.19964599609375,4.361486434936523,False
7.744098663330078,219.65872192382812,30809.705078125,6.790680885314941,323.56599066526536,405.0322570800781,12.758776664733887,70.371826171875,5.104188442230225,False
7.178327445690165,214.216064453125,19026.671875,7.634724140167236,333.55804940747834,421.1402893066406,16.82573890686035,74.62943267822266,3.986882448196411,False
6.890274524688721,185.744140625,12218.095703125,8.02293586730957,350.6578674316406,394.4405822753906,17.064897537231445,86.63182067871094,4.100697040557861,False
6.0473809242248535,230.58628845214844,20278.3828125,9.360798835754395,305.7765808105469,333.53076171875,12.59384822845459,55.30183410644531,2.2167296409606934,False
11.568767547607422,192.92445373535156,39234.46875,8.860762596130371,235.99546813964844,463.4350891113281,19.628177642822266,81.49652862548828,3.7612884044647217,False
10.164838790893555,194.30279541015625,28915.642578125,7.3016886711120605,316.52520751953125,279.1654357910156,18.452308654785156,63.06245803833008,2.9376862049102783,False
8.722311019897461,145.24661254882812,20256.353515625,10.651998519897461,338.89636095590237,612.3280029296875,13.053339958190918,94.82670593261719,3.009289264678955,False
3.7177038192749023,183.34942626953125,14841.2421875,9.5349702835083,339.56499754701406,293.9176025390625,12.942291259765625,112.06102752685547,3.7802586555480957,False
4.894278049468994,184.55271911621094,10922.5419921875,7.461702823638916,352.8302307128906,338.6810607910156,21.624717712402344,91.0079345703125,3.5949909687042236,False
6.071183204650879,138.22398376464844,14852.5302734375,8.093541145324707,345.55481524502625,389.30279541015625,17.023530960083008,100.4409408569336,5.036334037780762,False
9.032563209533691,156.26565551757812,24897.556640625,7.639634132385254,416.530517578125,342.74603271484375,13.599564552307129,62.50210952758789,3.62613582611084,False
9.913703918457031,160.09825134277344,32129.99609375,6.109516143798828,405.2955627441406,541.2207641601562,11.546323776245117,46.0819091796875,5.554666519165039,False
7.024755352934903,165.740234375,19919.32421875,7.278151512145996,351.9650573730469,420.1207275390625,17.776052474975586,46.002342224121094,3.428095817565918,False
4.229224681854248,207.6692352294922,21214.37109375,6.844547748565674,304.2751159667969,488.45587158203125,13.489423751831055,65.30757141113281,3.7331395149230957,False
9.135452270507812,233.1753387451172,32105.287109375,6.749696254730225,321.23745625649764,370.9298095703125,16.334775924682617,68.6970443725586,3.6436867713928223,False
3.9065675735473633,152.81884765625,17857.716796875,7.363059997558594,324.3828430175781,342.4087829589844,7.637198448181152,75.20134735107422,3.2047958374023438,False
7.384048938751221,148.29617309570312,14417.9794921875,9.084967613220215,347.96209716796875,316.57958984375,13.493983268737793,58.86150360107422,5.337986946105957,False
7.307048477762583,180.68060302734375,8692.5380859375,8.671792984008789,396.52874755859375,534.339111328125,10.299786567687988,87.65201568603516,3.913601875305176,False
8.524296760559082,141.81024169921875,12658.1767578125,11.264386177062988,347.2680969238281,387.08587646484375,12.789958000183105,69.57709503173828,4.343059539794922,False
5.7061309814453125,199.11782836914062,25815.609375,6.383545398712158,329.11661805442225,483.8240966796875,11.637606620788574,79.4739761352539,4.326394557952881,False
3.7151713371276855,199.08338928222656,15900.796875,8.561198234558105,291.1041564941406,371.8471374511719,11.973577499389648,66.48554182277658,2.3533382415771484,False
6.519847869873047,183.2259979248047,14284.6474609375,8.389078140258789,373.0915832519531,495.41796875,11.638474464416504,58.66164779663086,3.2722861766815186,False
7.910640716552734,190.42759704589844,16461.501953125,5.4544758796691895,394.3058776855469,294.17864990234375,17.65865135192871,82.41702270507812,3.8866026401519775,False
6.587464809417725,211.16928100585938,28990.296875,8.883665084838867,267.202392578125,504.90875244140625,14.05469036102295,68.97647857666016,4.096841335296631,False
4.300029277801514,218.31988525390625,17639.857421875,7.527317047119141,331.8346252441406,424.20941162109375,15.0057373046875,70.05083465576172,4.5864481925964355,False
8.575939178466797,215.13671875,15778.7294921875,7.532773017883301,316.9595031738281,359.830078125,14.94467544555664,79.4639892578125,4.002128601074219,False
8.884934425354004,145.2777099609375,17621.390625,8.267973899841309,341.47747802734375,286.8907775878906,15.194724082946777,42.28905487060547,4.714163303375244,False
10.504759788513184,143.7675018310547,31320.24609375,7.7285051345825195,402.9535217285156,491.2160339355469,12.003832817077637,75.64170837402344,4.681366443634033,False
6.976922191864386,219.07464599609375,31044.73828125,6.772326946258545,263.9005432128906,411.4711608886719,16.208927154541016,70.85266876220703,1.9846148490905762,False
6.946717739105225,214.1700439453125,32946.56640625,5.48425817489624,333.4395751953125,318.8836364746094,12.809956550598145,15.684876441955566,4.934986114501953,False
8.107091903686523,213.02926635742188,24531.869140625,6.237222194671631,322.0970458984375,517.4900512695312,14.352031707763672,59.860286712646484,2.7691640853881836,False
4.908899784088135,161.24319458007812,13516.9111328125,8.206212043762207,343.3052978515625,535.2244873046875,14.356101036071777,71.44491577148438,4.19642972946167,False
5.0989670753479,197.14263916015625,21682.75390625,7.7559051513671875,292.2514343261719,424.6661071777344,10.927590370178223,51.2209587097168,4.333667278289795,False
6.09309196472168,208.90802001953125,21456.603515625,9.600683212280273,263.4534912109375,459.01556396484375,19.296764373779297,31.007234573364258,4.523557662963867,False
10.033933639526367,213.6474151611328,25433.232421875,5.202937602996826,319.01007080078125,362.26214599609375,13.994461059570312,68.02076721191406,2.9015355110168457,False
8.978998184204102,213.09176635742188,19030.716796875,5.291516304016113,316.9403381347656,473.150390625,15.89107894897461,66.0870361328125,4.656316757202148,False
5.514747619628906,228.7359161376953,35343.62890625,4.3466081619262695,319.25228993987497,526.1123657226562,14.930981636047363,46.7805061340332,2.7981584072113037,False
7.087095546011932,200.8398895263672,20743.34765625,6.9059882164001465,264.6435241699219,450.3617248535156,10.209152221679688,70.49560546875,3.808912992477417,False
6.731277942657471,229.12889099121094,15058.138671875,5.119307518005371,315.8800964355469,443.95843505859375,13.78257942199707,76.27384185791016,4.190484046936035,False
7.191962242126465,228.40994262695312,15395.46875,7.398602485656738,334.7776184082031,294.91558837890625,13.932292938232422,50.74836349487305,4.102718830108643,False
6.948401499386389,190.38259887695312,30524.09375,6.375449180603027,387.6686096191406,382.0567626953125,19.195322036743164,73.65780639648438,4.938389301300049,False
7.127711296081543,173.6901092529297,19309.5703125,6.533392429351807,372.5372314453125,295.3858337402344,7.273399353027344,88.79092407226562,3.3961849212646484,False
5.632040977478027,203.73048400878906,19345.921875,8.047798156738281,265.34710693359375,708.2263793945312,15.752252578735352,69.1959228515625,3.5119848251342773,False
7.194207533349731,184.02003479003906,13361.2255859375,9.25865650177002,335.0899963378906,467.44415283203125,19.581926345825195,80.08423614501953,4.411057472229004,False
7.955026149749756,244.39590454101562,32405.4140625,3.318045139312744,307.6435546875,433.91180419921875,16.254484176635742,67.68077087402344,3.9559166431427,False
7.775049686431885,195.17874145507812,22329.740234375,6.105129718780518,416.9491882324219,371.6158752441406,10.96418285369873,66.34258357442536,4.6994829177856445,False
5.16834020614624,206.26976013183594,17914.33984375,11.24000072479248,335.7156509991122,357.69696044921875,4.902888298034668,72.08470153808594,3.84116268157959,False
7.667520999908447,163.3458251953125,25035.271484375,8.258578300476074,329.5970764160156,431.8677673339844,16.078500747680664,89.0936508178711,4.618164539337158,False
7.272362232208252,229.08714294433594,16404.759765625,7.5897536277771,272.27691650390625,518.6094970703125,17.878955841064453,67.10441589355469,3.9965813159942627,False
3.6919326782226562,202.51206970214844,9439.7841796875,10.343626022338867,313.1388854980469,543.6858520507812,15.436184883117676,65.2051010131836,3.846606969833374,False
7.0651648720343765,221.12696838378906,27158.677734375,7.875936508178711,274.6587829589844,472.0960998535156,15.759417533874512,35.71040344238281,4.688955307006836,False
7.69252347946167,220.81915283203125,26686.84765625,8.286211013793945,299.9588317871094,564.5269775390625,13.861775398254395,77.01593780517578,4.52243185043335,False
8.15751838684082,236.3444366455078,27931.208984375,6.203675746917725,325.3239440917969,511.5876770019531,13.381574630737305,80.68695831298828,4.469430446624756,False
7.187766075134277,184.15660095214844,31125.740234375,6.3777899742126465,352.916015625,472.27410888671875,14.807893753051758,61.96388626098633,3.784120798110962,False
5.689554214477539,202.36471557617188,17493.650390625,5.520355701446533,385.1973571777344,479.23785400390625,21.692974090576172,66.43083656868498,3.732170343399048,False
8.758824348449707,197.2152099609375,19572.146484375,7.493432998657227,376.8382873535156,518.3855590820312,19.18592071533203,35.7860107421875,3.5275652408599854,False
9.814247131347656,177.71221923828125,30575.947265625,6.393927097320557,329.6629647996707,536.7206420898438,12.339004516601562,46.25904846191406,4.317531108856201,False
9.969273567199707,237.02285766601562,26944.681640625,5.588774681091309,334.3262023925781,379.1379699707031,13.008179664611816,86.18505859375,3.643378973007202,False
7.062934717270669,179.1549530029297,18282.068359375,7.874879360198975,326.1868591308594,397.2211608886719,9.438369750976562,57.851078033447266,2.757856845855713,False
9.149127006530762,162.6832733154297,21463.05859375,9.820674896240234,337.18187318921525,501.56689453125,15.667044639587402,83.6915512084961,4.805641174316406,False
6.889753713442215,146.2503204345703,25623.33984375,7.307749271392822,336.8185164085837,464.1846008300781,8.354866981506348,69.00157165527344,3.5828824043273926,False
5.840811729431152,157.882568359375,16087.26953125,9.458000183105469,277.5404357910156,550.1373901367188,11.870382308959961,52.247066497802734,5.049463748931885,False
7.202258991703355,209.95327758789062,18668.36328125,4.45325231552124,347.58160400390625,479.5613708496094,16.092975616455078,68.79917907714844,3.772078037261963,False
4.981672286987305,220.9505615234375,20988.087890625,7.985668182373047,232.54881286621094,373.6248779296875,12.235175132751465,45.95003128051758,4.475148677825928,False
5.423318386077881,185.90318298339844,18020.841796875,6.401045799255371,447.41796875,332.050048828125,7.715740203857422,67.33368682861328,5.224654674530029,False
4.838571071624756,241.13597106933594,18328.40234375,7.403238773345947,237.5174560546875,355.27545166015625,12.717351913452148,75.39828491210938,4.580371856689453,False
7.904053211212158,217.77163696289062,23575.9921875,7.4930243492126465,279.1466979980469,548.1553955078125,10.329558372497559,65.1805419921875,3.1372804641723633,False
6.7440643310546875,158.5348358154297,16304.529296875,7.133913516998291,344.17028620185556,514.74853515625,9.333898544311523,38.54230880737305,3.534126043319702,False
8.66397476196289,206.92315673828125,29551.333984375,6.030275821685791,339.0322570800781,329.7108459472656,9.13990306854248,63.76576232910156,3.689241409301758,False
4.161111831665039,181.73638916015625,25815.388671875,8.534628868103027,297.2392272949219,399.29217529296875,9.343334197998047,46.63808059692383,4.16824197769165,False
8.515976905822754,212.30462646484375,28553.55859375,7.225366115570068,342.6040954589844,341.7403564453125,9.003646850585938,60.72520065307617,2.1656816005706787,False
9.999807357788086,215.10897827148438,33462.03515625,6.194121837615967,365.89532470703125,373.936767578125,13.792034149169922,77.87210083007812,2.659977674484253,False
7.038092136383057,204.92327880859375,24607.087890625,8.080155372619629,280.7456359863281,365.8452453613281,10.807557106018066,59.91244125366211,4.237697601318359,False
2.803563117980957,186.12391662597656,11920.9072265625,8.642034530639648,332.7445068359375,447.5942077636719,18.48218536376953,87.69744110107422,3.489938497543335,False
5.972599983215332,186.46746826171875,23124.578125,7.012553691864014,334.2267628080946,446.2193603515625,16.45540428161621,64.68881225585938,5.164944648742676,False
8.180755615234375,178.0796356201172,25623.8671875,7.574081897735596,391.9182434082031,353.50701904296875,19.749406814575195,74.29530334472656,3.8454227447509766,False
7.0102434158325195,162.1232452392578,26395.248046875,6.622597694396973,334.4573479873487,574.5814208984375,12.277989387512207,51.628692626953125,3.279006242752075,False
8.179890632629395,258.9019470214844,17291.619140625,5.1844096183776855,330.2727030586562,434.5042419433594,12.813028335571289,51.09571075439453,4.2957377433776855,False
6.9331463480684725,162.51268005371094,24642.8125,7.26757287979126,330.9053649902344,414.6507263183594,11.583353042602539,73.94618225097656,3.215740203857422,False
6.8651251792907715,216.7444610595703,13529.0390625,5.618492603302002,402.31341552734375,553.6167602539062,15.692770957946777,86.37808227539062,3.955153703689575,False
7.950816631317139,147.117919921875,20827.91796875,9.22612476348877,341.10080706689376,474.8540344238281,10.714240074157715,60.25551986694336,4.543685436248779,False
7.071643540969902,204.25827026367188,26321.689453125,5.937495708465576,328.83970616494776,487.27362060546875,20.407808303833008,70.3405990600586,3.3055877685546875,False
9.581188201904297,223.2962188720703,28292.78125,5.665430545806885,326.63676620101506,398.47930908203125,11.350768089294434,44.574119567871094,3.9291775226593018,False
7.274756908416748,195.11802673339844,21496.74609375,6.571089744567871,360.69781494140625,418.37359619140625,11.382543563842773,81.23561096191406,4.271580696105957,False
7.423984341111087,260.84503173828125,11803.7353515625,5.260670185089111,336.04046630859375,424.05841064453125,12.318942070007324,70.20332336425781,2.816074848175049,False
8.026773452758789,169.33384704589844,19168.52734375,8.081496238708496,405.52734375,350.5773620605469,15.177534103393555,68.0039291381836,3.735983371734619,False
7.879543304443359,170.19091796875,37000.95703125,6.217222690582275,346.0636901855469,517.5767822265625,15.871769905090332,68.91118621826172,4.066229343414307,False
6.448971271514893,237.4611053466797,18736.19140625,5.599870204925537,332.9701229995713,235.0422821044922,11.545476913452148,56.715511322021484,3.759326219558716,False
5.189413547515869,171.23892211914062,12289.9013671875,10.786499977111816,301.2308349609375,501.5597229003906,12.284333229064941,54.473934173583984,4.876273155212402,False
6.538084030151367,197.42819213867188,15979.060546875,7.4249444007873535,273.7192687988281,452.1872253417969,18.584959030151367,77.7308120727539,5.143750190734863,False
5.915806770324707,195.74407958984375,12431.802734375,6.661616325378418,380.725341796875,367.8540344238281,21.300647735595703,90.3948974609375,4.513200759887695,False
8.136497497558594,184.2318572998047,30031.83984375,6.215307235717773,373.6528015136719,400.6119079589844,15.28878116607666,37.7870979309082,4.204185962677002,False
6.936319661219188,187.873291015625,29532.615234375,7.98103666305542,274.493408203125,469.1321105957031,16.169212341308594,78.92552947998047,4.586748123168945,False
6.493764400482178,205.1505584716797,19821.337890625,6.344963550567627,298.3799743652344,482.595703125,12.164735794067383,89.47772216796875,4.9109110832214355,False
7.086332271293043,205.3385467529297,25142.734375,5.639501094818115,296.0912780761719,528.280029296875,12.91150951385498,69.52671813964844,4.894829750061035,False
6.977405548095703,205.56350708007812,16100.9677734375,5.527299404144287,371.3618469238281,532.3421020507812,10.346573829650879,72.57395935058594,5.327584743499756,False
5.489248275756836,134.56027221679688,15979.3349609375,9.504361152648926,366.21441650390625,418.6420593261719,12.897635459899902,57.78086853027344,3.9870121479034424,False
2.55810284614563,147.49057006835938,21316.505859375,9.142233848571777,312.0542297363281,406.37200927734375,11.519669532775879,83.27758026123047,2.81725811958313,False
7.312109470367432,199.81300354003906,14540.7353515625,8.827413558959961,276.1182861328125,486.9837341308594,17.271656036376953,70.13560485839844,5.123871803283691,False
8.554097175598145,191.7084197998047,32112.5703125,8.115355491638184,293.6557922363281,518.9443359375,8.56757926940918,58.062461853027344,3.5636098384857178,False
6.704432010650635,148.84213256835938,13329.0322265625,7.118465423583984,347.17126105217267,403.4209899902344,20.794370651245117,70.34609985351562,3.395331859588623,False
7.083723799503356,194.7191925048828,18344.0703125,7.6118364334106445,337.20554246397404,320.35601806640625,12.333236694335938,75.1148910522461,4.515322208404541,False
8.028304100036621,204.7837371826172,20408.486328125,4.531581401824951,406.32891845703125,515.5750732421875,21.558862686157227,70.5472183227539,3.9159908294677734,False
7.050214468132939,168.04246520996094,18564.37109375,8.562156677246094,345.2052307128906,419.1315612792969,18.459890365600586,59.70021057128906,2.962432861328125,False
8.61682415008545,228.762939453125,19126.298828125,7.017578125,327.89483642578125,383.5270080566406,14.759256362915039,41.27592849731445,4.58456563949585,False
9.46712875366211,169.2144012451172,33365.31640625,8.460490226745605,315.96038818359375,449.72393798828125,10.396795272827148,74.32689666748047,3.1641879081726074,False
6.793698787689209,227.2257537841797,14470.0537109375,8.471508979797363,274.4447326660156,360.75567626953125,19.402149200439453,40.290592193603516,4.822957992553711,False
7.1476235276072995,229.725341796875,22444.55859375,5.702175140380859,320.99005126953125,389.0308837890625,15.501543045043945,34.246212005615234,3.851154327392578,False
7.17196982401279,188.39501953125,21875.216796875,7.141372203826904,408.85589599609375,616.121337890625,8.974388122558594,59.70801544189453,4.123239517211914,False
5.486058712005615,186.6956329345703,16639.21484375,9.807779312133789,339.8638064479288,355.94244384765625,12.25426197052002,66.46097986559971,4.5577073097229,False
5.050748348236084,191.72219848632812,18252.076171875,8.118115425109863,284.2150573730469,373.7412414550781,18.045433044433594,91.85193634033203,3.930290699005127,False
6.24611759185791,199.09896850585938,27001.3359375,7.808013439178467,296.9236145019531,478.7459411621094,17.128023147583008,84.79895782470703,4.755157947540283,False
8.14233112335205,221.75234985351562,29808.236328125,8.82015609741211,205.93508911132812,556.6576538085938,10.737799644470215,59.512996673583984,4.7048659324646,False
6.852899074554443,158.0797882080078,11914.4638671875,7.634966850280762,386.1673889160156,473.6433410644531,16.939374923706055,62.695472717285156,4.594760417938232,False
8.801933288574219,225.8954620361328,23659.2109375,2.458609104156494,408.4178771972656,446.9924621582031,14.34081745147705,42.80091094970703,3.769831895828247,False
7.0178169709054945,200.30865478515625,25355.998046875,7.105245113372803,304.6481018066406,394.2460632324219,16.0673770904541,77.81098937988281,3.279888391494751,False
8.383761405944824,156.9518585205078,21923.875,7.65683126449585,379.5416259765625,364.7948913574219,11.773963928222656,62.85578155517578,3.5857367515563965,False
6.476140022277832,215.72177124023438,21165.58984375,7.6429524421691895,348.4749450683594,315.078125,13.543180465698242,46.16900634765625,4.0415802001953125,False
9.894561767578125,128.5857391357422,26436.033203125,8.778717041015625,349.7484436035156,480.6676025390625,9.105813026428223,65.32733154296875,4.617532730102539,False
4.808039665222168,186.1605682373047,19118.05078125,7.054443836212158,359.40625,577.4913940429688,8.304287910461426,73.15309143066406,3.597759962081909,False
10.577930450439453,278.0363464355469,28652.142578125,2.7857184410095215,379.2774963378906,334.211669921875,15.011892318725586,65.19987487792969,3.051607608795166,False
6.304971694946289,249.0825958251953,21046.44921875,5.456272602081299,329.2088016793924,334.17864990234375,15.089082717895508,52.79168701171875,4.221305847167969,False
7.822491645812988,208.63671875,22308.822265625,5.850327491760254,408.1232604980469,502.7893981933594,16.135732650756836,60.39398193359375,3.835332155227661,False
7.989376068115234,191.93618774414062,16746.80078125,8.56242847442627,312.739990234375,431.50567626953125,14.371148109436035,77.92896270751953,3.6487436294555664,False
9.671796798706055,130.60836791992188,30220.61328125,9.309142112731934,370.29486083984375,411.8813781738281,18.024005889892578,76.15972137451172,3.895103931427002,False
5.94126558303833,179.95486450195312,26562.447265625,6.803287982940674,331.72753488104837,431.96917724609375,14.632401466369629,75.43402862548828,2.2273709774017334,False
5.574755668640137,189.70066833496094,11512.4658203125,8.720972061157227,329.93963623046875,331.3303527832031,18.016990661621094,66.18864440917969,4.3718061447143555,False
7.610509395599365,208.81781005859375,34538.54296875,5.600619792938232,301.7872314453125,470.7403259277344,15.66890811920166,35.365055084228516,4.692217826843262,False
7.102446556091309,243.41294860839844,23493.12109375,4.792738437652588,283.3443298339844,341.43878173828125,16.072772979736328,45.633296966552734,3.0655083656311035,False
5.152740001678467,185.3422393798828,25669.720703125,7.819479465484619,318.45098876953125,449.91900634765625,18.30157470703125,49.342037200927734,3.842625141143799,False
7.301463603973389,205.7218780517578,23778.7578125,8.179966926574707,333.33929443359375,529.6246337890625,12.352311134338379,41.03206253051758,3.942709445953369,False
6.104925632476807,241.17572021484375,13539.8115234375,6.015548229217529,335.396484375,363.6333923339844,13.456483840942383,60.92371368408203,4.131932735443115,False
6.001382350921631,186.88441467285156,22554.830078125,8.39188289642334,331.2148742675781,444.89105224609375,4.466772079467773,65.95476531982422,4.036719799041748,False
6.817711376268986,153.0351104736328,28504.998046875,8.425497055053711,335.8850195843357,346.3111572265625,15.138653755187988,48.38496017456055,3.830883741378784,False
7.885678768157959,207.82130432128906,12359.630859375,7.377662658691406,340.9789733886719,499.3616943359375,14.045190811157227,97.62715911865234,5.430349826812744,False
6.983125096773646,159.8328857421875,23917.189453125,6.781576156616211,369.2238464355469,472.92718505859375,13.891834259033203,85.7586441040039,2.85768723487854,False
7.67909049987793,204.86000061035156,21530.31640625,8.185400009155273,332.3753656314961,445.3709411621094,16.31014633178711,78.01988983154297,3.1868233680725098,False
7.119483871627229,163.95724487304688,19516.8984375,7.17877721786499,393.8409118652344,587.841552734375,14.842673301696777,69.0068588256836,4.169923782348633,False
10.391942024230957,262.74176025390625,39116.68359375,3.2057862281799316,285.7284240722656,473.31396484375,13.300687789916992,65.31881713867188,5.771714687347412,False
6.71486234664917,236.54205322265625,33197.15234375,4.958517074584961,331.4845275878906,402.9465637207031,14.841181755065918,66.19537844482846,4.593763828277588,False
7.349653244018555,235.21087646484375,20443.134765625,7.177789211273193,329.43827480688407,305.41729736328125,12.831113815307617,91.0926742553711,3.8616840839385986,False
7.054024900193674,196.0829620361328,22746.0625,7.702740669250488,325.4784240722656,397.05499267578125,21.091602325439453,51.93901824951172,3.7131097316741943,False
7.3451385498046875,202.17446899414062,17032.7734375,6.2126288414001465,361.44049072265625,600.2950439453125,17.299739837646484,89.07786560058594,4.297994613647461,False
10.147089958190918,177.82130432128906,20642.587890625,5.759743690490723,338.0271373572021,487.87884521484375,16.487323760986328,48.58900833129883,2.799440622329712,False
6.3807172775268555,266.0154113769531,21250.935546875,4.854334354400635,357.24102783203125,358.18548583984375,27.00670623779297,59.93778610229492,4.53201961517334,False
7.940647125244141,181.77130126953125,15858.7783203125,6.849963665008545,338.5226613515873,584.8271484375,10.590136528015137,81.95719146728516,5.4318366050720215,False
6.904754740213447,197.71363830566406,31251.64453125,6.252423286437988,326.463013820148,322.2176208496094,14.271722793579102,74.6442642211914,3.9065263271331787,False
7.786734580993652,192.1797332763672,28086.873046875,7.157951354980469,329.7086181640625,327.3804931640625,10.68134880065918,52.415462493896484,1.9614753723144531,False
6.32304048538208,227.55397033691406,24463.13671875,6.26193380355835,327.8051112264731,399.94744873046875,17.91265296936035,71.1512222290039,4.749424457550049,False
7.165258183142567,170.2914276123047,14550.4169921875,7.8474040031433105,395.4959411621094,486.3677062988281,13.797577857971191,51.41590881347656,3.7940330505371094,False
6.645657539367676,170.26971435546875,23432.109375,7.066565036773682,334.90779156278245,513.3649291992188,20.264678955078125,78.90088653564453,4.170657634735107,False
6.01453971862793,205.48294067382812,23268.2421875,9.03576946258545,283.3403625488281,371.4034729003906,16.86366844177246,73.01779174804688,2.6860687732696533,False
10.086771011352539,189.7323760986328,17572.546875,6.894730567932129,336.6794711925986,416.6410827636719,9.47775650024414,92.89218139648438,4.334122180938721,False
5.166225910186768,135.71217346191406,12060.009765625,8.63709831237793,349.55362792903117,362.2172546386719,11.185553550720215,76.06706237792969,4.608319282531738,False
5.5732011795043945,229.17498779296875,15613.16015625,4.157901763916016,383.4811096191406,409.06658935546875,10.751903533935547,63.758514404296875,3.5996246337890625,False
9.494558334350586,254.53445434570312,28492.169921875,6.113607883453369,319.8097719023245,620.9810180664062,18.417953491210938,65.44805908203125,3.6311070919036865,False
9.036504745483398,199.32188415527344,21696.00390625,5.970186710357666,350.183837890625,288.5088195800781,13.400388717651367,73.05806732177734,5.661984443664551,False
4.400508880615234,119.33403778076172,19100.087890625,11.75390338897705,347.9284905708921,328.3997497558594,14.912108421325684,49.356510162353516,4.010808944702148,False
6.9753923416137695,205.94024658203125,22685.68359375,5.927759170532227,304.049072265625,441.7651672363281,13.518052101135254,77.97940063476562,4.931460380554199,False
6.687749862670898,160.26097106933594,17786.763671875,7.66037654876709,342.1476495059289,247.91802978515625,17.43949317932129,86.85669708251953,5.559985160827637,False
6.8675217628479,182.6721649169922,20247.201171875,6.867072582244873,330.8056640625,420.3334655761719,17.952821731567383,60.06879806518555,4.837267875671387,False
6.155249118804932,159.51950073242188,19781.611328125,10.081609725952148,310.1406555175781,505.1083679199219,16.768604278564453,41.99545669555664,3.803908586502075,False
8.303263664245605,232.4146728515625,16548.357421875,6.343522548675537,301.0872497558594,395.339111328125,13.789984703063965,78.62071228027344,3.892667055130005,False
8.641633987426758,206.34197998046875,39557.25390625,5.999846935272217,290.57598876953125,345.4893798828125,14.708602905273438,66.11273689579227,3.4166252613067627,False
7.141054984150639,219.67425537109375,22210.61328125,5.8750410079956055,328.07152011605655,398.5177001953125,11.502315521240234,112.4122085571289,2.9942591190338135,False
7.348611354827881,214.7158966064453,32742.1875,6.351028919219971,320.0650939941406,438.0443420410156,15.792573928833008,55.366455078125,3.544537305831909,False
7.573905944824219,206.20420837402344,15926.42578125,5.5246663093566895,337.1326292028957,457.6377868652344,11.550620079040527,66.47182944427125,4.410728931427002,False
7.8559064865112305,209.75180053710938,19850.18359375,8.038871765136719,300.29296875,368.43756103515625,18.52520751953125,57.23887252807617,4.151889801025391,False
7.0517483004984305,181.38970947265625,18908.62890625,7.2153496742248535,325.90081787109375,356.1665954589844,14.7828369140625,93.44066619873047,4.013476848602295,False
3.798391103744507,189.6185302734375,18529.798828125,6.888257026672363,396.10723876953125,365.2729797363281,15.26633071899414,86.68070983886719,4.833508014678955,False
7.2404342230762895,234.51185607910156,19038.90234375,6.795915603637695,322.8962707519531,437.4787902832031,18.10836410522461,66.13323211669922,3.51409649848938,False
11.23542594909668,178.59649658203125,33773.10546875,9.063041687011719,327.6509704589844,425.8680419921875,17.986255645751953,58.98665237426758,5.147055149078369,False
6.396340847015381,126.4907455444336,20115.734375,7.763738632202148,427.3778076171875,435.2784423828125,11.881668090820312,53.65915298461914,4.445907115936279,False
7.052771834566631,222.9806365966797,32237.24609375,5.92465877532959,336.6527099609375,526.7760620117188,9.842432975769043,77.24198150634766,4.006631374359131,False
5.228506088256836,191.66380310058594,24855.908203125,7.016078472137451,337.2709045410156,343.3492431640625,15.922648429870605,77.31529998779297,3.18880558013916,False
6.512239456176758,198.56468200683594,21626.5625,5.897104263305664,389.3370056152344,296.2607727050781,9.177841186523438,66.36041235510751,5.42579460144043,False
7.834319114685059,171.28878784179688,25918.568359375,8.589393615722656,307.2286682128906,448.5640563964844,16.40780258178711,60.18211364746094,3.5329360961914062,False
7.388291835784912,178.34405517578125,12928.64453125,7.830295085906982,345.50713242915003,376.4888916015625,18.11348533630371,40.4019775390625,3.846830368041992,False
6.02065372467041,197.46908569335938,10529.310546875,5.305351734161377,416.4952087402344,412.01171875,9.90931510925293,59.1670036315918,5.2171311378479,False
8.388322830200195,256.2340087890625,16795.8203125,4.143519401550293,331.44782100262967,333.9461975097656,10.821321487426758,55.19021987915039,3.854771614074707,False
8.384296417236328,223.32818603515625,27463.654296875,6.476752758026123,352.9527893066406,318.0426330566406,10.645163536071777,64.20933532714844,3.460998296737671,False
7.393978118896484,209.6192169189453,17939.705078125,7.233736038208008,335.8286113601106,349.2096252441406,13.57934856414795,68.1524658203125,3.7827274799346924,False
7.203149172816572,235.789794921875,21983.55859375,6.061283588409424,331.2729187011719,441.2161865234375,12.743569374084473,66.89983367919922,4.494459629058838,False
8.384623527526855,166.8783721923828,29956.36328125,9.778122901916504,307.3629455566406,546.4822998046875,17.370262145996094,37.83564376831055,3.6827802658081055,False
7.094802379608154,222.50131225585938,30045.3671875,6.664010047912598,324.40260521083724,531.95947265625,16.162940979003906,46.10095977783203,4.084660053253174,False
6.565319538116455,141.5918426513672,12875.1279296875,9.116994857788086,340.9139099121094,339.97698974609375,17.107158660888672,86.06751251220703,2.233894109725952,False
6.381719589233398,199.63502502441406,20453.81640625,5.8487348556518555,335.20291587756356,344.5995178222656,16.65141487121582,68.31307983398438,4.6576948165893555,False
7.5397419929504395,201.95932006835938,26716.359375,5.637350082397461,327.66891974182334,516.3545532226562,14.985649108886719,83.53681945800781,4.210677623748779,False
10.62882137298584,193.43316650390625,14054.1259765625,10.328489303588867,327.0641784667969,479.4024963378906,14.075787544250488,66.36750030517578,5.140449523925781,False
9.228484153747559,200.7103271484375,26744.232421875,6.833360195159912,339.8207092285156,363.95098876953125,14.14477252960205,86.95020294189453,4.829753398895264,False
10.524601936340332,256.1723327636719,31965.36328125,5.007003307342529,288.56597900390625,505.3614196777344,12.536626815795898,75.3433609008789,4.340986728668213,False
7.103912010284974,229.740966796875,22709.38671875,6.361687183380127,316.23443603515625,294.1656188964844,16.097627639770508,54.59124755859375,4.795407295227051,False
6.021265983581543,236.97549438476562,19894.1484375,7.587908744812012,286.9385070800781,315.2668151855469,12.131600379943848,74.12666320800781,4.028042316436768,False
7.079498883658898,236.20489501953125,34822.81640625,4.966397285461426,362.0701599121094,537.9966430664062,19.08548355102539,87.8010482788086,3.7783021926879883,False
5.97395133972168,182.14332580566406,26804.109375,5.737988471984863,399.2536926269531,481.90191650390625,9.209972381591797,48.93732833862305,4.20892333984375,False
6.2175798416137695,189.34222412109375,15155.548828125,6.8194379806518555,306.8926086425781,297.763671875,11.964913368225098,81.38674926757812,3.490001916885376,False
6.761099058197099,175.8339385986328,36819.98828125,7.650455474853516,322.02191162109375,344.716064453125,16.918914794921875,66.14977684274128,3.524413824081421,False
9.130607604980469,226.40374755859375,19968.677734375,5.723791599273682,386.69976806640625,440.5430908203125,11.751718521118164,66.38681045068411,5.288486957550049,False
7.351225470620656,283.4095764160156,21160.08984375,4.270717620849609,253.43350219726562,525.9923095703125,6.87431526184082,54.648033142089844,3.9787468910217285,False
6.0955119132995605,200.0458221435547,16404.94140625,6.392094612121582,366.017333984375,444.4542236328125,16.02998924255371,72.30170440673828,4.302015781402588,False
6.195254802703857,170.00228881835938,16666.130859375,9.483424186706543,340.67289312769367,457.06817626953125,16.345685958862305,79.3692398071289,3.1389713287353516,False
5.814564228057861,184.5417022705078,29382.3359375,6.051233291625977,348.3523864746094,405.6213684082031,18.748201370239258,82.18673706054688,4.131911754608154,False
6.756659984588623,212.64186096191406,22112.74609375,8.332209587097168,275.2404479980469,387.56219482421875,14.174062728881836,76.31744384765625,4.184873580932617,False
6.906441011892407,172.11151123046875,26595.373046875,8.23225212097168,332.08609928260745,348.84356689453125,7.8777384757995605,93.30281829833984,3.5503110885620117,False
6.369973659515381,128.6168670654297,13689.591796875,9.066829681396484,351.70705633390526,319.7850646972656,8.00141429901123,36.00752258300781,3.4270663261413574,False
6.601407527923584,205.6210174560547,19635.587890625,7.173229217529297,344.0344543457031,430.5598449707031,12.172052383422852,57.356346130371094,3.973576307296753,False
5.651933670043945,139.04991149902344,16575.8203125,7.857856273651123,390.53765869140625,418.5432434082031,13.269003868103027,66.07622528076172,3.8720271587371826,False
7.606066703796387,248.0414581298828,14609.9765625,6.356554985046387,322.3565673828125,275.317138671875,11.706094741821289,94.7752456665039,4.581477642059326,False
2.9744293689727783,147.148681640625,17326.203125,2.498596668243408,393.1687316894531,375.4114685058594,12.798187255859375,76.41307067871094,2.7799017429351807,True
7.009387752486145,181.56240844726562,19289.361328125,7.3250555992126465,339.60933349562873,274.696533203125,14.093401908874512,56.80131912231445,2.6194207668304443,True
7.232074225640105,232.0983428955078,16378.1513671875,0.35199999809265137,238.44656372070312,454.5552062988281,7.764144420623779,55.87664031982422,4.43182897567749,True
8.111101150512695,198.7681884765625,35200.80078125,9.68539047241211,323.23101434541326,348.9714050292969,19.07193374633789,72.87156677246094,3.6637749671936035,True
7.116132736206055,204.04078674316406,25131.666015625,5.402654647827148,292.32440185546875,424.0035095214844,12.836709976196289,55.40458679199219,3.915381669998169,True
5.280292510986328,164.05738830566406,13679.056640625,5.971385478973389,344.9287616538995,635.8884887695312,11.805624961853027,35.43386459350586,3.83530592918396,True
6.886642473959849,167.10443115234375,30362.68359375,9.99033260345459,362.2616271972656,432.03070068359375,9.971476554870605,94.98410034179688,3.346057176589966,True
9.808258056640625,220.04957580566406,34132.06640625,9.752750396728516,233.87033081054688,367.04437255859375,13.498664855957031,62.954261779785156,4.481261253356934,True
6.9790681019981315,172.2146759033203,26653.765625,7.271684646606445,335.89447021484375,510.02972412109375,13.809873580932617,85.38168334960938,4.492387294769287,True
8.018831253051758,197.78558349609375,23104.51953125,9.674860000610352,322.9345397949219,395.7386169433594,13.337747573852539,68.85020446777344,3.1884772777557373,True
6.603640556335449,206.91973876953125,14598.025390625,6.452140808105469,316.2535095214844,582.110595703125,12.5209321975708,68.87249755859375,3.4037983417510986,True
6.4508056640625,198.49314880371094,19002.314453125,7.306447505950928,335.4822082519531,257.0077209472656,13.72408676147461,52.860389709472656,3.275581121444702,True
6.266378402709961,163.38540649414062,28141.216796875,8.508750915527344,376.87054443359375,295.6751403808594,9.938445091247559,50.159732818603516,2.936610460281372,True
7.011308313655598,144.99578857421875,16219.4755859375,5.563067436218262,379.9629821777344,374.5430603027344,11.118073463439941,72.290771484375,4.904366493225098,True
5.16187858581543,179.63641357421875,18666.564453125,5.196132659912109,400.8960266113281,485.31195068359375,14.059707641601562,75.82205200195312,4.3201003074646,True
6.984405517578125,181.70733642578125,18194.544921875,8.263803482055664,371.1464538574219,201.61973571777344,11.267398834228516,68.19265747070312,3.406210422515869,True
6.791992664337158,210.407958984375,30471.9296875,6.614438056945801,326.5858459472656,493.1794128417969,19.98555564880371,61.12014389038086,2.914057493209839,True
8.30922794342041,198.33689880371094,24344.966796875,8.343510627746582,278.8668212890625,456.530029296875,15.514119148254395,64.44474792480469,3.756396770477295,True
5.057736396789551,137.68934631347656,11229.1376953125,6.411410331726074,481.0306396484375,580.09521484375,15.390304565429688,43.88251495361328,3.163935899734497,True
6.9082722663879395,211.1055450439453,19224.986328125,6.379970073699951,307.1022033691406,323.8854675292969,21.208477020263672,71.92098999023438,5.405567169189453,True
7.243410110473633,188.04629516601562,20877.53515625,8.454106330871582,335.9505912932593,377.64935302734375,16.35737419128418,71.62713623046875,4.466936111450195,True
6.164480209350586,189.0587615966797,27312.16796875,6.82215690612793,319.95159912109375,522.8013916015625,13.502579689025879,53.69620132446289,4.8340229988098145,True
9.16099739074707,241.3831024169922,28170.884765625,6.819602966308594,262.5720520019531,568.4205932617188,8.120978355407715,48.25957107543945,3.542527675628662,True
5.2778754234313965,166.73300170898438,18404.05078125,4.777124404907227,341.38113257249023,347.2194519042969,15.526042938232422,63.0086669921875,3.6326069831848145,True
3.975752592086792,135.89198303222656,17430.841796875,6.305787563323975,373.4864196777344,344.39892578125,15.624310493469238,68.3709716796875,3.6668238639831543,True
5.685216426849365,154.57000732421875,17628.04296875,6.6644439697265625,390.0947265625,324.4277648925781,17.352584838867188,67.40730285644531,4.06615686416626,True
6.933653831481934,217.7703094482422,19026.017578125,3.117440938949585,317.06683349609375,448.2346496582031,12.943634033203125,76.82475280761719,2.010728597640991,True
7.464485168457031,227.00001525878906,26559.361328125,5.657812118530273,300.6906433105469,332.0688171386719,16.052837371826172,28.682950973510742,3.8805761337280273,True
6.071838855743408,217.8265380859375,17162.75390625,3.521125316619873,319.037353515625,612.0949096679688,16.542240142822266,64.82630920410156,2.691610336303711,True
7.136102676391602,186.58270263671875,19502.5390625,8.095426559448242,305.4300231933594,355.9372253417969,15.645130157470703,73.88561248779297,2.5741918087005615,True
7.031036727559778,182.11395263671875,21453.333984375,6.667286396026611,336.77998626536095,392.4333801269531,15.464582443237305,60.04606628417969,5.036016941070557,True
6.328553199768066,192.07650756835938,33315.9453125,7.050046443939209,325.1381077829345,489.745361328125,9.56196403503418,57.773284912109375,3.2658541202545166,True
6.150595664978027,169.40277099609375,23890.892578125,7.335960388183594,375.8011169433594,373.5482177734375,15.704322814941406,48.29949188232422,4.847520351409912,True
7.0495505775882865,205.666015625,27044.958984375,4.033933639526367,298.21380615234375,515.7549438476562,9.057548522949219,48.02968978881836,4.067413806915283,True
5.508155345916748,192.22654724121094,12137.099609375,5.230477333068848,433.0215148925781,405.4855041503906,8.512225151062012,54.915130615234375,4.571406364440918,True
4.761105060577393,150.0745391845703,19197.10546875,7.936652183532715,374.4773254394531,400.4512634277344,11.132149696350098,69.2603530883789,4.581395149230957,True
10.490743637084961,221.02926635742188,32092.05859375,12.626899719238281,333.31988525390625,403.8240051269531,10.663800239562988,87.99320220947266,2.8870229721069336,True
6.676137447357178,192.68585205078125,27468.98046875,5.809435844421387,281.4068603515625,299.8869934082031,12.237607955932617,46.0692138671875,4.336648464202881,True
7.9733076095581055,237.4971466064453,23517.681640625,5.35451602935791,283.5838317871094,478.89361572265625,15.259597778320312,53.671478271484375,2.8261120319366455,True
7.352146148681641,208.32447814941406,13714.8330078125,8.219240188598633,352.849853515625,336.9129333496094,20.846445083618164,69.43722534179688,5.864497661590576,True
6.990800857543945,222.94374084472656,19713.412109375,5.292449951171875,310.8876037597656,270.0553894042969,18.362218856811523,66.41232155002004,4.332639694213867,True
5.468360900878906,180.3823699951172,12305.9052734375,5.446562767028809,410.4592590332031,388.7455139160156,12.553093910217285,60.62774658203125,4.933467864990234,True
7.835906982421875,206.66578674316406,17643.40625,8.137483596801758,335.63577069662335,474.9897766113281,16.167184829711914,68.08226776123047,3.183864116668701,True
2.5381157398223877,100.8065185546875,19872.85546875,5.0140228271484375,346.84274535173273,420.83087158203125,13.980891227722168,85.94319152832031,2.840097188949585,True
8.423084259033203,153.03289794921875,15924.7998046875,11.101628303527832,329.1322326660156,431.16748046875,12.321632385253906,52.631309509277344,3.958608865737915,True
7.617013931274414,214.40435791015625,29818.095703125,6.508853435516357,298.3518371582031,494.9455261230469,13.310223579406738,70.04800415039062,3.8005526065826416,True
7.6170334815979,242.98939514160156,17681.271484375,2.85578989982605,298.4132385253906,549.9873046875,10.065225601196289,76.51316833496094,4.299543380737305,True
5.42933464050293,183.4393768310547,15265.4072265625,5.714731216430664,394.0011901855469,446.879150390625,17.581558227539062,50.26695251464844,3.081735849380493,True
7.14234403158239,215.49160766601562,18489.65234375,3.758833169937134,294.60302734375,370.2746276855469,6.530428409576416,68.10002136230469,4.582157135009766,True
5.495975971221924,150.53451538085938,18333.6328125,7.4717278480529785,416.8885192871094,300.3589782714844,12.300192832946777,55.70677947998047,4.90103816986084,True
5.092757225036621,239.7409210205078,28390.890625,1.3908709287643433,258.4443054199219,452.3060302734375,13.83735179901123,71.51205444335938,4.636728763580322,True
6.252810001373291,187.56947326660156,27690.474609375,6.489931583404541,330.94921875,303.4963684082031,14.261368751525879,57.95282745361328,2.921797275543213,True
6.747415065765381,250.4195556640625,24539.712890625,2.3979849815368652,358.2298583984375,339.3447265625,15.357290267944336,59.99076843261719,3.377450466156006,True
6.640862941741943,215.0608673095703,16488.046875,6.642337322235107,304.7574462890625,507.12884521484375,11.979156494140625,18.01527214050293,4.708268642425537,True
7.022111682199189,138.5257110595703,17905.48046875,7.929303169250488,399.50360107421875,485.4231872558594,17.66736602783203,36.05826187133789,5.437428951263428,True
7.300990104675293,182.44769287109375,29136.337890625,8.253015518188477,331.534854498781,307.43328857421875,8.730149269104004,49.89533996582031,4.596347332000732,True
5.498514652252197,180.8251190185547,21542.830078125,6.707094669342041,352.2507019042969,419.5129699707031,13.183431625366211,68.90437316894531,3.074815511703491,True
5.652501106262207,187.8311767578125,25868.599609375,3.5237138271331787,338.0288391113281,456.2597961425781,15.496329307556152,72.54525756835938,4.856444358825684,True
6.1649274826049805,206.04058837890625,22805.611328125,4.398831367492676,332.3800371807895,409.357666015625,16.89572525024414,61.72587585449219,4.169661045074463,True
7.851925849914551,235.33831787109375,14763.580078125,7.7419753074646,338.60333251953125,505.6656494140625,11.863369941711426,49.59838104248047,5.204044342041016,True
7.221689224243164,203.06903076171875,13703.220703125,7.823612213134766,352.12457275390625,412.32049560546875,16.125741958618164,80.05887603759766,3.160818576812744,True
6.5780839920043945,214.14633178710938,24882.625,5.071156978607178,329.7899597503391,400.7431640625,14.01805591583252,58.8419075012207,4.890415668487549,True
7.859489917755127,211.31103515625,31725.48828125,7.51969051361084,313.3442077636719,433.4446716308594,15.90947151184082,66.22945278351379,4.4980692863464355,True
6.073685169219971,140.9261932373047,11795.3134765625,9.128421783447266,437.64715576171875,413.0758056640625,14.934849739074707,48.01896667480469,5.249069690704346,True
7.255349841922648,208.25628662109375,13696.009765625,4.484021186828613,338.4811891372454,449.1780700683594,21.30519676208496,76.03978729248047,3.85013484954834,True
6.407963275909424,199.13172912597656,28460.203125,4.6137213706970215,330.9140625,448.8580017089844,11.656912803649902,70.1618423461914,2.9540927410125732,True
8.646642684936523,201.43907165527344,32571.0546875,9.959355354309082,325.2874382339957,338.497802734375,13.261537551879883,66.2293930053711,3.333242654800415,True
7.18469762802124,189.75839233398438,13317.4677734375,7.832320213317871,378.6754455566406,541.3060913085938,12.492178916931152,41.69618225097656,3.9040634632110596,True
6.932085037231445,205.33848571777344,19530.474609375,6.521955490112305,335.06572296085847,475.210205078125,15.673883438110352,53.955867767333984,4.433285713195801,True
6.174750804901123,138.5135955810547,21504.138671875,10.860295295715332,338.7030029296875,447.8054504394531,14.241965293884277,31.7059326171875,2.5660488605499268,True
9.540252685546875,224.05458068847656,31683.865234375,11.994290351867676,315.35906982421875,493.83636474609375,19.093599319458008,81.39372253417969,3.3295040130615234,True
6.888843059539795,188.92066955566406,27368.013671875,8.003186225891113,355.47857666015625,465.34698486328125,12.377083778381348,75.11249542236328,4.512332439422607,True
8.174186706542969,244.24903869628906,31114.8203125,4.726912498474121,285.33203125,418.6195983886719,14.873625755310059,56.46415710449219,4.709403038024902,True
8.756926536560059,218.63775634765625,21752.029296875,6.45487642288208,276.2781066894531,356.0757751464844,15.71314811706543,67.04963684082031,2.945671796798706,True
4.74005651473999,176.65562438964844,24069.3359375,4.013444423675537,367.8050231933594,288.2212829589844,13.204219818115234,77.88037872314453,5.467935562133789,True
8.764495849609375,210.85134887695312,15978.0361328125,8.043354034423828,328.7598571777344,324.04736328125,12.128376960754395,59.789161682128906,5.790838241577148,True
7.899451732635498,210.734130859375,15896.3662109375,6.90720272064209,319.886962890625,448.6664123535156,18.169921875,66.47597971415436,2.8537673950195312,True
7.402653217315674,182.99937438964844,19259.193359375,7.6323699951171875,295.9313659667969,339.7373046875,10.494608879089355,83.11874389648438,6.226580619812012,True
5.800034046173096,181.45352172851562,13028.6884765625,6.106764793395996,374.3577880859375,405.5172119140625,15.773825645446777,35.338134765625,4.074407577514648,True
7.089184284210205,179.04583740234375,21065.6640625,7.471614360809326,377.77801513671875,571.5755004882812,12.623104095458984,85.24118041992188,3.26602840423584,True
7.852206707000732,169.02838134765625,22912.189453125,9.616222381591797,335.49536176507803,468.4454040527344,12.60112190246582,80.62516021728516,3.532437562942505,True
4.945694923400879,170.44091796875,23000.72265625,4.433724880218506,340.6456604003906,346.64227294921875,13.27663803100586,84.55107879638672,3.782517433166504,True
9.776931762695312,213.9150848388672,23971.990234375,9.603302001953125,293.82501220703125,507.0165710449219,16.066560745239258,82.8609390258789,2.5694680213928223,True
5.153488636016846,107.34197998046875,19115.72265625,9.296113967895508,333.06195068359375,457.89154052734375,17.445655822753906,77.59880065917969,3.749920606613159,True
6.884981155395508,138.4401092529297,14893.2060546875,9.686434745788574,319.1349792480469,286.92156982421875,14.184036254882812,54.559078216552734,4.584319114685059,True
7.608750343322754,192.8566436767578,25410.8125,5.955008506774902,283.802978515625,432.20953369140625,12.796347618103027,81.10379028320312,4.627464294433594,True
7.114143814632515,210.0976104736328,23616.8046875,4.465676784515381,365.96124267578125,421.8798522949219,14.53685188293457,76.1571044921875,2.2904112339019775,True
4.901906967163086,141.9307861328125,13614.7509765625,8.306960105895996,368.6186828613281,439.05535888671875,9.921623229980469,82.66016387939453,4.10353422164917,True
5.711212635040283,145.82586669921875,21157.1796875,7.954720973968506,385.2060852050781,441.0865783691406,16.682024002075195,70.47088623046875,3.9533350467681885,True
7.476689338684082,162.00869750976562,22171.318359375,9.61159896850586,337.4388815010135,401.23480224609375,14.99374008178711,82.86176300048828,4.195539474487305,True
7.03349494934082,191.88021850585938,29322.740234375,9.027056694030762,329.46793023190355,496.19830322265625,17.191646575927734,42.864681243896484,3.678956985473633,True
7.017045519491448,152.53741455078125,19731.75,10.886741638183594,373.98870849609375,463.7476806640625,15.534903526306152,61.15129089355469,5.294158935546875,True
7.061934576255,189.00108337402344,20784.568359375,10.08877182006836,312.9546813964844,419.53411865234375,14.801684379577637,62.535072326660156,5.149542331695557,True
8.655299186706543,222.268798828125,13676.75390625,7.271299362182617,348.61883544921875,460.8706359863281,18.016759872436523,72.42820739746094,4.58875846862793,True
7.135666231371531,177.20201110839844,17766.251953125,8.199090003967285,354.2773742675781,520.2011108398438,15.099588394165039,62.97199630737305,3.1680309772491455,True
8.30433464050293,155.5699462890625,18253.181640625,11.448469161987305,329.10064697265625,380.32342529296875,13.755926132202148,35.057029724121094,4.181253910064697,True
7.717076778411865,211.6813201904297,21400.015625,6.98785400390625,268.9449462890625,495.9149169921875,11.440746307373047,85.05154418945312,4.967975616455078,True
7.555822849273682,190.4619140625,29411.62890625,7.868878364562988,349.9489440917969,524.4660034179688,19.408143997192383,79.55559539794922,4.09916877746582,True
4.881729602813721,136.99046325683594,19105.015625,7.26467752456665,419.7164001464844,358.04632568359375,13.399392127990723,75.93405151367188,3.0501976013183594,True
8.311270713806152,206.10775756835938,20562.513671875,9.820473670959473,332.82068497594355,479.0323181152344,21.74114418029785,80.01264190673828,4.462045669555664,True
3.800431251525879,111.24641418457031,14904.9404296875,7.729645252227783,418.5593566894531,382.224365234375,15.872220993041992,66.47199160956323,4.473976135253906,True
4.083594799041748,201.9386444091797,20555.96484375,1.920271396636963,341.5971374511719,435.51153564453125,12.226675987243652,69.28977966308594,2.9748709201812744,True
7.16914776857295,201.57205200195312,15618.134765625,6.7052106857299805,367.1934509277344,359.9519958496094,10.940974235534668,24.91497039794922,4.575874328613281,True
4.86506986618042,174.06045532226562,15222.24609375,5.839218616485596,412.037109375,333.50433349609375,15.26661491394043,68.92635345458984,3.9749722480773926,True
9.624727249145508,217.37277221679688,25175.75390625,9.88394546508789,329.1744689941406,394.0548400878906,20.277570724487305,85.84025573730469,2.615257501602173,True
5.188776969909668,178.99327087402344,22648.23828125,6.318063259124756,326.4678955078125,404.5611267089844,18.840383529663086,89.91443634033203,3.7695038318634033,True
7.8429789543151855,200.82968139648438,16827.193359375,9.888402938842773,337.55955240172335,566.3306884765625,13.791244506835938,46.66240692138672,5.109312534332275,True
5.916930675506592,185.92501831054688,27977.673828125,6.774609565734863,329.61932373046875,428.8327331542969,20.63807487487793,70.79549407958984,3.157559633255005,True
5.729689121246338,173.9750213623047,14304.7626953125,5.340088367462158,369.1539611816406,471.6799011230469,16.424226760864258,58.15768814086914,5.100552558898926,True
5.678220748901367,143.18650817871094,18377.0078125,7.145335674285889,418.2472229003906,359.77471923828125,18.7144775390625,77.44763946533203,5.429781913757324,True
7.386581897735596,191.5855712890625,26351.904296875,8.42616081237793,330.1685908573837,505.18792724609375,18.925674438476562,72.64961242675781,3.791372537612915,True
7.519227504730225,210.38479614257812,16897.306640625,6.568657875061035,344.70367431640625,315.52044677734375,19.856184005737305,66.44823558526976,3.2757248878479004,True
7.446225643157959,241.57386779785156,13312.4462890625,4.5329790115356445,334.5190837737548,529.4590454101562,17.237871170043945,62.52218246459961,5.086698532104492,True
7.753936290740967,220.09828186035156,17169.583984375,7.984039306640625,344.12188720703125,385.0450134277344,16.8485107421875,47.00332260131836,4.833026885986328,True
9.159660339355469,195.42330932617188,16679.3359375,10.110462188720703,301.74639892578125,404.6590881347656,5.196716785430908,55.466758728027344,5.452362537384033,True
7.496991157531738,246.86358642578125,22631.658203125,3.440880060195923,297.1324462890625,357.49847412109375,16.141286849975586,79.70552825927734,3.837925910949707,True
7.542300224304199,230.15054321289062,18877.494140625,4.344707012176514,278.25042724609375,447.25933837890625,17.555578231811523,53.34168243408203,4.317553520202637,True
7.159052848815918,161.4787139892578,25591.841796875,10.189528465270996,367.5964050292969,330.5504455566406,15.44784164428711,51.188316345214844,4.291668891906738,True
6.7413795937808665,116.90547943115234,27151.3125,10.185348510742188,340.5897120034348,372.0023193359375,13.507231712341309,63.27369689941406,3.516237735748291,True
5.8446736335754395,147.1798095703125,13615.109375,8.881112098693848,394.65838623046875,533.0402221679688,14.21737289428711,91.61402893066406,4.3380560874938965,True
6.8661151361901664,201.82785034179688,35418.734375,8.25597095489502,253.58023071289062,447.2814025878906,15.604459762573242,45.49211120605469,3.384648561477661,True
5.2584147453308105,210.9294891357422,29228.333984375,3.833901882171631,341.64068603515625,363.57080078125,18.06501579284668,36.152103424072266,3.730792760848999,True
7.42064094543457,212.73558044433594,18463.72265625,6.72791862487793,355.97149658203125,523.6027221679688,12.086675643920898,44.9801025390625,5.423767566680908,True
7.074251651763916,208.9203643798828,16739.267578125,7.861469268798828,334.9041487960063,518.9771728515625,8.881999015808105,78.41902160644531,4.878943920135498,True
8.189213752746582,156.32846069335938,18432.4765625,12.246394157409668,370.12139892578125,288.3514709472656,11.871899604797363,79.76583862304688,3.7095088958740234,True
7.744131088256836,185.56761169433594,30586.591796875,8.040760040283203,329.6012631379554,314.42584228515625,17.132368087768555,59.87160873413086,5.207683563232422,True
8.289857864379883,222.4839324951172,23884.130859375,5.53320837020874,354.9593200683594,514.7330932617188,11.205533027648926,57.31367874145508,4.289236545562744,True
8.025219917297363,213.5197296142578,15457.4990234375,7.669539928436279,318.1143798828125,376.314453125,9.422744750976562,55.45955276489258,4.134942531585693,True
8.84892749786377,262.59832763671875,24417.861328125,5.399012565612793,241.1262969970703,493.8554992675781,13.262438774108887,47.11299133300781,5.9923248291015625,True
6.438421726226807,202.537841796875,26448.244140625,5.775932788848877,322.4517822265625,567.20166015625,12.6419677734375,55.70106887817383,3.3803603649139404,True
7.108322298730698,179.79620361328125,17029.53515625,7.0189900398254395,371.6755676269531,404.672119140625,11.593430519104004,46.50460433959961,4.4593939781188965,True
8.205551147460938,204.66583251953125,17414.521484375,6.839622497558594,276.7701110839844,346.5407409667969,12.50560188293457,83.916748046875,5.129528045654297,True
8.310373306274414,201.65167236328125,23260.47265625,9.345621109008789,333.2713623046875,292.3158264160156,12.024866104125977,63.64262008666992,3.493053913116455,True
7.22741984450273,240.03628540039062,23103.654296875,8.643088340759277,339.15887451171875,487.4345397949219,15.193703651428223,88.78546905517578,3.9809203147888184,True
7.83397102355957,240.83253479003906,25694.873046875,4.300509452819824,301.7603759765625,442.74139404296875,16.889097213745117,96.89957427978516,4.814917087554932,True
8.142660140991211,220.63096618652344,20111.2265625,7.4468770027160645,354.8971252441406,366.802490234375,19.72128677368164,53.719364166259766,4.617093563079834,True
5.896432399749756,165.13565063476562,23022.169921875,7.536805629730225,356.7561950683594,401.7409362792969,18.36357307434082,80.12474822998047,4.280792713165283,True
7.258597516173152,228.10946655273438,15617.458984375,6.326533794403076,326.5048828125,402.60064697265625,14.652334213256836,80.3401870727539,3.4901726245880127,True
4.310701370239258,138.43190002441406,11842.7578125,5.607450008392334,364.45849609375,426.3695983886719,19.588327407836914,48.118629455566406,3.172375440597534,True
7.895769119262695,168.7240447998047,28723.6171875,9.341475486755371,353.9761962890625,517.4366455078125,11.992772102355957,79.86054992675781,4.391731262207031,True
6.862995147705078,184.48065185546875,11579.11328125,6.14949369430542,364.1101989746094,556.956298828125,9.246907234191895,34.249778747558594,5.343285083770752,True
6.3047685623168945,213.6561737060547,30168.607421875,5.210780620574951,326.946849227185,339.1165771484375,14.947675704956055,43.57638931274414,5.1099348068237305,True
6.578680515289307,203.4088134765625,22374.82421875,6.248929500579834,399.6172180175781,547.7021484375,12.097919464111328,71.33848571777344,4.292042255401611,True
8.967244148254395,266.4787292480469,34446.78125,4.909573078155518,315.34929610835155,343.26556396484375,14.263396263122559,64.95967102050781,3.742255926132202,True
7.149882592547829,166.40496826171875,14202.193359375,9.006795883178711,370.53851318359375,493.44024658203125,12.453160285949707,59.804168701171875,2.8483707904815674,True
7.423088073730469,210.04620361328125,31073.03125,6.374709129333496,312.1031494140625,460.89422607421875,16.80599021911621,41.607906341552734,3.712682008743286,True
9.16675853729248,184.55743408203125,21736.982421875,12.22717571258545,304.5285339355469,317.5833740234375,16.779565811157227,51.05228805541992,5.429266452789307,True
8.468694686889648,151.9542999267578,19148.224609375,11.930447578430176,390.807373046875,374.99468994140625,9.901729583740234,70.26995849609375,4.375598907470703,True
6.486152648925781,224.8094482421875,26807.119140625,3.26798415184021,319.0743713378906,382.8798522949219,10.665030479431152,63.727691650390625,3.2467942237854004,True
4.439095973968506,190.1534423828125,20864.33984375,2.386653423309326,335.1601968111819,515.6312255859375,18.081003189086914,63.36308288574219,3.8442306518554688,True
7.792783737182617,187.9124755859375,21093.931640625,10.585501670837402,390.4090576171875,463.0193786621094,11.462824821472168,80.92140197753906,4.0473809242248535,True
7.205218315124512,188.91131591796875,31315.615234375,8.323040962219238,327.35544546921403,398.9188537597656,15.674209594726562,69.55110168457031,3.4653310775756836,True
6.569053649902344,208.73146057128906,29123.708984375,6.765117645263672,327.6975402832031,308.0860595703125,12.360292434692383,65.75017547607422,4.2046990394592285,True
7.049370055080091,182.2578125,17540.7421875,8.422475814819336,340.3484916370532,305.8275451660156,11.805005073547363,61.69611358642578,4.1647725105285645,True
4.291687965393066,124.0073471069336,18038.474609375,8.603296279907227,344.11625742971574,548.574462890625,15.682821273803711,91.8609619140625,4.616088390350342,True
7.134284704110046,176.41363525390625,12674.6728515625,8.988476753234863,354.76812744140625,344.4204406738281,12.682868957519531,83.5673599243164,4.403876781463623,True
4.921093940734863,162.30059814453125,14126.5908203125,6.4068145751953125,357.81591796875,337.7730407714844,21.237899780273438,65.70448303222656,3.285186767578125,True
6.727185249328613,197.439208984375,26012.48828125,6.952008247375488,346.62872314453125,473.330078125,18.437835693359375,69.4662857055664,4.158248424530029,True
5.757089138031006,148.98915100097656,32415.734375,9.178560256958008,319.2229309082031,407.74169921875,12.120955467224121,42.21884536743164,3.7301855087280273,True
5.8423590660095215,217.32479858398438,29644.814453125,4.179108142852783,328.50390625,310.77117919921875,14.335394859313965,62.65495681762695,3.865295886993408,True
8.848102569580078,248.56773376464844,19793.97265625,9.681154251098633,323.35174560546875,411.1474304199219,18.13780403137207,68.7530746459961,3.0747992992401123,False
5.866250514984131,146.8656768798828,19679.0625,4.868480205535889,320.0123596191406,414.427001953125,15.522772789001465,84.4036865234375,4.281313419342041,False
6.020995140075684,178.5002899169922,13095.1494140625,7.944802284240723,343.62589365357474,437.2989807128906,13.770783424377441,59.872432708740234,4.806016445159912,False
7.5299296379089355,171.81419372558594,27062.06640625,5.029568672180176,378.2417907714844,325.0997619628906,13.786737442016602,97.24134826660156,4.58532190322876,False
6.649705410003662,190.53195190429688,16191.42578125,5.2549591064453125,339.77188916911916,564.2031860351562,18.443031311035156,42.815364837646484,3.0851786136627197,False
5.0977864265441895,182.8190155029297,23590.314453125,9.12879753112793,326.3348693847656,445.5626525878906,15.137781143188477,68.60810089111328,4.8293232917785645,False
6.483994483947754,180.44505310058594,29032.78125,7.3017354011535645,326.30010986328125,374.6757507324219,17.88587760925293,75.93971252441406,2.688643217086792,False
7.387603033660892,253.149658203125,12037.7705078125,4.384357929229736,325.4132385253906,422.3892822265625,13.168299674987793,40.05215072631836,3.3999454975128174,False
5.669699192047119,199.6626434326172,9544.8623046875,8.808246612548828,343.48553466796875,378.1203918457031,21.780372619628906,80.48827362060547,1.9101166725158691,False
8.127710342407227,203.0703125,13227.052734375,6.3109025955200195,362.27569580078125,409.7422180175781,18.27727699279785,78.92958068847656,4.244173049926758,False
9.106917381286621,209.609619140625,16879.525390625,2.1026909351348877,336.77621499778627,294.3100891113281,8.064295768737793,70.19062805175781,4.1867265701293945,False
7.57575798034668,203.88436889648438,20855.271484375,8.109312057495117,334.0274353027344,532.3111572265625,14.236013412475586,74.63870239257812,3.1764326095581055,False
8.246369361877441,207.1721649169922,31080.431640625,6.096360206604004,332.7661437988281,369.0292053222656,17.533954620361328,55.030174255371094,4.43325662612915,False
2.9454691410064697,126.74810028076172,16829.392578125,10.597394943237305,345.95323467469996,456.2331848144531,10.15713882446289,79.31055450439453,5.069983005523682,False
4.9640703201293945,168.2833709716797,17694.57421875,9.725321769714355,333.6395263671875,353.0699462890625,17.293731689453125,67.25251770019531,4.761700630187988,False
4.991396903991699,141.6223907470703,44499.73046875,8.2609281539917,335.50982666015625,534.71142578125,15.350872993469238,62.89655685424805,3.9265987873077393,False
5.045625686645508,179.70249938964844,22557.603515625,10.120333671569824,296.4251403808594,450.2956848144531,14.21581745147705,82.06632995605469,3.331786632537842,False
7.224813007189893,206.26341247558594,18221.0859375,6.23713493347168,352.15924072265625,547.3253173828125,11.759852409362793,62.348388671875,3.4695611000061035,False
11.069456100463867,256.20196533203125,43536.01953125,4.0476202964782715,309.18027662631266,433.47601318359375,12.42739486694336,55.73299026489258,4.880512237548828,False
5.775331020355225,169.72816467285156,14710.72265625,7.261810779571533,359.2669677734375,535.652587890625,11.772464752197266,67.29719543457031,5.164259910583496,False
9.012100219726562,268.6792907714844,13064.4501953125,7.625640869140625,358.3367614746094,549.8271484375,12.015868186950684,63.698402404785156,4.962329387664795,False
4.031610488891602,145.48324584960938,15105.373046875,8.180813789367676,333.71087646484375,342.97900390625,13.806405067443848,85.6790542602539,4.037939071655273,False
7.882123947143555,235.46640014648438,5477.34716796875,6.476057052612305,343.75565244026956,443.8947448730469,12.178520202636719,34.19440460205078,5.364171981811523,False
8.759489059448242,219.92138671875,33364.91796875,5.687072277069092,324.03851318359375,443.5480041503906,17.763341903686523,79.74787139892578,2.889578104019165,False
6.65364933013916,172.5845184326172,34816.4453125,8.289306640625,293.6110534667969,389.4711608886719,15.872474670410156,67.97686767578125,4.871406078338623,False
7.010566298181075,179.9623565673828,22060.1875,8.296497344970703,335.8772273923322,386.4176330566406,10.08011531829834,69.90483856201172,4.963535308837891,False
4.47388219833374,120.1019058227539,30013.701171875,6.369370937347412,335.06322918753017,433.744384765625,8.510882377624512,100.23229217529297,4.8936567306518555,False
9.349470138549805,252.14849853515625,13137.4912109375,6.173823356628418,320.323974609375,349.8160705566406,13.10989761352539,58.801292419433594,3.7780227661132812,False
6.862936019897461,220.14788818359375,23580.658203125,6.61154317855835,285.1921691894531,325.72174072265625,13.472757339477539,89.41293334960938,3.806093215942383,False
8.261405944824219,208.18807983398438,24870.826171875,4.925015449523926,330.94120305120657,441.0525817871094,19.09566307067871,50.663150787353516,2.8004281520843506,False
8.860323905944824,233.62515258789062,19550.298828125,6.5190629959106445,334.3622877260517,285.4124450683594,13.093262672424316,25.061904907226562,2.4766743183135986,False
7.4965105056762695,207.1373291015625,39423.66796875,8.494115829467773,325.40399169921875,569.5692138671875,14.313986778259277,66.10904015544092,3.3634033203125,False
10.164173126220703,243.60650634765625,16522.71484375,3.992171287536621,310.8450622558594,487.69805908203125,17.223237991333008,83.87149810791016,3.5309410095214844,False
7.248266399380421,167.4661865234375,11532.2236328125,7.709710597991943,361.0093078613281,625.3468017578125,14.151537895202637,74.83119201660156,4.086175441741943,False
6.039823055267334,164.02633666992188,9943.6376953125,7.723304748535156,350.7562561035156,374.7947082519531,16.668445587158203,65.54266357421875,3.9237661361694336,False
7.192397186798587,183.4888458251953,12675.9384765625,9.777807235717773,319.8705749511719,482.4450378417969,13.309722900390625,46.85340881347656,3.2404191493988037,False
6.0579047203063965,149.12278747558594,23603.501953125,6.5370283126831055,302.6986389160156,393.2934875488281,17.6152286529541,54.21793746948242,4.269753456115723,False
8.005016326904297,187.23052978515625,49341.421875,4.339310169219971,300.6971130371094,437.32550048828125,13.972014427185059,65.96136050604233,5.288776397705078,False
7.096720333044399,193.46241760253906,18519.162109375,8.021803855895996,338.7070678770734,374.3179016113281,13.74936294555664,43.74470520019531,2.676593542098999,False
7.0383477210998535,199.5979461669922,23951.10546875,8.229992866516113,320.4837646484375,419.6622009277344,11.964072227478027,63.92555236816406,4.575578212738037,False
7.083816328648875,202.56947326660156,22256.951171875,6.9135003089904785,304.9515075683594,434.19842529296875,13.696892738342285,64.2056655883789,4.478070259094238,False
8.237092018127441,212.8185577392578,24414.97265625,5.413978099822998,330.57933528184503,445.555908203125,12.409910202026367,48.5609130859375,3.6860744953155518,False
6.5740838050842285,186.9442138671875,22723.810546875,6.212264537811279,330.7897033691406,385.0189514160156,12.062533378601074,72.59527587890625,4.977323532104492,False
7.338107585906982,188.8541717529297,30042.927734375,7.467623710632324,309.61456298828125,465.4998779296875,11.054092407226562,47.183650970458984,3.736379623413086,False
4.851103782653809,146.6272430419922,20227.64453125,6.340534210205078,368.94122314453125,346.52032470703125,15.26672649383545,56.989925384521484,3.644106864929199,False
6.917920112609863,223.3329620361328,17862.142578125,7.995890140533447,299.40277099609375,428.9480285644531,12.230907440185547,68.83683013916016,2.6914851665496826,False
6.709336280822754,226.42758178710938,8238.2900390625,7.692412853240967,289.92138671875,284.7744445800781,11.868480682373047,51.875205993652344,4.074387073516846,False
6.8940510749816895,170.57130432128906,17475.466796875,5.194783687591553,363.3087463378906,641.5860595703125,17.18317985534668,40.91657257080078,4.568843364715576,False
9.864727020263672,278.0814514160156,12978.197265625,6.908571720123291,319.3819885253906,486.637939453125,14.351340293884277,84.79878997802734,3.701895236968994,False
7.013428681564079,210.20492553710938,26894.14453125,4.3127617835998535,329.14642333984375,344.51513671875,15.109190940856934,66.29759043889298,4.903914451599121,False
8.03969669342041,233.85621643066406,8201.3623046875,8.293018341064453,339.67471532320275,461.20977783203125,12.877960205078125,68.75086975097656,3.8260631561279297,False
9.824706077575684,218.01953125,15120.9248046875,3.1248326301574707,337.4706648212217,498.93353271484375,14.836624145507812,42.168235778808594,3.2260353565216064,False
10.88730525970459,283.8958740234375,15177.2177734375,4.6565375328063965,334.18084716796875,420.6076354980469,12.702489852905273,72.10232543945312,4.004161357879639,False
9.831401824951172,263.6327209472656,13345.369140625,6.566928386688232,295.77423095703125,462.4397277832031,12.002323150634766,76.02136993408203,3.3118081092834473,False
6.52847957611084,176.93968200683594,18533.337890625,6.083267688751221,336.2964172363281,491.4779357910156,13.53126335144043,96.94410705566406,4.063276290893555,False
4.091411590576172,146.78993225097656,24252.458984375,7.25498104095459,282.6935119628906,482.2944030761719,10.611555099487305,70.06944274902344,5.952324867248535,False
7.270719025803285,197.71218872070312,12962.3896484375,6.476583957672119,362.7219543457031,503.8429870605469,18.892393112182617,80.34635162353516,3.5008487701416016,False
7.044960304425832,232.86439514160156,32600.4296875,6.702671527862549,343.59869384765625,447.3946838378906,13.900089263916016,52.892086029052734,3.165390968322754,False
6.879726108450649,192.61766052246094,36520.66015625,7.458970069885254,321.407992764558,474.14788818359375,16.986366271972656,82.44020080566406,4.323989391326904,False
6.175165176391602,193.28260803222656,32875.19140625,10.896662712097168,337.5062255859375,414.9020080566406,12.997822761535645,69.86737823486328,3.341369390487671,False
8.736125946044922,257.2313232421875,12726.298828125,10.326557159423828,356.4154357910156,506.3759460449219,11.337488174438477,69.42571258544922,3.368532657623291,False
8.240945816040039,245.0908203125,18001.458984375,9.367419242858887,350.6149597167969,344.056884765625,13.904709815979004,66.42431958091706,4.666295528411865,False
9.152284622192383,229.5404052734375,24560.701171875,7.0423264503479,372.6944580078125,395.40435791015625,14.253307342529297,40.9743537902832,3.7927770614624023,False
7.259777880243258,208.83770751953125,11609.9970703125,6.445280075073242,339.92730867966327,407.01739501953125,7.070771217346191,76.3835220336914,3.8134355545043945,False
6.3175764083862305,143.29995727539062,22577.818359375,5.690078258514404,338.8971862792969,573.8147583007812,15.31551456451416,48.9738883972168,3.3990478515625,False
5.692124366760254,165.90628051757812,22396.208984375,6.68269157409668,309.1216125488281,530.072509765625,11.472015380859375,66.38710368542306,4.6823906898498535,False
6.981661961809446,201.83372497558594,29508.4921875,3.92962384223938,325.0612487792969,428.6614074707031,8.819491386413574,76.3737564086914,4.115320682525635,False
6.758683559238508,139.95535278320312,31421.14453125,6.627705097198486,346.441162109375,378.7710876464844,17.544485092163086,54.79876708984375,4.536181449890137,False
7.191493511199951,175.46078491210938,34933.78515625,5.42753267288208,332.196044921875,411.3020935058594,11.665994644165039,60.28193283081055,4.32068395614624,False
7.38110876083374,188.3143768310547,12320.5126953125,5.493514060974121,343.2396240234375,475.3018798828125,17.82683753967285,38.337345123291016,4.342737674713135,False
6.1725172996521,187.78701782226562,10498.634765625,7.722560882568359,322.5210266113281,467.0904235839844,21.233978271484375,68.16364288330078,4.1299848556518555,False
9.07631778717041,215.9127197265625,14153.6435546875,5.020026683807373,333.49920654296875,311.7970275878906,10.776321411132812,69.11459350585938,3.436985731124878,False
8.854119300842285,222.96519470214844,19258.802734375,5.696063995361328,395.7285461425781,467.08843994140625,10.454029083251953,73.77900695800781,3.461350440979004,False
6.768060207366943,179.80599975585938,23793.03125,5.332098960876465,333.19818115234375,461.53045654296875,13.557381629943848,60.57123947143555,4.145806789398193,False
6.979908601126828,207.05911254882812,30573.06640625,4.438196659088135,341.88568115234375,393.51324462890625,15.56463623046875,81.42151641845703,3.1096956729888916,False
8.543216705322266,183.90786743164062,33037.3515625,2.7267656326293945,358.55645751953125,631.4985961914062,17.333152770996094,68.1832275390625,2.8478753566741943,False
9.564852714538574,251.80667114257812,17156.3359375,6.253179550170898,346.7052001953125,410.3224182128906,18.627124786376953,82.95587158203125,3.182805299758911,False
5.4997878074646,150.0760955810547,43195.47265625,6.570596218109131,322.5165710449219,287.28607177734375,11.230408668518066,71.82128143310547,3.6682205200195312,False
5.195920467376709,175.1571502685547,33473.11328125,8.407449722290039,319.2536315917969,484.2798767089844,16.812767028808594,94.3569564819336,5.375901699066162,False
7.283913612365723,197.6021270751953,23112.50390625,9.502809524536133,332.33197021484375,449.3616943359375,14.458590507507324,70.0002212524414,3.5718624591827393,False
5.872439861297607,185.4039764404297,14343.4228515625,9.690213203430176,333.5645751953125,409.113525390625,14.741239547729492,64.18372344970703,3.7410671710968018,False
5.735723495483398,158.31874084472656,25363.015625,7.728601455688477,377.5433044433594,568.3046875,13.62662410736084,75.95233917236328,4.7329535484313965,False
6.158423900604248,176.0314483642578,26369.02734375,9.771211624145508,347.89373779296875,453.70599365234375,13.25468921661377,61.057777404785156,5.080497741699219,False
7.2943644523620605,191.77362060546875,41569.953125,5.311111927032471,321.320556640625,342.5013732910156,13.792534828186035,54.463523864746094,3.3365824222564697,False
7.054266929626465,212.4291229248047,7450.07421875,8.727109909057617,343.11274113849674,396.05279541015625,11.383953094482422,75.2193374633789,4.78061580657959,False
6.994740399347512,199.9422149658203,25973.326171875,6.490993976593018,336.0407409667969,344.9703674316406,12.640414237976074,46.854522705078125,3.1517677307128906,False
3.148712396621704,142.27207946777344,23257.208984375,8.279274940490723,293.1607971191406,391.84130859375,8.923593521118164,68.31661224365234,3.4656379222869873,False
5.665266513824463,162.89007568359375,31883.009765625,8.312483787536621,350.6817321777344,550.8175659179688,15.632267951965332,72.45738220214844,4.571823596954346,False
8.310938835144043,245.7196044921875,7929.5048828125,8.832389831542969,373.4635314941406,348.6185302734375,14.105871200561523,84.74057006835938,4.408559799194336,False
7.09609842300415,206.82781982421875,24548.59765625,5.3798604011535645,330.04224975332585,365.40081787109375,12.495189666748047,79.29542541503906,4.569759845733643,False
7.957113742828369,199.1074981689453,20425.765625,8.171995162963867,380.07818603515625,333.1565246582031,14.537850379943848,62.24635696411133,3.7298734188079834,False
7.400238513946533,218.82481384277344,8136.07177734375,6.286357879638672,310.76116943359375,518.7327880859375,15.186342239379883,50.837013244628906,4.880119800567627,False
9.734620094299316,244.9286651611328,18976.232421875,4.745970249176025,330.63580322265625,383.9475402832031,14.897001266479492,66.41687771788793,3.506503105163574,False
8.037760734558105,199.21397399902344,40368.421875,7.307411193847656,319.47095995902276,293.8334655761719,14.254682540893555,68.76342010498047,3.572519063949585,False
7.209096902918269,250.5726776123047,24538.4375,7.287604808807373,345.1099548339844,426.1037292480469,13.984155654907227,60.15972900390625,6.0996317863464355,False
5.6818108558654785,151.0859375,26373.49609375,5.6515889167785645,333.6079828447763,468.47259521484375,8.623794555664062,102.24644470214844,5.375156402587891,False
8.394509315490723,224.34715270996094,23961.50390625,4.724372863769531,337.4063415527344,476.5794677734375,17.21367645263672,64.97595977783203,3.712472915649414,False
8.528291702270508,227.6862030029297,27352.34375,7.676322937011719,349.9957580566406,388.13775634765625,12.611736297607422,80.18607330322266,4.596923351287842,False
6.238053798675537,178.2980499267578,21919.59375,7.085377216339111,335.8583679199219,287.57293701171875,17.459888458251953,46.953269958496094,3.848306894302368,False
5.870615482330322,186.17837524414062,18909.845703125,8.494235038757324,328.747314453125,427.1825256347656,13.300024032592773,52.162418365478516,3.728785276412964,False
6.4337263107299805,176.85711669921875,26755.71875,6.533468723297119,316.5414733886719,505.12200927734375,21.31960678100586,60.1263427734375,3.1179182529449463,False
6.069364070892334,200.916259765625,9323.21875,9.38752269744873,325.46697998046875,450.44134521484375,12.423379898071289,73.91402435302734,4.914809226989746,False
6.660461902618408,229.33932495117188,9632.7314453125,11.299389839172363,326.15704345703125,439.1213073730469,21.157991409301758,40.09669494628906,3.673135995864868,False
7.5061116218566895,188.22181701660156,31920.583984375,5.714311599731445,334.2433166503906,436.3970031738281,15.220966339111328,43.36049270629883,4.744006633758545,False
5.895145416259766,192.04136657714844,14704.90625,7.905768871307373,305.8077392578125,429.7662353515625,15.01813793182373,44.887596130371094,5.075214385986328,False
6.449236869812012,218.90728759765625,12812.556640625,10.908686637878418,337.4307016950322,421.2968444824219,8.010420799255371,79.08553314208984,4.065147876739502,False
8.550525665283203,209.68246459960938,22377.2734375,2.6544909477233887,322.1560363769531,413.673583984375,12.996760368347168,42.98984909057617,4.5919976234436035,False
7.1226372718811035,183.40264892578125,31295.90234375,4.4250264167785645,327.47910754870117,411.6160583496094,14.066057205200195,77.185791015625,3.7504470348358154,False
8.558663368225098,214.10733032226562,38767.7578125,6.608099937438965,310.01495361328125,382.6222839355469,15.896958351135254,57.19682693481445,2.5906355381011963,False
4.624304294586182,121.03631591796875,22981.75,8.297074317932129,372.037353515625,260.566162109375,13.054030418395996,66.553466796875,3.4242501258850098,False
7.004343602265672,143.09910583496094,19290.568359375,6.084324836730957,370.8695373535156,486.0592956542969,13.924731254577637,63.802303314208984,4.117288112640381,False
6.0913825035095215,192.1210479736328,17279.962890625,8.927042961120605,337.16191626472715,413.2483215332031,12.739818572998047,85.02703094482422,5.075519561767578,False
9.658661842346191,240.34881591796875,20269.73046875,7.050728797912598,374.1816711425781,567.7843017578125,15.58720588684082,55.83596420288086,4.6393866539001465,False
8.11562442779541,200.09901428222656,15513.0126953125,6.0461106300354,339.167179260262,421.0603332519531,8.320276260375977,53.77559280395508,4.408812046051025,False
7.375299601515327,209.16452026367188,7845.47265625,7.669132232666016,433.6943054199219,421.625244140625,16.35222053527832,66.56315922813837,4.454641342163086,False
6.914868354797363,206.24993896484375,10343.37890625,7.771205902099609,324.3831787109375,521.3206787109375,16.173730850219727,68.2469482421875,2.9886114597320557,False
7.337924480438232,188.79930114746094,24266.517578125,6.844850063323975,326.25469970703125,500.386474609375,13.373369216918945,65.9090576171875,3.935513734817505,False
7.766114234924316,212.3176727294922,24145.38671875,7.925886631011963,364.0814208984375,464.10858154296875,15.465256690979004,70.10584259033203,4.39990234375,False
8.433975219726562,240.0779266357422,10823.30078125,8.41895866394043,317.3013610839844,426.1752624511719,8.077156066894531,49.27011489868164,3.167712450027466,False
6.891549110412598,184.0746307373047,13376.6806640625,6.866434574127197,333.8024597167969,508.68115234375,16.586204528808594,81.71285247802734,4.95893669128418,False
5.946160793304443,190.55157470703125,12767.65625,8.93974781036377,323.7428283691406,499.9375,12.415430068969727,54.0955810546875,4.903632164001465,False
6.363836288452148,207.4224395751953,9844.7021484375,9.765920639038086,320.6307373046875,466.592529296875,19.156261444091797,58.26530456542969,4.038983345031738,False
5.331799507141113,149.95504760742188,19693.90625,7.146139621734619,336.01190185546875,285.998046875,14.298579216003418,46.11376190185547,4.7348737716674805,False
7.409081346793334,232.60015869140625,10634.05859375,7.558162212371826,334.0499572753906,542.21142578125,14.013541221618652,85.21509552001953,4.799013137817383,False
8.46601390838623,224.17494201660156,22523.125,6.668868064880371,286.94390869140625,330.0447082519531,17.744094848632812,77.81780242919922,3.946620464324951,False
7.426273822784424,192.14524841308594,36990.95703125,5.101158618927002,323.637609962324,590.5072021484375,18.736379623413086,24.73422622680664,4.363335609436035,False
11.219134330749512,237.58267211914062,21871.78515625,3.0743160247802734,329.12459884438323,374.02166748046875,15.804450988769531,64.48638153076172,5.7495856285095215,False
5.708517551422119,187.08175659179688,12193.611328125,8.288504600524902,351.5732727050781,577.40283203125,14.357647895812988,66.53063507408093,3.344284772872925,False
6.559628009796143,152.11521911621094,22624.03515625,7.7611083984375,387.518798828125,393.8204040527344,10.107462882995605,55.28667068481445,3.6644630432128906,False
5.6063151359558105,190.33526611328125,12308.2333984375,8.54875373840332,311.68017578125,399.60650634765625,18.524320602416992,67.2263412475586,3.7487404346466064,False
7.053044182774892,183.21990966796875,20311.40234375,6.790897369384766,381.4590148925781,344.9670715332031,11.138459205627441,71.70459747314453,3.887362003326416,False
6.973144075121512,187.01918029785156,28988.703125,5.5880126953125,333.21905517578125,478.7730712890625,15.01141357421875,69.80513000488281,3.666869640350342,False
7.336812651537765,223.89041137695312,8722.1533203125,8.569451332092285,341.4992719433989,375.14227294921875,15.43084716796875,64.56414031982422,3.4402995109558105,False
7.539337635040283,227.31613159179688,12610.9365234375,9.507584571838379,345.13922119140625,343.2427062988281,12.76906967163086,82.82627868652344,5.114128589630127,False
8.849702835083008,197.779052734375,20129.359375,5.182435512542725,329.5021057128906,356.4767150878906,11.882861137390137,45.70679473876953,2.9876716136932373,False
7.682762622833252,211.66384887695312,12723.341796875,6.6723408699035645,380.94561767578125,360.1074523925781,14.17531681060791,69.94967651367188,5.04430627822876,False
7.033378776995946,172.96820068359375,24445.98828125,7.032642841339111,334.3329944447611,571.62890625,11.549877166748047,56.49920654296875,4.725347518920898,False
6.448191165924072,181.5898895263672,18460.6796875,8.727866172790527,338.6979375089944,353.6042785644531,13.939424514770508,73.99053955078125,3.9322102069854736,False
10.19941234588623,256.704345703125,28703.751953125,7.9405951499938965,326.4626770019531,552.1621704101562,8.802846908569336,66.26858650794013,4.384868144989014,False
7.766186714172363,223.05783081054688,14945.2958984375,6.026816368103027,334.4322009972418,482.40625,6.747761249542236,83.18675231933594,3.674225330352783,False
7.088864436440076,191.30136108398438,17540.576171875,8.779726028442383,339.285241572343,323.8121032714844,19.072826385498047,61.56032943725586,4.129301071166992,False
9.756577491760254,244.4613494873047,17940.099609375,7.14905309677124,331.4281090602268,337.71356201171875,23.667667388916016,73.23346710205078,3.749009370803833,False
6.365209464477816,159.39939880371094,61227.1953125,3.7135934829711914,312.97625732421875,377.0679626464844,17.2466983795166,82.19723510742188,3.860806703567505,False
6.406797885894775,182.8851318359375,17851.064453125,7.4627580642700195,332.4867248535156,398.7797546386719,17.301616668701172,64.07023620605469,4.573968410491943,False
7.188015173573234,253.05438232421875,28864.91015625,8.524371147155762,364.7494812011719,479.69976806640625,15.823074340820312,70.75818634033203,4.697040557861328,False
8.445219039916992,228.52285766601562,28966.568359375,6.1798553466796875,324.84412580299784,361.7053527832031,14.554220199584961,60.61222839355469,4.400705814361572,False
4.137044906616211,116.3382797241211,17101.951171875,8.652210235595703,322.8922424316406,360.6480712890625,7.848312854766846,70.97699737548828,4.327355861663818,False
7.6759138107299805,233.30076599121094,23673.1015625,8.40749740600586,329.54215687324995,232.61361694335938,18.459407806396484,60.99359130859375,5.040460586547852,False
7.272093493313223,243.68255615234375,20976.791015625,6.502257347106934,350.44989013671875,487.5564880371094,10.451629638671875,84.17884826660156,3.5584447383880615,False
5.701100826263428,170.49630737304688,17121.505859375,9.536011695861816,374.77587890625,378.87384033203125,10.972149848937988,63.293296813964844,5.956753730773926,False
6.3765764236450195,177.50999450683594,41243.0390625,6.669920444488525,320.33871322803975,486.8060607910156,13.490787506103516,65.36639404296875,4.161585330963135,False
5.51773738861084,190.669921875,17638.322265625,10.525857925415039,339.0324600297083,461.9289855957031,12.531683921813965,44.88784408569336,4.523106098175049,False
3.8546175956726074,131.39625549316406,19639.796875,7.753502368927002,305.3829040527344,456.51226806640625,16.864721298217773,81.526123046875,4.290434837341309,False
7.55807638168335,253.84091186523438,16642.884765625,11.224394798278809,328.8979869714353,555.9329833984375,15.154627799987793,81.74609375,4.169005393981934,False
7.3874335289001465,214.29302978515625,11694.6357421875,9.273679733276367,375.5055847167969,356.80584716796875,15.18450927734375,80.23117065429688,3.8305773735046387,False
7.763415336608887,193.7211151123047,20019.26171875,8.344390869140625,373.5977783203125,375.0728759765625,11.435979843139648,28.993637084960938,4.113536357879639,False
7.044056473195534,205.55184936523438,24820.4921875,7.226877689361572,329.4043884277344,386.30755615234375,9.223072052001953,69.7030258178711,4.252220153808594,False
7.509350299835205,192.46795654296875,17045.599609375,8.815844535827637,346.7418212890625,266.3577575683594,15.93005084991455,83.26252746582031,4.3218560218811035,False
6.875348003735558,119.88581085205078,22331.23828125,8.051538467407227,351.16143798828125,472.0640869140625,16.64281463623047,62.647090911865234,4.65939474105835,False
5.057270526885986,155.48773193359375,19003.96484375,6.250893592834473,305.84979248046875,518.101806640625,15.772438049316406,97.1990737915039,4.4322710037231445,False
5.830542087554932,165.46702575683594,30021.2578125,8.433096885681152,334.39776611328125,494.1545104980469,16.66661262512207,69.58025360107422,5.192116737365723,False
5.8596906661987305,163.4969024658203,19231.033203125,6.541681289672852,339.3714904785156,468.376953125,19.74907875061035,61.79098129272461,2.747332811355591,False
8.891674041748047,184.86961364746094,41801.44140625,3.409575939178467,337.047119140625,461.0768127441406,13.715503692626953,42.078121185302734,4.522599220275879,False
10.154218673706055,244.20938110351562,24755.9609375,4.711350440979004,299.7975158691406,387.58941650390625,15.363598823547363,70.8232421875,3.7308993339538574,False
7.019365083223771,227.4326629638672,32102.19140625,3.6468474864959717,321.67108154296875,433.2764892578125,11.690091133117676,57.04969024658203,3.5810368061065674,False
7.683156490325928,221.57534790039062,25475.884765625,9.914965629577637,328.9231849006885,372.80389404296875,12.054439544677734,51.89250183105469,4.781322956085205,False
7.455541133880615,225.31414794921875,16242.060546875,8.204102516174316,350.10809326171875,331.673828125,13.114965438842773,60.162147521972656,2.9303646087646484,False
6.882163928477252,217.94497680664062,37820.046875,8.299339294433594,320.4601666625935,367.570068359375,15.42103385925293,36.44661331176758,2.9947800636291504,False
4.811832427978516,150.45127868652344,27547.806640625,7.569543838500977,296.002197265625,521.5615844726562,16.29583740234375,44.288551330566406,2.860992908477783,False
5.720136642456055,182.44015502929688,13463.8525390625,8.253966331481934,343.46583094023055,401.5094909667969,13.361777305603027,52.952903747558594,3.5132555961608887,False
9.961503028869629,276.69976806640625,18743.22265625,9.16073989868164,361.2211608886719,457.5515441894531,21.564489364624023,93.7403335571289,5.215590476989746,False
3.2309730052948,120.78544616699219,13691.0947265625,6.835951328277588,328.24029541015625,261.4352111816406,18.406139373779297,54.85212326049805,3.2819206714630127,False
10.188432693481445,286.5679931640625,7105.80078125,9.840540885925293,321.6860656738281,437.8795166015625,12.871599197387695,78.7320556640625,4.6352434158325195,False
6.2629075050354,185.98265075683594,5157.0537109375,7.804390907287598,338.19537353515625,570.2882690429688,14.60144329071045,66.6455071169869,4.594919204711914,False
7.399811267852783,229.77626037597656,28630.955078125,8.711706161499023,302.3157653808594,437.3669128417969,11.927552223205566,78.5764389038086,3.8037238121032715,False
9.271668434143066,256.2734069824219,26912.228515625,5.766780376434326,274.6461181640625,467.7523193359375,12.376686096191406,89.90495300292969,3.744203567504883,False
4.704183578491211,169.94390869140625,7028.83984375,8.987042427062988,317.8298034667969,289.53753662109375,8.069436073303223,63.664947509765625,4.138994216918945,False
8.654792785644531,218.1726531982422,14799.3115234375,6.164048671722412,366.1479797363281,416.8703308105469,8.954519271850586,72.62027740478516,5.148138046264648,False
8.01877212524414,228.11146545410156,27405.31640625,6.491360187530518,325.2568658947933,494.6204528808594,8.716667175292969,56.18885040283203,4.356278896331787,False
8.189363479614258,229.60850524902344,13197.56640625,6.007956027984619,334.0542907714844,605.4657592773438,14.861376762390137,103.3228530883789,3.688297986984253,False
9.341092109680176,230.4300537109375,18254.111328125,6.113974094390869,331.87635952503746,294.58282470703125,12.908754348754883,91.85652923583984,4.598786354064941,False
7.2452679229028565,228.2519989013672,18593.22265625,5.90520715713501,332.74270013443424,475.2957458496094,13.672646522521973,54.492469787597656,4.12285041809082,False
4.891960144042969,153.5062255859375,9559.5478515625,7.847066402435303,349.82440185546875,496.8728332519531,11.457623481750488,61.110530853271484,3.9042699337005615,False
6.056818008422852,211.76588439941406,4440.27734375,9.507303237915039,347.6666256265764,316.9217834472656,17.76639747619629,53.54119110107422,3.358060836791992,False
5.655117511749268,146.76202392578125,19271.90234375,6.391438961029053,316.4956359863281,469.8949890136719,11.971416473388672,62.00456237792969,4.40115213394165,False
7.890263557434082,164.70803833007812,17645.064453125,7.141359806060791,342.13714336491216,634.1181030273438,21.977157592773438,33.279296875,4.6367387771606445,False
11.907739639282227,298.09869384765625,17083.17578125,5.878992557525635,324.8953587406369,400.330810546875,14.063369750976562,64.36859130859375,4.256415367126465,False
8.811471939086914,270.2095642089844,12138.4228515625,10.520554542541504,360.2955627441406,437.5154113769531,15.952680587768555,67.87849426269531,5.587396144866943,False
4.126581192016602,113.02447509765625,40528.8046875,6.489951133728027,329.85678647258453,392.109130859375,15.793391227722168,68.79743957519531,3.5047507286071777,False
5.735358715057373,149.17169189453125,28628.15234375,5.073073863983154,334.28121411653217,465.5549011230469,12.201950073242188,65.90985107421875,4.085054874420166,False
8.000775337219238,237.51925659179688,18419.1328125,8.32332992553711,308.0063171386719,396.3765563964844,13.492535591125488,82.75328063964844,4.519209384918213,False
8.775047302246094,191.52687072753906,21768.640625,4.751004695892334,387.24554443359375,435.5234069824219,11.875184059143066,56.02909851074219,3.8306989669799805,False
8.303831100463867,222.95004272460938,26030.619140625,7.108973503112793,327.3449180287507,368.28448486328125,14.383584976196289,70.07270050048828,3.3926568031311035,False
5.082241535186768,191.7670440673828,17739.19921875,9.111721992492676,309.7875061035156,413.15863037109375,12.307108879089355,88.8925552368164,5.0563788414001465,False
5.813546657562256,184.03176879882812,10112.20703125,6.536992073059082,309.451171875,441.5940246582031,11.438175201416016,77.50819396972656,3.721426010131836,False
3.422394275665283,141.30030822753906,16017.6123046875,8.214713096618652,342.91010730500426,580.8707885742188,10.603280067443848,94.94911193847656,3.676245927810669,False
5.913374900817871,148.60794067382812,14467.7861328125,6.159095287322998,346.69942823963265,427.0409851074219,14.4234037399292,56.46038818359375,2.4998319149017334,False
6.783023834228516,236.27886962890625,8213.7724609375,9.332860946655273,337.6797736350617,501.0185241699219,11.590706825256348,91.6809310913086,4.778808116912842,False
6.836060047149658,205.667724609375,18321.328125,6.712854385375977,297.8371887207031,494.4842529296875,13.808923721313477,70.71422576904297,4.952508449554443,False
4.884388446807861,136.5577850341797,28392.42578125,8.440400123596191,336.29742831890604,386.10400390625,13.831876754760742,73.82455444335938,3.6167006492614746,False
8.33155345916748,238.99241638183594,11635.7724609375,3.923239231109619,276.40228271484375,406.2451171875,15.41076374053955,66.55195648620958,2.6923887729644775,False
7.819659233093262,225.10684204101562,16403.953125,7.093310356140137,313.1681213378906,413.2089538574219,15.375616073608398,32.68185043334961,2.4023373126983643,False
5.428357124328613,167.0173797607422,24930.19921875,7.967085838317871,334.08697509765625,400.3934326171875,18.179149627685547,70.31269836425781,2.847843647003174,False
4.556656837463379,156.42294311523438,14400.71875,9.461284637451172,345.2020014599097,483.7457275390625,7.897724628448486,54.913944244384766,4.392257213592529,False
7.333003520965576,189.44796752929688,32358.5390625,6.346378326416016,341.346435546875,490.62530517578125,12.537466049194336,61.58137893676758,2.6420037746429443,False
7.114386558532715,196.53396606445312,27022.708984375,6.176786422729492,329.7655261802319,497.5235900878906,18.70427894592285,59.730438232421875,3.7626824378967285,False
6.376950263977051,170.22708129882812,16079.361328125,5.433802604675293,331.8569030761719,311.77288818359375,15.703707695007324,54.01311111450195,4.284387111663818,False
9.338234901428223,248.3760223388672,17416.802734375,6.665873050689697,342.7207946777344,505.6773986816406,19.742815017700195,58.658531188964844,1.872572660446167,False
6.989598700083766,130.55856323242188,17429.583984375,6.317654609680176,322.0596008300781,524.6456298828125,15.318048477172852,75.37641143798828,5.541322231292725,False
8.933877944946289,278.23175048828125,14179.623046875,8.128262519836426,318.35650634765625,335.2405090332031,16.664899826049805,48.35725784301758,4.374796390533447,False
10.600589752197266,274.9687805175781,21558.30859375,6.112819194793701,350.36370849609375,331.1204833984375,12.610798835754395,66.36352545376442,5.477700233459473,False
6.8388166427612305,196.1962127685547,11877.236328125,9.624699592590332,365.3488464355469,363.803466796875,14.924057960510254,41.12138366699219,4.776536464691162,False
5.600876331329346,183.5737762451172,20411.6640625,9.753766059875488,336.4048156738281,368.3599853515625,11.095877647399902,66.82012176513672,4.362033843994141,False
6.102533340454102,179.39723205566406,24196.263671875,7.155344009399414,321.4421081542969,525.9000854492188,13.4781494140625,60.05828857421875,2.2925736904144287,False
6.490922927856445,189.03158569335938,30453.623046875,6.060119152069092,297.5127868652344,476.9167175292969,14.973969459533691,47.01288986206055,4.372333526611328,False
8.506978988647461,197.74514770507812,20098.19921875,6.4565558433532715,344.12725830078125,555.9197998046875,9.028358459472656,78.93309783935547,3.881793737411499,False
7.413288116455078,196.45230102539062,17465.345703125,6.3091959953308105,355.164794921875,300.9335021972656,13.178069114685059,80.60477447509766,3.2901058197021484,False
7.295389292719056,252.40457153320312,20197.248046875,2.562255382537842,350.5477600097656,454.9698181152344,12.03186321258545,69.29225158691406,5.146442413330078,False
7.586236000061035,190.8902130126953,16409.9375,5.739025592803955,337.53686427326596,402.79949951171875,13.906082153320312,95.38265991210938,4.351335048675537,False
7.103348255157471,249.58935546875,4425.42626953125,8.211762428283691,293.07867431640625,268.44085693359375,18.422985076904297,68.47419738769531,4.417193412780762,False
6.153495788574219,163.20555114746094,48175.8515625,7.15380334854126,299.5667419433594,344.71697998046875,5.1593804359436035,55.52894973754883,4.819970607757568,False
2.376768112182617,129.8639678955078,11684.111328125,9.974807739257812,301.42974853515625,503.910400390625,8.741257667541504,76.3106918334961,3.6292178630828857,False
7.514835834503174,215.4395294189453,17017.4296875,7.417040824890137,335.6524658203125,483.65802001953125,14.532854080200195,66.03724670410156,4.299732208251953,False
7.445189476013184,225.3977813720703,24741.53515625,9.248498916625977,326.8746500613596,402.1156311035156,15.535979270935059,87.08391571044922,3.637894630432129,False
4.835297584533691,136.2950439453125,23031.21484375,5.560179233551025,358.9330749511719,567.4636840820312,11.505803108215332,60.77385711669922,3.633760690689087,False
8.376279830932617,248.1328582763672,27824.19140625,7.100523471832275,343.0579833984375,433.44989013671875,18.658885955810547,53.30376052856445,5.703962802886963,False
7.945909023284912,213.06640625,16769.890625,4.745340347290039,292.41925048828125,478.1667175292969,14.18985652923584,82.05440521240234,3.5854313373565674,False
8.727778434753418,202.4195098876953,25521.888671875,3.8302383422851562,326.9079284667969,461.95880126953125,16.61145782470703,104.37325286865234,3.83154034614563,False
6.089430809020996,207.2671356201172,11339.166015625,8.888347625732422,317.27911376953125,531.7689819335938,11.674318313598633,48.35824966430664,4.366860866546631,False
7.172323226928711,191.38941955566406,14702.05859375,6.557104587554932,313.86627197265625,525.031005859375,12.630181312561035,108.26522827148438,3.0842156410217285,False
8.332953453063965,236.53240966796875,18881.794921875,4.275692939758301,332.0816702035354,384.7291564941406,15.121055603027344,55.50774002075195,3.408299684524536,False
7.184202149128535,231.97329711914062,21460.837890625,8.673482894897461,360.6722106933594,375.0820617675781,12.178788185119629,66.864501953125,3.9550907611846924,False
4.563370704650879,152.90756225585938,13490.6083984375,7.499917030334473,338.5849304199219,524.1080322265625,14.143989562988281,69.01624298095703,4.825179100036621,False
6.9099964223449595,181.08065795898438,30050.439453125,7.975630760192871,360.0869140625,378.15423583984375,17.674564361572266,66.24310811152692,3.522486448287964,False
3.676845073699951,173.67770385742188,22581.224609375,12.653362274169922,289.1268310546875,599.729248046875,8.386407852172852,49.65855407714844,5.461472988128662,False
6.941922888160996,169.35592651367188,23133.662109375,8.247827529907227,337.0478820800781,330.3553161621094,14.749090194702148,58.356849670410156,3.517153024673462,False
7.889079570770264,208.40237426757812,24974.693359375,7.296281814575195,329.96853648320325,453.1669921875,12.529679298400879,60.43501663208008,4.034040927886963,False
5.525768756866455,188.15597534179688,16113.0107421875,8.306926727294922,339.5525039239424,363.47186279296875,12.094512939453125,74.71867370605469,4.401412487030029,False
4.858055591583252,159.695556640625,32886.52734375,7.689304351806641,330.1726877163565,337.3880310058594,23.108015060424805,76.09446716308594,4.130972385406494,False
3.272819995880127,145.4923095703125,7408.97607421875,11.996015548706055,336.68780517578125,433.7096862792969,10.458874702453613,66.61347692071918,4.318516254425049,False
7.117578506469727,186.19967651367188,31528.94921875,6.38703727722168,335.348876953125,380.5782775878906,19.07399559020996,75.90306854248047,4.333401679992676,False
7.8222575187683105,200.00279235839844,22411.0078125,5.283593654632568,343.08038330078125,593.4835815429688,12.273073196411133,75.25621032714844,3.0808658599853516,False
4.334057807922363,155.829345703125,13351.4140625,8.603926658630371,321.7869567871094,387.5218200683594,7.809444427490234,77.87921905517578,2.613532066345215,False
7.360270447908519,214.03530883789062,10039.5380859375,10.130125045776367,383.7543029785156,487.421630859375,18.917583465576172,51.4853515625,3.259749174118042,False
8.839584350585938,246.0664825439453,21179.76171875,7.717662334442139,343.0473937988281,753.3425903320312,16.91790008544922,60.436031341552734,3.11803936958313,False
5.2906670570373535,160.43202209472656,9265.1044921875,9.272066116333008,358.5471496582031,464.5733337402344,11.220817565917969,67.64606475830078,3.530573606491089,False
7.873271465301514,182.6466522216797,25337.123046875,3.7150652408599854,362.4845886230469,315.18994140625,12.132425308227539,65.49992370605469,3.3063929080963135,False
7.148440837860107,173.27281188964844,30656.1640625,4.737825393676758,329.6226671445051,525.8848266601562,14.567818641662598,57.822021484375,4.30856990814209,False
6.4536051750183105,175.47933959960938,25257.6484375,7.626529693603516,263.4012451171875,376.52490234375,15.755401611328125,66.35196159648987,5.568264961242676,False
7.032368703896072,189.82342529296875,20278.337890625,6.79994010925293,337.8945087641576,314.83416748046875,10.092086791992188,46.62929916381836,4.940014362335205,True
5.65411901473999,171.75155639648438,16431.205078125,7.283454418182373,387.9046325683594,419.0973205566406,11.814852714538574,86.30823516845703,3.466264486312866,True
7.650683403015137,239.49014282226562,15326.9248046875,8.927896499633789,373.4363098144531,425.33636474609375,17.88359260559082,66.46156204421023,4.043710708618164,True
6.418202877044678,173.4462127685547,19617.30859375,7.396471977233887,321.8652648925781,391.66748046875,18.453950881958008,46.345863342285156,2.6709766387939453,True
6.8480000495910645,199.7768096923828,26296.94921875,7.339173316955566,354.25054931640625,397.5364685058594,22.139957427978516,51.53496551513672,3.815227508544922,True
6.991685390472412,152.97621154785156,20389.59375,2.6483898162841797,331.2529296875,460.14617919921875,15.48537826538086,69.67003631591797,3.724823474884033,True
5.92479944229126,111.47858428955078,15413.896484375,6.90002965927124,347.8618469238281,277.58807373046875,13.26114273071289,74.1939926147461,4.188928127288818,True
7.5266804695129395,192.16709899902344,38468.4140625,6.616367340087891,290.6417541503906,449.3175354003906,13.05589485168457,58.768611907958984,4.148222923278809,True
6.985139493684501,233.0634307861328,36640.37109375,10.00021743774414,435.1152038574219,337.6643981933594,16.635475158691406,61.07371139526367,4.84975528717041,True
5.324641227722168,142.80697631835938,728.7508544921875,8.403316497802734,357.8567793669903,496.9975891113281,15.174663543701172,60.07785415649414,3.652003288269043,True
9.038326263427734,227.357666015625,34353.83984375,5.573277473449707,231.05368041992188,421.66448974609375,16.3314208984375,92.64337921142578,3.706265926361084,True
5.945988655090332,151.685791015625,12356.9052734375,7.894120216369629,342.02911376953125,471.12213134765625,15.72546672821045,57.683067321777344,3.7933292388916016,True
6.19508695602417,195.4431610107422,19331.193359375,9.112558364868164,342.8717956542969,425.50286865234375,17.21245574951172,85.11419677734375,4.196558475494385,True
9.062822341918945,246.62969970703125,27959.92578125,5.649970531463623,308.78076171875,434.39544677734375,21.142053604125977,44.149349212646484,3.730369806289673,True
7.1374287605285645,210.50274658203125,17506.609375,7.304928302764893,301.6419982910156,304.2394714355469,13.076007843017578,64.23094177246094,2.964181423187256,True
6.232010364532471,208.6681671142578,12149.6962890625,8.560039520263672,342.8081612165388,325.3446960449219,13.24699592590332,33.38035202026367,1.6415150165557861,True
7.7808685302734375,221.84449768066406,40483.73046875,6.146098613739014,302.3296813964844,563.719970703125,11.753046035766602,51.55946350097656,4.60202693939209,True
7.150046348571777,238.79823303222656,14708.474609375,8.60677433013916,450.9144592285156,365.7391357421875,14.966531753540039,53.14497756958008,2.6338908672332764,True
4.574124813079834,134.2012939453125,22520.41796875,8.191826820373535,403.3423767089844,372.20013427734375,11.260913848876953,69.04715728759766,3.0864999294281006,True
6.179312229156494,159.7732696533203,21532.51953125,8.063334465026855,272.44085693359375,509.7721252441406,11.010544776916504,99.99628448486328,2.951961040496826,True
5.566328525543213,153.7755126953125,14574.6611328125,8.011549949645996,345.1138550905211,388.05035400390625,14.200556755065918,75.55522155761719,3.4247608184814453,True
6.872257921153316,160.0950927734375,26561.5703125,7.187021732330322,322.0904541015625,372.62353515625,11.45520305633545,57.15095901489258,5.13677978515625,True
7.1851677894592285,209.68313598632812,24909.783203125,6.691069602966309,328.72242307428536,501.7854309082031,16.088647842407227,75.67132568359375,3.9558470249176025,True
7.082341428794589,160.9158172607422,13943.2451171875,8.39972972869873,380.7684631347656,344.15423583984375,15.208690643310547,75.57505798339844,4.141552448272705,True
6.990452766418457,225.92344665527344,17679.3515625,7.248866558074951,377.8680419921875,527.205810546875,13.787263870239258,87.83905029296875,5.184442043304443,True
5.810741901397705,151.8761749267578,25419.55078125,7.874166488647461,313.36480712890625,494.1529846191406,14.646684646606445,77.37380981445312,3.436966896057129,True
7.4441657066345215,211.44631958007812,20003.498046875,7.238301753997803,333.713005507975,524.645263671875,13.778225898742676,49.90089797973633,3.8208656311035156,True
4.374877452850342,144.2371826171875,17384.2578125,8.898436546325684,345.0972767399941,402.27117919921875,13.715804100036621,55.98979568481445,3.0301077365875244,True
6.602539539337158,174.6329803466797,21607.482421875,6.581326961517334,308.9314270019531,657.5704345703125,9.064445495605469,68.8270492553711,3.592496156692505,True
6.857493877410889,233.2105712890625,22603.650390625,6.627058982849121,368.10577392578125,412.4346618652344,16.92617416381836,62.557899475097656,4.306581020355225,True
7.028886667711928,176.77218627929688,19486.19140625,7.960133075714111,412.40728759765625,276.588623046875,16.71005630493164,33.56304168701172,3.8881773948669434,True
6.789820671081543,197.30001831054688,22527.681640625,5.166942119598389,399.98175048828125,422.4820251464844,15.916604995727539,47.93510437011719,4.512068271636963,True
8.560349464416504,244.7967071533203,14254.6611328125,7.453900337219238,315.9711608886719,500.58660888671875,18.228748321533203,57.36553955078125,2.9392125606536865,True
7.0115559557786975,113.17596435546875,9943.9296875,6.3371381759643555,354.2975769042969,415.3383483886719,19.67616844177246,23.0758056640625,3.7874755859375,True
8.277058601379395,242.5592498779297,12715.814453125,5.128732681274414,371.302734375,561.7611694335938,15.22002124786377,61.799015045166016,3.75132417678833,True
7.026956246657177,157.78155517578125,13711.7236328125,6.13393497467041,346.8453015843645,289.7466735839844,13.172720909118652,60.457763671875,5.068470001220703,True
6.921257019042969,158.29205322265625,31177.1328125,6.9789934158325195,330.8970457999527,531.657470703125,11.482186317443848,59.99855422973633,3.540384292602539,True
5.636923789978027,159.139404296875,27283.78125,6.918726444244385,328.90728759765625,317.83099365234375,13.611408233642578,36.33519744873047,3.0071380138397217,True
6.607503414154053,231.5657958984375,26420.80859375,9.57781982421875,418.2409362792969,443.3157653808594,15.671202659606934,61.36442184448242,3.447111129760742,True
4.951413631439209,153.21214294433594,20117.359375,8.98557186126709,391.06903076171875,418.3302001953125,11.831690788269043,68.38761138916016,3.8706812858581543,True
5.913133144378662,184.39315795898438,40847.76171875,7.04182767868042,331.9599609375,563.4099731445312,21.917377471923828,58.839202880859375,3.9002113342285156,True
7.2392669091635495,232.46871948242188,15873.0341796875,6.365468978881836,313.26361083984375,365.6264953613281,10.392936706542969,59.659210205078125,4.706774711608887,True
5.796236991882324,156.3470916748047,15671.119140625,8.408831596374512,342.7401437881963,571.6137084960938,17.548425674438477,74.40270233154297,2.4836432933807373,True
5.039673328399658,154.4183349609375,23027.548828125,7.759843349456787,422.7690734863281,490.332763671875,17.728389739990234,69.5085220336914,4.864866256713867,True
6.163518905639648,185.79031372070312,37282.5234375,8.24083137512207,321.9687217983878,411.18359375,16.162057876586914,84.93140411376953,3.4772448539733887,True
6.339142799377441,167.41970825195312,16364.1591796875,8.095991134643555,312.3940734863281,372.5116271972656,21.887086868286133,91.06635284423828,3.3557651042938232,True
7.610672950744629,193.661865234375,20511.62109375,6.654331684112549,337.1795148397242,394.59539794921875,14.319384574890137,39.49726486206055,5.404817581176758,True
5.782079219818115,200.40480041503906,25366.12109375,9.270066261291504,330.46388719263604,525.532958984375,10.675517082214355,54.081092834472656,5.059361457824707,True
6.451503753662109,179.5289306640625,7990.8916015625,6.196876525878906,377.26983642578125,386.541748046875,15.434513092041016,74.99252319335938,6.307678699493408,True
6.703480445749852,179.57809448242188,47591.28125,8.097301483154297,314.9287253361995,548.8704833984375,13.800070762634277,58.21979904174805,3.6855928897857666,True
6.9204487800598145,196.31939697265625,39251.18359375,8.493783950805664,317.38232421875,487.5043640136719,14.697844505310059,41.753726959228516,4.498818397521973,True
6.549187660217285,212.92213439941406,19236.01171875,7.9601898193359375,334.8440289110976,424.3980407714844,12.587047576904297,49.5855712890625,4.190310955047607,True
6.393231391906738,185.83615112304688,17258.11328125,7.329998970031738,330.13214111328125,326.42706298828125,11.65039348602295,47.6400146484375,3.644388198852539,True
6.100245475769043,160.6082305908203,13886.8095703125,7.5427751541137695,366.68878173828125,449.9482727050781,18.72286033630371,64.39051818847656,2.174898147583008,True
6.359431266784668,208.20301818847656,23347.171875,9.000395774841309,331.86266032848397,336.5856018066406,14.173906326293945,66.35180129407169,3.6364948749542236,True
6.272474765777588,190.20071411132812,14642.205078125,9.734512329101562,399.0529479980469,448.5682678222656,16.55717658996582,74.43538665771484,4.6125359535217285,True
6.963298195635415,161.25033569335938,23469.220703125,8.392831802368164,336.83020961920755,448.7879638671875,13.83627986907959,70.20674133300781,3.6002204418182373,True
7.493844032287598,197.33128356933594,26678.392578125,7.198434352874756,269.892333984375,375.5030517578125,13.134916305541992,69.59080505371094,3.819946527481079,True
7.635264873504639,205.067626953125,17796.375,7.156737804412842,306.80029296875,370.56103515625,17.486814498901367,32.920719146728516,3.948303461074829,True
9.097617149353027,263.8241271972656,38413.05859375,7.63436222076416,274.9590148925781,437.2635192871094,18.2858829498291,74.51256561279297,5.473663330078125,True
8.040143966674805,224.8634796142578,6879.7646484375,8.136930465698242,418.95501708984375,360.9576721191406,12.405913352966309,73.21798706054688,3.986459732055664,True
7.296908855438232,149.07949829101562,15931.4296875,6.55009651184082,276.0132751464844,367.9048156738281,14.723054885864258,62.63444900512695,4.671448230743408,True
8.226807594299316,191.2786865234375,16472.19140625,6.863926887512207,339.6968571668456,354.9262390136719,15.183645248413086,63.416786193847656,2.188701868057251,True
8.014183044433594,244.12010192871094,30566.767578125,7.714446544647217,307.9874572753906,309.930419921875,22.641597747802734,61.578460693359375,3.4170761108398438,True
9.252893447875977,236.09878540039062,12855.3466796875,5.784976005554199,276.28631591796875,329.9227600097656,12.609076499938965,55.617759704589844,3.566434621810913,True
7.288112640380859,216.6124725341797,18979.982421875,7.668510437011719,358.9786071777344,384.6949462890625,14.163606643676758,53.313045501708984,3.6269898414611816,True
4.865444183349609,114.46389770507812,32858.484375,7.47307014465332,365.3011474609375,533.30322265625,16.151599884033203,45.64738845825195,5.070254325866699,True
4.762828826904297,153.29701232910156,22777.53125,6.8417205810546875,337.0002119459739,522.7362060546875,15.78550910949707,86.12861633300781,2.4717862606048584,True
5.141506671905518,111.99402618408203,11288.634765625,5.841749668121338,389.2256774902344,315.22967529296875,12.982475280761719,81.15924072265625,4.510578155517578,True
4.886379718780518,159.31797790527344,38633.3046875,8.370179176330566,375.899169921875,448.0508728027344,16.820615768432617,59.183189392089844,3.227849006652832,True
9.454119682312012,224.817138671875,21379.96484375,5.407691478729248,227.66563415527344,431.6130065917969,15.772334098815918,52.033843994140625,4.058626174926758,True
7.000523090362549,219.44264221191406,26012.130859375,6.280886650085449,395.2413330078125,483.31988525390625,19.53863525390625,46.861385345458984,4.333688735961914,True
8.323982238769531,262.2185974121094,21292.828125,7.076943874359131,350.32574462890625,538.7922973632812,17.684654235839844,72.34381103515625,4.153782844543457,True
6.643158912658691,188.91354370117188,32873.8203125,6.79150915145874,333.8488464355469,336.5614929199219,14.706809997558594,67.8448486328125,4.562197685241699,True
7.116369887875931,208.20452880859375,17835.30859375,8.930330276489258,351.2149658203125,278.2606201171875,10.208344459533691,52.24851608276367,5.709690093994141,True
6.7586565017700195,190.3372802734375,20666.453125,6.783660411834717,333.9496735976444,484.60870361328125,9.78477668762207,86.69544982910156,2.7438902854919434,True
8.628893852233887,186.63771057128906,13688.07421875,6.289036273956299,254.35879516601562,392.7068786621094,12.387633323669434,53.15076446533203,3.071350336074829,True
9.794717788696289,254.42506408691406,12490.55859375,5.992480278015137,291.197265625,576.0460815429688,11.66529655456543,80.69821166992188,2.8071298599243164,True
5.376078128814697,185.5404815673828,36026.40234375,9.649943351745605,343.48663330078125,347.5650634765625,14.004448890686035,66.15354501732604,3.6292502880096436,True
5.603325843811035,207.89718627929688,36873.55859375,7.631345748901367,404.67291259765625,511.4375305175781,13.515235900878906,85.3455810546875,3.900421380996704,True
8.59241771697998,228.67604064941406,33013.48046875,8.172356605529785,321.5713437130037,328.5584411621094,17.128154754638672,66.196673702035,3.7012879848480225,True
7.266781330108643,178.25770568847656,27468.681640625,6.043959140777588,314.390625,400.625,13.665328025817871,87.13187408447266,3.9198269844055176,True
8.064652442932129,214.81668090820312,27172.89453125,6.369175434112549,253.48123168945312,490.2803649902344,12.458830833435059,65.39948272705078,3.3241126537323,True
7.196357634742013,222.2687225341797,18406.59375,8.183988571166992,332.6605838936398,395.44879150390625,9.475981712341309,79.85233306884766,3.7109575271606445,True
6.336456298828125,185.6800079345703,25927.265625,8.199318885803223,321.8176574707031,490.972412109375,10.665799140930176,51.55229949951172,4.561219692230225,True
6.166348457336426,210.08656311035156,37922.90625,6.760220527648926,322.167253292992,217.3583221435547,12.289237976074219,39.97809600830078,4.8163042068481445,True
4.5333991050720215,169.7352294921875,30301.857421875,7.074906826019287,413.1022033691406,385.6561279296875,17.06049156188965,70.2933349609375,3.188640832901001,True
8.951652526855469,205.89234924316406,15189.328125,3.0160326957702637,283.8677062988281,406.3091735839844,19.125825881958008,65.63932800292969,1.8443715572357178,True
7.210773468017578,163.0472869873047,14230.4189453125,7.352940559387207,324.0957336425781,441.5240783691406,9.793009757995605,89.91991424560547,4.462408065795898,True
4.238282680511475,134.88951110839844,29344.84375,8.18087387084961,351.23736572265625,402.42718505859375,12.427377700805664,83.76264953613281,3.787425994873047,True
8.264090538024902,216.5518798828125,23556.93359375,5.830685138702393,333.50054931640625,450.85748291015625,8.667719841003418,39.80418014526367,3.410510778427124,True
7.893312931060791,220.34832763671875,14444.2900390625,8.037400245666504,300.15216064453125,339.0660705566406,18.423633575439453,67.00910186767578,4.097360134124756,True
4.855587959289551,145.79037475585938,14905.255859375,9.82967472076416,392.66748046875,459.28802490234375,10.446590423583984,52.28948211669922,4.697153091430664,True
5.230453968048096,152.0941619873047,24790.724609375,6.308729648590088,388.9980773925781,307.9180603027344,12.594196319580078,51.625213623046875,3.69561505317688,True
7.0172953605651855,170.1324462890625,20169.34375,5.216279983520508,378.2269592285156,512.7684326171875,15.50599193572998,64.62494659423828,4.899611473083496,True
4.941972255706787,166.71043395996094,19806.412109375,8.031865119934082,426.15753173828125,352.0390930175781,15.49688720703125,68.6083984375,5.076146602630615,True
9.638222694396973,226.47021484375,30739.689453125,6.849401473999023,323.7727634644329,278.2514343261719,13.728882789611816,69.26811981201172,4.614369869232178,True
7.337399959564209,176.7534942626953,18543.5,7.127077579498291,278.3611755371094,427.9306945800781,14.773004531860352,85.68083953857422,4.9818339347839355,True
7.155107044123241,241.06692504882812,22656.71484375,7.293822765350342,329.53511487245726,315.6043395996094,16.40480613708496,46.139183044433594,3.7352044582366943,True
7.067039100483828,181.63014221191406,22665.138671875,7.221067905426025,333.8540021259138,521.87353515625,10.985421180725098,76.12635040283203,3.291942834854126,True
8.257596969604492,208.40415954589844,20109.025390625,6.230581760406494,235.77098083496094,528.0686645507812,14.410778045654297,74.98493957519531,4.5285749435424805,True
8.315267562866211,229.7574462890625,15077.8505859375,7.053503513336182,334.22450537794396,446.95489501953125,12.195094108581543,77.52342987060547,4.128525257110596,True
7.05151036355929,114.7335433959961,13677.994140625,9.981200218200684,441.8267822265625,524.0003662109375,11.384858131408691,71.15328216552734,3.2938482761383057,True
7.17159366607666,250.2252960205078,22431.02734375,7.697674751281738,325.2343792322434,462.7669677734375,7.923397541046143,79.69776153564453,4.622735977172852,True
6.94127893447876,180.81771850585938,15433.134765625,7.140121936798096,325.515869140625,480.8785400390625,20.302335739135742,61.520687103271484,4.178959846496582,True
7.345849660541679,256.9363708496094,13766.3310546875,5.083866119384766,290.31103515625,384.9065246582031,17.731523513793945,58.354854583740234,3.979296922683716,True
6.888547420501709,179.63247680664062,30722.298828125,6.5793280601501465,284.8857421875,393.4931640625,7.701010227203369,63.293582916259766,2.9014320373535156,True
6.833110809326172,178.6580810546875,31461.197265625,7.942857265472412,302.5353698730469,415.0974426269531,19.370328903198242,66.24188439186398,3.021573543548584,True
8.247958183288574,195.53953552246094,28327.16796875,5.378285884857178,281.2298583984375,588.69921875,18.07693862915039,70.79303741455078,4.723230838775635,True
8.922379493713379,278.61944580078125,21963.4765625,8.10563850402832,334.0536804199219,385.8747863769531,8.803475379943848,66.36370600357334,5.821825981140137,True
7.3560566902160645,234.7823028564453,31409.064453125,7.395529747009277,283.50958251953125,428.75311279296875,22.16632080078125,87.39912414550781,4.549916744232178,True
6.982512120128422,168.40953063964844,26148.537109375,9.030440330505371,424.3021240234375,445.34588623046875,10.674582481384277,51.876953125,3.893326759338379,True
9.752703666687012,269.640380859375,10194.3251953125,7.978044033050537,298.08245849609375,580.0035400390625,12.562614440917969,51.35305404663086,3.4221105575561523,True
6.844141960144043,184.39303588867188,41408.11328125,6.459987163543701,319.74538420765043,398.04681396484375,13.16641616821289,68.89061737060547,3.412853240966797,True
6.910765171051025,242.09133911132812,7764.43798828125,8.045869827270508,440.635498046875,487.93231201171875,18.376802444458008,45.30653762817383,4.34014892578125,True
8.801846504211426,205.40782165527344,13121.171875,6.701766490936279,263.48272705078125,399.2835693359375,18.909034729003906,67.96334075927734,4.031496047973633,True
6.2831034660339355,236.82321166992188,26188.162109375,9.364360809326172,328.5035095214844,470.8215637207031,16.351911544799805,68.91033935546875,2.6639206409454346,True
6.354038238525391,227.23289489746094,16174.43359375,7.567418575286865,411.2852478027344,355.5273132324219,9.969701766967773,82.49259185791016,4.935240268707275,True
5.928767204284668,192.0484161376953,19240.05859375,8.986863136291504,400.1641540527344,459.2609558105469,9.893654823303223,52.15778732299805,3.592912197113037,True
6.823641777038574,170.3281707763672,14053.220703125,8.120631217956543,342.139097464849,544.0110473632812,13.54221248626709,77.22700500488281,3.3863627910614014,True
7.342231273651123,198.16880798339844,35273.9765625,5.268807411193848,300.4059143066406,448.15167236328125,12.388548851013184,62.74338150024414,4.261504173278809,True
7.14601993560791,195.92210388183594,22445.173828125,6.652035713195801,333.557434407308,484.4429626464844,12.367109298706055,57.53065872192383,5.393476486206055,True
5.089387893676758,147.99526977539062,39659.875,8.424878120422363,324.3261652047289,498.7008972167969,14.943584442138672,84.25426483154297,3.0540452003479004,True
8.594217300415039,228.16090393066406,29706.234375,5.924459934234619,257.1486511230469,517.8446655273438,15.963751792907715,52.95002365112305,4.489544868469238,True
8.149436950683594,220.2037353515625,23978.107421875,7.38412618637085,360.41400146484375,461.8045349121094,13.364676475524902,103.38021087646484,4.9492573738098145,True
9.271578788757324,274.0213928222656,38886.38671875,8.045990943908691,244.0862579345703,504.6167907714844,15.981067657470703,62.32004928588867,3.5496084690093994,True
7.021617412567139,203.20120239257812,12352.8115234375,6.8457441329956055,380.8040466308594,435.6744079589844,14.507013320922852,68.23338317871094,3.8556363582611084,True
7.8333611488342285,249.34005737304688,13394.7314453125,8.341670036315918,393.13787841796875,443.6291198730469,10.983344078063965,76.64573669433594,4.270973205566406,True
6.643734455108643,202.41363525390625,14110.9208984375,8.754110336303711,340.9755554199219,291.0847473144531,15.954654693603516,64.3637924194336,3.920607328414917,True
6.76141357421875,216.53250122070312,32156.8203125,8.723064422607422,343.6011047363281,526.3251953125,20.3146915435791,60.52159118652344,4.3502068519592285,True
7.2434821128845215,196.9823760986328,29772.01953125,6.497200965881348,329.14099569950474,322.365234375,14.15495491027832,50.65500259399414,4.763578414916992,True
7.990658283233643,211.28634643554688,26951.86328125,7.510775566101074,326.18267627033595,638.0001831054688,13.942811965942383,69.39441680908203,3.1609175205230713,True
7.6125168800354,225.4927978515625,14812.970703125,7.982595443725586,356.690185546875,341.0749206542969,14.994662284851074,55.893917083740234,2.939593553543091,True
6.080992698669434,182.4139862060547,31321.08203125,7.62423849105835,318.7227478027344,498.4541015625,11.398006439208984,81.28838348388672,2.0917868614196777,True
7.888424396514893,269.5729064941406,15761.87109375,8.173474311828613,327.9490408175268,490.8951110839844,7.025536060333252,78.50227355957031,2.998065948486328,True
6.6588335037231445,182.38955688476562,16828.880859375,7.071299076080322,355.8968811035156,434.6589660644531,16.618053436279297,69.41228485107422,3.969740390777588,True
7.075820109415481,208.3038330078125,23495.306640625,5.800340175628662,274.97528076171875,465.3308410644531,5.980339050292969,57.20309066772461,3.2107527256011963,True
7.222997665405273,179.56028747558594,21314.869140625,5.864716529846191,335.67329887457043,435.5738830566406,11.87837028503418,79.39400482177734,3.9662585258483887,True
6.821310544072493,194.71397399902344,40611.71484375,7.423192024230957,290.332275390625,517.6268920898438,16.340158462524414,72.09361267089844,3.1256086826324463,True
6.427720546722412,166.85023498535156,12215.4091796875,7.696751594543457,376.2826232910156,352.745361328125,20.130481719970703,66.73504638671875,2.9044535160064697,True
5.023380756378174,136.9768829345703,15040.841796875,7.588021278381348,409.918701171875,454.8847961425781,14.245091438293457,71.98384857177734,4.477351188659668,True
7.042812041983558,192.0576629638672,25795.693359375,6.116863250732422,318.92657470703125,509.0628356933594,13.939192771911621,84.31539916992188,3.789196014404297,True
8.163999557495117,195.21249389648438,27414.8984375,5.412481307983398,231.72422790527344,529.6818237304688,12.425426483154297,69.99012756347656,3.6730880737304688,True
7.160615452553053,202.88243103027344,17505.853515625,7.104365825653076,310.5328369140625,429.2898864746094,17.958967208862305,78.58753967285156,3.5370407104492188,True
5.272156238555908,181.73287963867188,19015.46875,9.013015747070312,446.7240295410156,390.0119934082031,11.103466987609863,63.826011657714844,4.063826084136963,True
6.903074264526367,206.92250061035156,17947.98828125,7.048017501831055,334.84664425925087,601.9852294921875,11.77510929107666,58.17625427246094,4.473886966705322,True
7.466558456420898,212.81602478027344,16679.673828125,5.4362640380859375,366.6013488769531,358.9095764160156,6.134210586547852,46.65542984008789,4.991674900054932,True
7.397650718688965,260.0833740234375,26730.634765625,8.076995849609375,361.1131896972656,376.482177734375,17.847827911376953,101.46682739257812,3.0784788131713867,True
6.750654633876551,154.92596435546875,30037.220703125,5.796570777893066,252.0672607421875,311.7500305175781,13.90465259552002,77.53204345703125,4.113584995269775,True
7.205712055187547,226.31857299804688,18465.265625,6.026303768157959,358.6972351074219,366.9263000488281,10.269401550292969,61.15932846069336,3.4065632820129395,True
5.539533615112305,200.71168518066406,21021.41796875,9.827308654785156,390.5541687011719,437.3416442871094,14.955890655517578,67.16981506347656,3.75566029548645,True
7.376161098480225,199.170166015625,17181.009765625,6.602451801300049,388.02850341796875,357.3729248046875,16.948291778564453,75.88616180419922,4.01023530960083,True
9.31861400604248,317.338134765625,24497.873046875,7.597451686859131,357.1672058105469,476.5103759765625,12.032377243041992,68.5998306274414,4.642719268798828,True
6.701941013336182,168.7454071044922,17176.87890625,6.390965938568115,330.67474365234375,404.93072509765625,10.827839851379395,52.112709045410156,4.179449558258057,True
5.547576427459717,182.6447296142578,27417.998046875,9.586090087890625,378.5261535644531,596.6505126953125,11.565241813659668,78.87860107421875,4.448670864105225,True
9.001822471618652,263.5141906738281,15379.9130859375,6.4736738204956055,355.0064392089844,561.68701171875,22.045455932617188,61.51434326171875,3.9768733978271484,True
9.130768775939941,266.7449645996094,9929.1943359375,6.011964321136475,352.1532287597656,542.8067626953125,10.974206924438477,65.78245544433594,4.771443843841553,True
4.077920436859131,185.85232543945312,9975.6015625,10.758464813232422,345.73399619299664,307.8775634765625,9.702581405639648,64.36111450195312,4.7890520095825195,True
7.125211238861084,209.74676513671875,16701.56640625,7.458741664886475,320.5009460449219,404.70458984375,18.952796936035156,92.34737396240234,3.9080753326416016,True
13.541240692138672,187.60679626464844,13475.9130859375,6.756054878234863,341.5894340901096,411.26446533203125,15.142667770385742,74.44856262207031,3.529191017150879,False
7.1712236404418945,199.16017150878906,13163.03125,5.762522220611572,351.27813720703125,436.6024475097656,19.103151321411133,52.577449798583984,2.209091901779175,False
6.9383496314059725,176.38665771484375,26003.1640625,7.809251308441162,358.4297790527344,336.1419982910156,14.44796085357666,90.22484588623047,4.410674095153809,False
6.977744102478027,166.8455810546875,18622.4453125,6.609706401824951,353.33990478515625,333.96856689453125,12.534560203552246,48.46358871459961,3.530622720718384,False
6.357166767120361,191.13551330566406,14782.8046875,6.15444803237915,339.54994940676687,527.9326171875,18.863094329833984,69.62632751464844,5.222077369689941,False
7.2485611150205465,231.3051300048828,15629.7626953125,7.018066883087158,297.7488708496094,406.3404235839844,11.835535049438477,49.67969512939453,4.4642438888549805,False
8.339436531066895,175.59674072265625,12629.853515625,6.976313591003418,341.9765008425511,452.3375244140625,17.528839111328125,101.85139465332031,4.13369607925415,False
6.276956558227539,178.263916015625,25590.6796875,6.748702526092529,332.71105194283547,445.1861267089844,8.567973136901855,70.76553344726562,3.2142865657806396,False
10.94747257232666,146.88304138183594,27671.5234375,7.279137134552002,335.10294692452874,376.90380859375,17.34650421142578,85.29292297363281,3.1123175621032715,False
9.871790885925293,114.37145233154297,27912.908203125,8.660268783569336,340.0462951660156,490.45184326171875,8.517762184143066,64.83124542236328,3.652263879776001,False
4.317187309265137,225.5145721435547,27163.45703125,6.8881354331970215,325.9336853027344,446.34130859375,17.152944564819336,43.38591384887695,4.078277111053467,False
4.227537155151367,201.44747924804688,13122.3291015625,6.932558059692383,374.8435363769531,402.6607666015625,22.823293685913086,76.46942901611328,4.479628086090088,False
4.140077114105225,253.59983825683594,40626.84765625,7.754532814025879,265.46875,432.5111999511719,19.12669563293457,61.52001953125,3.1675825119018555,False
5.349997520446777,193.80812072753906,31795.625,8.217819213867188,327.2333984375,431.4760437011719,11.776192665100098,55.81650924682617,3.83872127532959,False
7.578014373779297,204.73048400878906,19944.572265625,6.192652702331543,334.4154839424803,517.4830322265625,13.975825309753418,54.63770294189453,3.5038185119628906,False
7.710137844085693,174.35057067871094,31017.240234375,8.212234497070312,269.85980224609375,437.5140686035156,9.320039749145508,51.54533386230469,3.8986709117889404,False
8.330743789672852,198.9958038330078,28919.8125,7.436213493347168,304.2938537597656,429.2254943847656,14.713229179382324,83.62782287597656,2.4080491065979004,False
6.510972499847412,188.88291931152344,20081.74609375,6.55969762802124,368.9857482910156,367.9345703125,14.807579040527344,101.24825286865234,3.9625251293182373,False
7.393275580112383,206.0363006591797,8667.720703125,6.329952239990234,353.5293884277344,599.5460205078125,21.118938446044922,55.93232345581055,4.128746032714844,False
6.934310436248779,228.19447326660156,13901.64453125,6.045502662658691,281.5521240234375,403.215087890625,17.811901092529297,66.77933502197266,4.210975170135498,False
8.618654251098633,257.59588623046875,11595.3544921875,6.399933338165283,334.3690894024971,343.7400207519531,15.33116626739502,75.6874008178711,4.141341686248779,False
8.46096420288086,236.831787109375,13158.8486328125,5.478275775909424,334.44601134130136,547.9116821289062,16.74146270751953,74.25154113769531,4.728493690490723,False
4.004248142242432,210.4860076904297,32821.8515625,6.868438243865967,324.21465870737006,354.4395446777344,14.504057884216309,58.51408386230469,4.445946216583252,False
3.7620975971221924,196.02426147460938,45050.00390625,8.725582122802734,324.146240234375,493.2264709472656,8.662215232849121,85.1571273803711,4.986069202423096,False
3.795132875442505,178.43292236328125,27179.404296875,6.481019020080566,331.90700278064867,365.4916687011719,12.350038528442383,73.80957794189453,3.1850831508636475,False
5.660736083984375,232.74984741210938,16488.017578125,6.262932777404785,294.2103271484375,385.748046875,18.87594223022461,76.98265838623047,5.01618766784668,False
9.396148681640625,224.7539520263672,25825.38671875,7.391299247741699,301.61505126953125,503.793701171875,16.87692642211914,58.97405242919922,4.606058120727539,False
13.349888801574707,152.77645874023438,18464.900390625,6.717972755432129,334.86407470703125,450.84637451171875,17.192564010620117,85.8835220336914,2.5310747623443604,False
7.046735205009864,184.6884002685547,20857.908203125,6.462945938110352,322.6805725097656,395.7856140136719,18.44378662109375,66.2426986694336,3.776099681854248,False
7.817901134490967,221.08970642089844,13742.1455078125,6.373737335205078,287.698486328125,460.5992126464844,12.704827308654785,66.77760314941406,4.6226677894592285,False
7.318540704306954,220.8927001953125,7460.2470703125,4.987537384033203,344.5989975102411,320.3547668457031,13.114364624023438,40.61290740966797,4.266869068145752,False
1.431781530380249,228.13038635253906,12937.2470703125,6.214772701263428,319.734130859375,495.3798828125,12.033344268798828,61.141117095947266,4.948442459106445,False
6.970036506652832,182.8885955810547,32037.60546875,7.4127655029296875,376.9519348144531,325.7923889160156,14.351241111755371,70.05271911621094,4.275287628173828,False
10.851860046386719,166.741943359375,12887.193359375,7.701931953430176,343.9415852486809,589.6281127929688,15.786497116088867,66.52930499087995,4.345012664794922,False
6.58800745010376,244.94322204589844,23898.974609375,6.780936241149902,273.73663330078125,330.9148254394531,9.250627517700195,47.38874053955078,4.21645450592041,False
9.004352569580078,222.48977661132812,16544.828125,6.1240949630737305,334.96866656189513,411.1936340332031,16.036914825439453,67.2646713256836,3.527893543243408,False
7.116114263430427,161.57888793945312,11582.462890625,6.720473289489746,346.18962771034177,393.8377380371094,11.319488525390625,78.89851379394531,4.374332427978516,False
4.328282356262207,192.16632080078125,30592.548828125,7.425894260406494,327.3033752441406,543.7160034179688,11.186939239501953,72.56639862060547,3.7085258960723877,False
7.417823791503906,243.3046875,320.9425964355469,4.59867000579834,336.0979919433594,361.1017761230469,20.421472549438477,87.05257415771484,3.4708120822906494,False
3.261669874191284,190.9573516845703,28760.0078125,7.929539680480957,329.5165166098383,424.2127990722656,13.372625350952148,58.09555435180664,4.280669212341309,False
7.343074363702963,239.7579345703125,12318.404296875,6.407732963562012,259.12213134765625,481.97991943359375,14.669447898864746,78.8013687133789,4.742163181304932,False
7.928831100463867,231.25221252441406,17444.814453125,6.291798114776611,331.5437118644501,389.00567626953125,13.879724502563477,95.55305480957031,3.4135730266571045,False
7.975329875946045,165.71424865722656,17182.451171875,7.00219202041626,383.26666259765625,363.85357666015625,18.659303665161133,76.0327377319336,3.306128978729248,False
9.504158020019531,195.10923767089844,19946.265625,7.467684745788574,300.6795349121094,382.4729919433594,14.35936450958252,78.306884765625,4.34304141998291,False
5.158722400665283,119.09384155273438,33892.24609375,7.5721755027771,407.4768371582031,325.20257568359375,16.96398162841797,73.2248306274414,4.094605445861816,False
3.923473596572876,227.70553588867188,24200.353515625,7.000875473022461,329.35265707776756,292.3901672363281,19.39433479309082,61.78567886352539,4.582982540130615,False
7.224786624426944,193.4622039794922,13852.5322265625,7.145701885223389,358.9565734863281,480.3106994628906,10.256035804748535,66.49850301628291,3.6732394695281982,False
5.849778175354004,229.9366912841797,27435.306640625,6.574957370758057,277.03302001953125,596.4031982421875,14.908557891845703,67.64448547363281,3.6438159942626953,False
5.890870571136475,184.05575561523438,34920.0390625,7.401366710662842,343.7915954589844,281.5444641113281,14.72877311706543,62.6016845703125,4.370776653289795,False
5.963479042053223,223.03163146972656,24435.642578125,6.221292018890381,305.947021484375,284.4970397949219,15.188556671142578,40.142704010009766,3.727813243865967,False
6.106759548187256,211.45448303222656,39430.30859375,8.31689739227295,348.7767333984375,389.5914306640625,12.896953582763672,85.35804748535156,3.924967050552368,False
6.898932456970215,209.6364288330078,15422.220703125,6.884918212890625,293.56201171875,396.81121826171875,15.671717643737793,66.59733581542969,3.688455581665039,False
8.091812133789062,200.97329711914062,26472.69140625,6.725680351257324,331.527846229392,432.18994140625,13.79865550994873,32.667076110839844,4.370031356811523,False
7.611982345581055,190.6627960205078,9138.029296875,5.22425651550293,329.5806884765625,577.4447021484375,17.209367752075195,65.33324432373047,6.494748592376709,False
8.886979103088379,180.56396484375,26062.447265625,8.808963775634766,327.22357177734375,378.658935546875,17.6186580657959,48.475982666015625,4.731194972991943,False
6.532097339630127,163.396240234375,8240.8125,6.641543388366699,402.8368225097656,601.032958984375,17.896127700805664,55.02240753173828,4.5993242263793945,False
7.833980560302734,203.16940307617188,11174.2744140625,6.24650239944458,394.89080810546875,338.2311096191406,16.276592254638672,47.931640625,4.254477024078369,False
11.563169479370117,174.94285583496094,19359.4296875,6.495619297027588,332.4465026855469,366.31268310546875,17.529525756835938,38.43119812011719,5.107235908508301,False
6.782868385314941,196.18255615234375,25366.798828125,7.2003583908081055,312.4266052246094,435.0945739746094,12.118474960327148,76.34799194335938,5.46859073638916,False
8.288765907287598,211.45274353027344,11234.041015625,6.385510444641113,360.84332275390625,525.088623046875,15.098570823669434,63.0,3.5805234909057617,False
0.9755780100822449,221.20411682128906,31145.111328125,7.615583419799805,333.6778564453125,439.1127624511719,21.145954132080078,66.23015800741136,2.533996343612671,False
7.528980255126953,225.3409881591797,8129.73486328125,6.305472373962402,309.2312316894531,379.33929443359375,16.961944580078125,64.26578521728516,3.644409656524658,False
9.764657974243164,119.16400909423828,38781.45703125,9.33463191986084,380.2306213378906,512.3318481445312,14.967733383178711,59.19317626953125,3.024571180343628,False
10.191665649414062,211.56690979003906,13630.046875,6.524476528167725,297.049072265625,468.37139892578125,17.411746978759766,72.72057342529297,3.4034225940704346,False
2.9251742362976074,260.4580383300781,39233.09765625,7.670149326324463,303.4020690917969,403.2437438964844,11.309210777282715,69.23844146728516,3.6785881519317627,False
7.014176841154429,200.66192626953125,29513.8046875,7.966300010681152,347.5414123535156,476.20159912109375,19.950054168701172,66.2553309197449,3.0279464721679688,False
6.6577935218811035,205.54318237304688,18844.037109375,6.734228134155273,363.3979187011719,555.8990478515625,8.006965637207031,66.93478393554688,3.8689258098602295,False
7.005229949951172,219.9219970703125,26597.5859375,7.3510212898254395,333.5837097167969,379.59881591796875,13.284690856933594,98.96538543701172,3.5898656845092773,False
6.828094794681615,178.0804443359375,35044.37109375,7.7600274085998535,357.08282470703125,381.6451416015625,17.551382064819336,71.1111831665039,3.7616331577301025,False
6.227841854095459,183.30905151367188,38976.03515625,8.247332572937012,322.2553674248578,531.6307373046875,15.84784984588623,46.64358901977539,4.599573135375977,False
6.392760276794434,216.675537109375,19323.677734375,5.906405448913574,283.20550537109375,358.17449951171875,14.982645988464355,41.586605072021484,4.421528339385986,False
6.088022708892822,162.27835083007812,23567.1328125,7.698581695556641,372.8350830078125,387.97064208984375,13.663607597351074,75.26606750488281,4.173083305358887,False
3.9613890647888184,173.02964782714844,24028.40625,8.005631446838379,391.0022888183594,444.7942810058594,19.945280075073242,59.83454132080078,4.092966079711914,False
4.27515983581543,229.443115234375,26098.638671875,6.525202751159668,281.8968200683594,508.7920837402344,16.133203506469727,66.65419006347656,3.732856035232544,False
7.30190372467041,224.46780395507812,23565.177734375,7.554047584533691,280.1294860839844,487.33331298828125,8.524864196777344,68.94019317626953,3.430699110031128,False
10.893485069274902,177.73435974121094,25702.51953125,7.659830093383789,312.3993225097656,383.1995849609375,17.472108840942383,42.814571380615234,3.6349704265594482,False
6.798097610473633,198.1163787841797,35883.78125,7.05181360244751,322.42423888578816,470.4935302734375,10.888638496398926,58.47380447387695,3.571622610092163,False
11.496702194213867,195.98948669433594,14158.1572265625,7.23522424697876,311.965087890625,357.5226135253906,19.32172203063965,82.35001373291016,3.132253408432007,False
5.808238506317139,195.51451110839844,43110.50390625,7.368819236755371,281.9189147949219,325.83135986328125,15.047019004821777,51.29479217529297,4.819063663482666,False
7.0380697631619675,183.52110290527344,20461.251953125,7.333212375640869,333.1194763183594,356.3690185546875,20.17902946472168,67.01990509033203,4.88663387298584,False
5.679330348968506,182.145263671875,17909.115234375,7.538592338562012,337.2555586774001,546.8951416015625,15.219354629516602,81.55559539794922,3.2920711040496826,False
7.783305644989014,196.81594848632812,24789.35546875,6.548497676849365,331.0367736816406,372.7649841308594,12.066182136535645,14.343161582946777,5.045619487762451,False
6.316470623016357,187.03012084960938,32651.802734375,8.149177551269531,314.2083435058594,463.3412170410156,14.243420600891113,60.26918029785156,4.902735710144043,False
8.605374336242676,217.04312133789062,22970.95703125,7.409956932067871,332.7829807855114,264.699462890625,16.69294548034668,46.50165939331055,3.665323257446289,False
6.92323828945377,162.9785614013672,26281.296875,8.523670196533203,369.8626708984375,403.60003662109375,12.38824462890625,66.30255297720103,5.185641765594482,False
7.057552814483643,177.67430114746094,13129.1494140625,7.312352180480957,367.3285217285156,393.7405090332031,16.356321334838867,53.841796875,4.48640251159668,False
4.850104331970215,186.67617797851562,32808.30859375,7.496262550354004,293.7579345703125,392.70050048828125,10.630768775939941,85.1579818725586,3.885385513305664,False
6.93754750212469,202.6143798828125,31606.349609375,6.46458101272583,325.52358621008096,380.97467041015625,13.46044921875,67.05912017822266,4.775120735168457,False
4.560916423797607,165.7731170654297,22939.14453125,7.988232135772705,352.79351806640625,323.78326416015625,13.564149856567383,79.31658172607422,4.123621940612793,False
9.130827903747559,209.7430419921875,11643.6630859375,6.594682216644287,326.3945617675781,509.6617736816406,11.274065017700195,67.52828979492188,3.074134349822998,False
7.1209930909024886,185.1219940185547,16110.18359375,6.444435119628906,355.5673522949219,386.50860595703125,11.215654373168945,38.0415153503418,2.840893030166626,False
4.233558654785156,194.97503662109375,22185.763671875,7.116809368133545,377.8468933105469,355.8171081542969,14.859198570251465,62.01638412475586,3.515671968460083,False
5.571019649505615,189.7282257080078,26138.09765625,8.832761764526367,361.8555603027344,434.0512390136719,16.16693115234375,88.72737121582031,3.931306838989258,False
6.984085003490016,155.31756591796875,22911.615234375,8.315815925598145,409.58636474609375,424.7796630859375,16.293228149414062,84.89241790771484,4.825701713562012,False
8.527142524719238,217.394775390625,3413.08154296875,5.670027256011963,337.6310729980469,615.6111450195312,14.926751136779785,82.59014892578125,2.649423837661743,False
4.570854187011719,194.9679412841797,44260.19140625,8.030451774597168,315.1609693838718,460.779052734375,17.942184448242188,79.00827026367188,4.484186172485352,False
8.90373420715332,194.21627807617188,13319.49609375,5.566895961761475,323.42437744140625,317.3492431640625,17.130157470703125,61.42879104614258,4.365169525146484,False
9.459930419921875,222.8946533203125,14450.17578125,6.790914058685303,293.7463073730469,433.14501953125,9.069161415100098,67.90681457519531,3.322889804840088,False
6.040281772613525,139.7708740234375,20472.875,6.810977935791016,357.59326171875,488.2749328613281,15.882251739501953,53.2790412902832,5.761580467224121,False
7.014650310475103,171.16664123535156,20412.283203125,6.896317958831787,367.18951416015625,354.2703552246094,16.403175354003906,63.25790786743164,3.9789326190948486,False
4.663492202758789,170.9518280029297,41452.625,8.725765228271484,362.4154052734375,378.14898681640625,16.274051666259766,60.61875534057617,3.742293357849121,False
5.7263360023498535,191.75228881835938,35899.28125,8.066654205322266,378.77459716796875,307.987548828125,12.568720817565918,60.192352294921875,3.9122891426086426,False
10.933111190795898,162.42491149902344,18846.634765625,7.08526086807251,339.9732998837212,593.7257690429688,14.977232933044434,60.69057846069336,3.894988536834717,False
4.281522274017334,188.7835693359375,22330.466796875,6.957676410675049,325.16082763671875,306.6925048828125,16.274856567382812,82.59522247314453,4.371167182922363,False
7.948488235473633,197.59454345703125,23602.1875,7.098458290100098,331.90989089918355,394.7679748535156,14.876693725585938,78.97422790527344,3.8911242485046387,False
6.825646877288818,176.841064453125,12838.9140625,5.79242467880249,393.79864501953125,447.28912353515625,15.821346282958984,104.23094940185547,2.8044803142547607,False
7.28537130355835,169.14918518066406,17375.970703125,9.40468692779541,394.0924377441406,373.1902770996094,15.260509490966797,80.79598236083984,3.6944820880889893,False
5.984941005706787,180.7765655517578,33244.5546875,8.086517333984375,364.7063903808594,392.97100830078125,20.471817016601562,50.1416015625,3.488675355911255,False
5.368988513946533,250.66091918945312,15973.6865234375,6.4162983894348145,277.1519470214844,334.8199462890625,15.684362411499023,44.040382385253906,3.7378828525543213,False
4.016590118408203,255.61656188964844,28612.265625,7.340595245361328,290.690673828125,442.3851318359375,9.305732727050781,71.34213256835938,4.4171342849731445,False
7.40247255433689,254.12538146972656,9959.134765625,4.008584022521973,336.78432808532455,364.8062744140625,11.316645622253418,59.35322189331055,3.1705431938171387,False
7.719000816345215,196.0075225830078,13939.2939453125,6.935550689697266,345.6536560058594,423.2035217285156,16.8367862701416,89.3386459350586,2.8848187923431396,False
5.983731269836426,221.55738830566406,18438.82421875,6.654372215270996,316.77899169921875,443.5439453125,19.13637924194336,53.66182327270508,3.8493828773498535,False
7.732601642608643,166.98683166503906,18445.744140625,7.172851085662842,339.6749621305561,453.3856201171875,13.111401557922363,77.23212432861328,3.8549938201904297,False
8.847880363464355,190.7008514404297,11705.072265625,6.663396835327148,380.5924987792969,386.4641418457031,16.31910514831543,85.69364929199219,4.14345121383667,False
7.561832904815674,170.17515563964844,23254.009765625,7.583326816558838,328.70263671875,397.5879821777344,16.140317916870117,66.74678039550781,4.0321502685546875,False
8.758560180664062,174.7286834716797,25564.767578125,8.0702543258667,335.3256958736599,371.9151611328125,14.94369888305664,47.18556594848633,4.444375514984131,False
6.975086393562022,188.44546508789062,28791.615234375,8.040356636047363,382.0094909667969,422.23486328125,10.575690269470215,63.23536682128906,3.228379249572754,False
3.8329174518585205,218.72384643554688,23535.029296875,6.475401878356934,352.5058898925781,421.1834716796875,19.2735595703125,58.9036979675293,4.768660545349121,False
3.730128049850464,230.29945373535156,16892.896484375,6.997171401977539,323.5204772949219,456.90570068359375,10.342145919799805,47.09550476074219,4.943032264709473,False
5.801571369171143,201.89247131347656,15327.8798828125,6.860647201538086,328.9325866699219,281.08502197265625,19.812482833862305,55.39756393432617,4.425377368927002,False
3.678431749343872,187.4967041015625,23103.41015625,7.145144939422607,334.4223042623239,350.54046630859375,10.140068054199219,67.4561767578125,4.480108737945557,False
5.143587589263916,180.3826141357422,32740.564453125,7.988892555236816,328.43743896484375,389.2421569824219,13.943182945251465,66.21213519801682,3.0961644649505615,False
6.628256320953369,198.86573791503906,15911.357421875,7.5179057121276855,342.01593017578125,437.91864013671875,15.005742073059082,38.8459587097168,4.464457035064697,False
7.181552308452775,196.08355712890625,18592.083984375,7.245436191558838,321.81402587890625,552.8790283203125,15.664786338806152,81.08082580566406,4.762871742248535,False
3.1020755767822266,198.4886474609375,45148.80859375,7.821650505065918,324.6440734863281,427.2167663574219,15.530122756958008,54.57425308227539,4.248075485229492,False
4.497585296630859,193.93650817871094,27768.3828125,6.906347751617432,330.4306945800781,556.0328979492188,22.618412017822266,81.26581573486328,4.965738773345947,False
5.584124565124512,203.7564239501953,29999.986328125,7.213328838348389,310.6602783203125,366.5581359863281,14.183025360107422,65.88127136230469,3.852731943130493,False
7.243629121686228,205.0658721923828,16034.4541015625,7.136008262634277,397.46966552734375,459.2983703613281,19.637893676757812,70.0598373413086,4.8581647872924805,False
10.331273078918457,166.45977783203125,15824.822265625,6.396364688873291,361.15618896484375,376.10211181640625,13.844330787658691,52.05738067626953,2.673440933227539,False
9.1307954788208,200.0323486328125,28273.603515625,7.497526168823242,328.19906033982517,453.8735656738281,12.860513687133789,64.17849731445312,3.025707483291626,False
4.6188507080078125,199.31890869140625,27174.6875,7.218587875366211,371.0568542480469,312.2813720703125,14.040786743164062,66.27984961120207,4.322115898132324,False
6.931244373321533,207.58895874023438,24359.470703125,7.222004413604736,313.8197021484375,477.06298828125,16.495092391967773,75.04191589355469,4.8979573249816895,False
5.602158546447754,264.5735168457031,29860.275390625,7.014528274536133,320.0117365233716,530.2047729492188,16.030179977416992,29.850948333740234,4.0670485496521,False
7.520518779754639,228.56260681152344,22160.8203125,7.473798751831055,327.30115500546435,545.1466674804688,16.460634231567383,90.9449462890625,4.227766036987305,False
5.582469940185547,172.3315887451172,23512.837890625,8.011316299438477,364.4834289550781,452.0807800292969,16.472043991088867,95.045654296875,4.0481133460998535,False
7.9927496910095215,193.609130859375,14610.4130859375,7.2189040184021,332.46875,468.6029968261719,10.87706184387207,67.18134307861328,4.0629072189331055,False
8.210357666015625,210.22210693359375,22619.240234375,7.56798791885376,331.7974529135415,361.6143798828125,14.650189399719238,70.36804962158203,3.7166638374328613,False
9.901930809020996,206.74647521972656,13180.677734375,5.8788347244262695,339.1010683087317,426.5348205566406,14.321873664855957,75.40875244140625,4.226949691772461,False
7.177052730826221,191.25865173339844,14064.8994140625,7.036949157714844,361.1549377441406,399.8386535644531,10.845263481140137,35.58299255371094,3.732339382171631,False
9.405875205993652,149.3083038330078,27180.056640625,7.8673095703125,336.595736118708,398.8062438964844,17.36470603942871,57.9626350402832,4.033733367919922,False
9.587895393371582,195.8371124267578,11351.8623046875,6.267475605010986,366.4289245605469,323.79486083984375,13.068242073059082,37.35308074951172,4.666916847229004,False
4.63320255279541,208.9080352783203,29307.12890625,6.125585079193115,304.0317687988281,456.21484375,10.817157745361328,111.11531066894531,4.751858711242676,False
6.901111125946045,154.47409057617188,21103.302734375,7.928699970245361,376.0010681152344,450.2529602050781,14.643306732177734,71.32137298583984,3.6164982318878174,False
7.795557498931885,136.09068298339844,26484.515625,7.5553202629089355,426.5000305175781,471.4133605957031,14.54494857788086,51.49119567871094,3.6292521953582764,False
7.128476417628398,215.43191528320312,19909.939453125,6.902627944946289,299.08642578125,371.48291015625,10.766348838806152,85.26718139648438,4.592537879943848,False
6.795315040242151,214.8461456298828,49456.5859375,7.897539138793945,307.2476823876056,583.4488525390625,7.702328205108643,77.712890625,4.928840160369873,False
8.398261070251465,177.3472137451172,18003.2578125,7.390923976898193,339.5249010335035,498.3653869628906,10.351297378540039,55.715660095214844,2.6278624534606934,False
6.255149841308594,153.64048767089844,24316.1640625,8.21159553527832,367.34454345703125,295.04248046875,12.503660202026367,91.27079010009766,3.146482467651367,False
11.496858596801758,186.1252899169922,12253.3037109375,8.066980361938477,325.4093322753906,260.5317687988281,9.67408275604248,68.07392883300781,5.00519323348999,False
6.723048993829915,200.7172088623047,40581.48828125,6.75998067855835,263.87646484375,283.1719970703125,14.915325164794922,58.87946701049805,4.008443355560303,False
9.347344398498535,201.63284301757812,13749.595703125,7.333742141723633,322.044677734375,512.4462890625,12.43471622467041,43.827117919921875,3.6151511669158936,False
11.621140480041504,203.73036193847656,15102.2373046875,7.816414833068848,338.8470303785913,447.04522705078125,21.63238525390625,61.80180358886719,3.472067356109619,False
10.337671279907227,163.27622985839844,21820.294921875,7.8995208740234375,356.17962646484375,561.2062377929688,14.116323471069336,56.19306182861328,5.063108921051025,False
7.084538718443237,196.05174255371094,21919.470703125,6.730276584625244,359.70135498046875,401.7313232421875,14.219303131103516,77.60572814941406,3.9549643993377686,False
5.287982940673828,245.02346801757812,27733.712890625,7.135063648223877,238.84400939941406,464.0748596191406,13.452179908752441,55.642364501953125,3.3110339641571045,False
7.617524147033691,179.59619140625,30308.23046875,6.9526166915893555,329.42242431640625,355.425537109375,13.40075969696045,66.22359466552734,3.698317289352417,False
7.149124622344971,202.58253479003906,23158.388671875,6.067811965942383,302.00274658203125,301.9842529296875,17.622594833374023,42.29276657104492,3.7870333194732666,False
8.651390075683594,154.5469512939453,15901.28515625,6.510980129241943,419.21630859375,444.8435974121094,14.656725883483887,49.515174865722656,3.2664096355438232,False
5.290004253387451,174.73841857910156,28697.00390625,8.606789588928223,317.0164794921875,480.6803894042969,13.748302459716797,52.475868225097656,3.532322406768799,False
5.369584083557129,170.83518981933594,27199.642578125,8.065885543823242,376.0556335449219,401.8330383300781,14.08198070526123,81.74022674560547,3.3574843406677246,False
8.747271537780762,198.7122344970703,30348.244140625,7.324498176574707,325.8226841586906,333.6392822265625,13.866073608398438,94.7281265258789,4.764707565307617,False
8.04039192199707,200.6375732421875,12999.14453125,6.696355819702148,356.8700256347656,394.0177307128906,11.100406646728516,43.625911712646484,3.017796039581299,False
8.550427436828613,206.52256774902344,10453.0869140625,6.482009410858154,326.12548828125,347.8243408203125,13.997466087341309,42.29053497314453,4.90386962890625,False
7.739325523376465,207.7643280029297,30412.373046875,7.813966751098633,289.41363525390625,273.6971435546875,19.11338233947754,52.281105041503906,3.6457855701446533,False
7.104594707489014,201.6271209716797,18093.97265625,8.474123001098633,361.6291809082031,348.7329406738281,8.5824613571167,49.38268280029297,4.763058185577393,False
6.988206386566162,144.20953369140625,33357.515625,6.771944522857666,332.4147909887017,409.00677490234375,17.88033103942871,54.111785888671875,1.8996829986572266,False
7.869781970977783,184.066162109375,18608.65625,7.41103458404541,342.546157922682,364.5776062011719,17.580724716186523,0.7379999756813049,4.21957540512085,False
8.859696388244629,194.55648803710938,20231.517578125,6.51965856552124,332.3499450683594,476.2317199707031,17.889568328857422,52.9090690612793,4.575331211090088,False
7.397543907165527,184.84092712402344,19797.109375,8.42199993133545,387.1903076171875,428.414794921875,13.143444061279297,62.337974548339844,3.9471378326416016,False
5.174896240234375,205.51901245117188,12871.55078125,7.0995988845825195,365.68438720703125,501.1939392089844,20.558671951293945,77.12345886230469,3.445028066635132,False
6.90333025118065,184.21824645996094,32328.5390625,8.381231307983398,326.0337846420154,452.8902893066406,12.167905807495117,79.9378433227539,5.037492275238037,False
5.470981597900391,191.81304931640625,36435.79296875,7.369649410247803,323.1200256347656,383.8710632324219,15.88138198852539,52.76504898071289,3.844019889831543,False
6.7118144035339355,232.2064208984375,23936.275390625,6.6190876960754395,326.6340818467479,463.5102844238281,13.91187858581543,78.1908950805664,3.413646697998047,False
4.933105945587158,162.18438720703125,27771.080078125,7.757701396942139,317.9354248046875,493.3040771484375,14.26174259185791,77.14210510253906,1.4500000476837158,False
6.260891437530518,188.06179809570312,33809.2265625,8.141301155090332,341.498046875,522.3012084960938,14.467501640319824,47.05015563964844,4.397386074066162,False
7.6935553550720215,224.39303588867188,21856.14453125,7.041440486907959,275.27197265625,404.82391357421875,12.84896469116211,63.154903411865234,2.7506959438323975,False
5.622807025909424,194.46324157714844,16119.33984375,6.907987117767334,336.648193359375,408.4590759277344,16.364723205566406,76.63118743896484,3.9929568767547607,False
6.17488431930542,193.0279541015625,23006.2421875,8.098312377929688,340.25335693359375,297.11260986328125,13.47515869140625,78.32522583007812,3.623297691345215,False
5.039406776428223,194.4041748046875,19336.607421875,7.194765090942383,339.23211669921875,515.8071899414062,10.728669166564941,61.1295166015625,3.126955986022949,False
7.75693941116333,219.5762176513672,16478.072265625,6.950541019439697,334.7896563108569,362.74920654296875,13.054672241210938,82.10099792480469,3.8703389167785645,False
9.809996604919434,139.1186981201172,16819.423828125,7.791982173919678,361.0280456542969,438.17926025390625,10.95113754272461,34.537410736083984,5.538200378417969,False
8.479592323303223,200.76568603515625,14901.80859375,7.3795061111450195,339.43056794377407,485.0931701660156,16.806346893310547,53.13417053222656,4.22126579284668,False
8.862868309020996,181.6654052734375,17465.095703125,7.1317033767700195,356.4819030761719,529.0859985351562,15.430418014526367,60.60660171508789,5.758675575256348,False
6.155738830566406,166.2929229736328,30284.494140625,8.995896339416504,331.191082138656,351.6267395019531,17.404754638671875,75.3362045288086,3.6859757900238037,False
7.287286281585693,219.69512939453125,18085.501953125,6.010568618774414,277.3297119140625,406.5647888183594,16.13676643371582,53.67744827270508,3.504265069961548,False
9.06589412689209,164.6748046875,20260.404296875,7.588174819946289,304.5675354003906,408.9012756347656,10.178500175476074,84.72310638427734,4.299502372741699,False
9.314522743225098,203.34164428710938,23087.216796875,6.437070369720459,297.5667724609375,373.0441589355469,16.402772903442383,79.16345977783203,3.09294056892395,False
9.75993824005127,182.75079345703125,19945.369140625,6.719256401062012,336.94971686564475,343.5969543457031,19.863353729248047,85.70256042480469,5.3817458152771,False
7.985406398773193,200.13470458984375,17583.080078125,6.771728992462158,296.56982421875,377.5841979980469,10.289288520812988,66.8907470703125,4.7524518966674805,False
8.10835075378418,202.51019287109375,26730.193359375,8.395129203796387,323.9518127441406,368.4549865722656,17.33709144592285,66.30379972811042,4.753358364105225,False
8.243090629577637,214.53298950195312,29461.0234375,8.315129280090332,323.5154385603614,514.489990234375,16.30176544189453,90.0759048461914,3.5507168769836426,False
10.289380073547363,162.78025817871094,18869.212890625,6.906496524810791,344.1876220703125,585.6795654296875,18.857141494750977,74.29377746582031,3.500166893005371,False
3.989032030105591,216.07614135742188,40175.20703125,7.487422943115234,309.80078125,399.04718017578125,11.186738967895508,86.95746612548828,4.409414291381836,False
6.7479998025921235,209.5316925048828,44982.734375,8.89802360534668,314.19799458055985,349.3852233886719,15.653298377990723,66.01256731383629,3.8324787616729736,False
8.519639015197754,190.99496459960938,14578.9609375,6.602693557739258,340.4521255518508,498.5335693359375,11.316601753234863,57.18158721923828,3.4272513389587402,False
6.991089495420954,169.5474090576172,20004.734375,6.4376749992370605,340.827126637854,349.86505126953125,11.332517623901367,41.703765869140625,3.8820040225982666,False
7.140349919971097,223.37667846679688,20992.28125,7.7604079246521,340.3657531738281,332.4880065917969,18.085384368896484,61.016456604003906,4.647782325744629,False
4.495357513427734,234.19190979003906,14080.833984375,6.340682506561279,296.314208984375,382.4080810546875,17.353544235229492,59.00434875488281,4.962899684906006,False
7.181152064845006,193.0912628173828,17777.099609375,6.087949275970459,336.69942305107406,543.1149291992188,10.717588424682617,66.44723620637616,3.878664255142212,False
5.620533466339111,226.9878387451172,27852.09765625,6.52147102355957,309.22808837890625,414.0615539550781,16.932910919189453,78.43925476074219,3.4394757747650146,False
8.552993774414062,199.5997772216797,10452.724609375,6.587933540344238,345.06073013834737,316.25750732421875,23.042375564575195,45.25371551513672,3.1086738109588623,False
7.080894698897786,216.23797607421875,20886.787109375,7.3263702392578125,303.4986572265625,269.8175354003906,15.252779960632324,104.68255615234375,3.8603475093841553,False
10.209956169128418,148.37924194335938,18413.09765625,7.4079670906066895,390.6190185546875,410.56817626953125,15.10362434387207,89.17848205566406,4.112597942352295,False
7.0703435921045585,205.23362731933594,21829.2734375,6.677057266235352,331.6746520996094,338.5677490234375,15.566655158996582,56.608680725097656,2.5456314086914062,False
6.588208198547363,179.69915771484375,35263.61328125,7.445343017578125,323.74282017390294,527.4493408203125,16.149314880371094,81.50347137451172,3.9722559452056885,False
8.558388710021973,198.8888702392578,8535.4033203125,4.796665668487549,321.4034729003906,453.5711669921875,14.351624488830566,74.32620239257812,3.946227788925171,False
8.42690658569336,159.69024658203125,19576.53125,7.664375305175781,344.1451416015625,390.6908874511719,17.74703598022461,53.63150405883789,4.244513988494873,False
7.207538604736328,174.80516052246094,15796.3994140625,6.954041481018066,341.04745435006356,555.59619140625,14.171164512634277,60.53126907348633,4.295189380645752,False
10.227689743041992,225.9191131591797,9546.12890625,5.899676322937012,313.9873352050781,372.5327453613281,15.28429126739502,61.2580451965332,4.786329746246338,False
11.390542984008789,145.34193420410156,16175.2216796875,6.613864898681641,344.0360314796725,553.4889526367188,12.09118938446045,69.7362289428711,2.2773585319519043,False
7.314864259036427,199.38308715820312,5576.62841796875,4.998843669891357,341.0883483886719,388.2492980957031,10.74515438079834,50.747474670410156,3.216413974761963,False
6.580043315887451,220.57546997070312,27668.486328125,6.198069095611572,326.3992985582701,474.627685546875,11.470226287841797,53.50804138183594,4.756446361541748,False
10.817831039428711,141.48838806152344,23989.990234375,7.962066650390625,389.39288330078125,361.6320495605469,14.90872573852539,57.164554595947266,3.590841054916382,False
5.093675136566162,251.31378173828125,30245.95703125,6.71882963180542,267.0260925292969,271.6307373046875,14.882428169250488,70.77841186523438,4.5525712966918945,False
5.264283657073975,142.5341339111328,25556.052734375,6.600787162780762,416.2627868652344,443.75921630859375,7.491362571716309,72.87984466552734,5.1002397537231445,False
7.971298694610596,151.03292846679688,29827.794921875,7.662153720855713,405.82989501953125,376.9122009277344,19.382740020751953,78.1601333618164,2.4391400814056396,False
8.350351333618164,239.81600952148438,17177.7890625,6.108947277069092,272.8447265625,294.8760681152344,10.603466987609863,62.85274887084961,3.507227659225464,False
7.0605862356294935,184.61485290527344,22289.7265625,7.167404651641846,392.4621887207031,409.4909973144531,12.215588569641113,63.90425491333008,3.35176682472229,False
4.032060623168945,200.06797790527344,14720.544921875,6.482678413391113,337.96373468367705,519.21337890625,16.60077667236328,77.29393768310547,4.814235210418701,False
2.1285314559936523,192.69642639160156,24905.28515625,7.757769584655762,383.5198974609375,473.5500793457031,14.286493301391602,56.34783172607422,3.842109441757202,False
9.842056274414062,217.8967742919922,6785.1455078125,6.028898239135742,333.07354736328125,432.3323974609375,12.365537643432617,45.82200241088867,4.179197788238525,False
7.664628028869629,150.66720581054688,33918.0390625,8.746294975280762,406.4761047363281,436.33563232421875,15.21692943572998,66.17315149041491,3.4874069690704346,False
7.128513888163611,233.99317932128906,27197.302734375,7.297452449798584,301.8487854003906,490.7662048339844,16.02277946472168,58.52466583251953,3.1983437538146973,False
7.260319709777832,194.24774169921875,8127.0712890625,6.674031734466553,394.55584716796875,312.3490295410156,16.005022048950195,65.02396392822266,4.282314777374268,False
9.53787899017334,200.55751037597656,20044.20703125,7.0786895751953125,303.9193420410156,335.5548095703125,16.636173248291016,71.30902099609375,3.0245566368103027,False
1.98538339138031,216.4800262451172,23039.328125,6.769267559051514,344.0142517089844,341.078369140625,11.498236656188965,78.73344421386719,3.92309308052063,False
7.248991012573242,184.07102966308594,33123.44140625,7.186173439025879,322.36566162109375,345.3565673828125,15.16413402557373,68.84754180908203,4.255979537963867,False
6.9682087898254395,178.21731567382812,39995.1875,8.930688858032227,337.06494140625,393.6769714355469,14.24337387084961,75.37574005126953,3.632643938064575,False
6.150553226470947,212.8193817138672,15017.7470703125,5.544435501098633,319.4949645996094,279.4470520019531,12.850505828857422,75.02879333496094,4.810537338256836,False
6.300755500793457,179.45278930664062,25668.19921875,8.931530952453613,341.4930114746094,458.8354187011719,14.062955856323242,66.32067509819355,5.708111763000488,False
6.920799732208252,218.09861755371094,13477.3818359375,5.659837245941162,338.9306070046639,302.4123840332031,11.054577827453613,61.933780670166016,4.915733337402344,False
6.4818902015686035,179.91970825195312,34698.62109375,8.538491249084473,338.0123291015625,504.39715576171875,16.409364700317383,59.95481491088867,5.0023603439331055,False
7.171786991157169,208.93145751953125,16429.908203125,5.873277187347412,310.9856262207031,364.91949462890625,17.801565170288086,107.30634307861328,4.4549641609191895,False
7.309596538543701,193.47259521484375,19343.150390625,7.664060592651367,306.6854553222656,426.5619201660156,12.844365119934082,111.59545135498047,4.0482025146484375,False
5.967274188995361,187.0850830078125,30846.5859375,7.2811055183410645,339.063720703125,323.96270751953125,12.651853561401367,72.27359008789062,3.914543628692627,False
8.631270408630371,164.3711700439453,14880.6513671875,7.278263092041016,350.9515686035156,444.1081237792969,16.857458114624023,58.1778678894043,3.640944004058838,False
9.172624588012695,165.6875457763672,11319.1064453125,6.618852615356445,372.5547180175781,420.4291076660156,13.353259086608887,72.97405242919922,3.6863951683044434,False
6.931223537830461,156.77317810058594,23084.06640625,7.269794940948486,334.9560852050781,378.2538757324219,19.247140884399414,81.5715560913086,5.564901351928711,False
3.3376290798187256,216.257080078125,42310.828125,8.13066291809082,316.1394268764233,352.2640686035156,14.029672622680664,52.76095962524414,3.300191879272461,False
11.449739456176758,186.65264892578125,12355.34375,7.065576076507568,321.8315124511719,503.964111328125,16.282371520996094,77.15217590332031,5.166903495788574,False
6.283679008483887,205.37661743164062,19905.4375,7.078344345092773,284.2060241699219,471.9040222167969,18.02716064453125,64.36260986328125,4.480771541595459,False
7.03458958417228,192.4078826904297,25460.30078125,8.231474876403809,331.8187618900651,465.8839416503906,16.65729331970215,58.36012649536133,3.543696403503418,False
8.761768341064453,212.4269561767578,14168.9248046875,6.385732650756836,337.92664007326,488.59954833984375,12.601800918579102,60.2370719909668,4.673547744750977,False
6.616730690002441,195.0969696044922,34277.76171875,7.632638454437256,325.193765854361,417.465087890625,13.432557106018066,47.9459342956543,3.6223793029785156,False
7.734569072723389,230.9195098876953,21776.59375,6.908590793609619,328.2483322030966,395.1149597167969,15.033556938171387,92.69737243652344,3.821455955505371,False
6.971577167510986,185.9069366455078,27959.98828125,7.214510440826416,349.7438659667969,414.0673522949219,19.882917404174805,36.17900466918945,3.226348400115967,False
4.709186553955078,179.14102172851562,22291.41796875,6.774276256561279,407.41796875,371.26483154296875,18.186800003051758,86.52862548828125,3.860084056854248,False
5.230003356933594,176.71401977539062,27971.892578125,7.597980499267578,413.91400146484375,440.3553771972656,14.423614501953125,72.83737182617188,3.045612096786499,False
5.2741851806640625,227.34017944335938,17605.53515625,6.326979637145996,358.58990478515625,489.4346008300781,11.199191093444824,66.43462232099787,4.364426612854004,True
8.433443069458008,224.85609436035156,12833.4609375,6.179495811462402,327.53326416015625,411.8499450683594,17.40042495727539,72.91730499267578,3.8247342109680176,True
6.84786319732666,234.94219970703125,24456.17578125,5.596240520477295,334.873046875,337.5731506347656,9.515292167663574,77.29730224609375,4.9211955070495605,True
7.263545036315918,160.4430694580078,16129.70703125,8.09101390838623,328.4471740722656,478.51507568359375,12.814835548400879,43.59230041503906,3.9505298137664795,True
6.733266830444336,191.30563354492188,6193.33056640625,7.739770889282227,345.6270099568512,424.66680908203125,20.811342239379883,98.36782836914062,3.7656936645507812,True
7.221896802207692,258.447265625,25498.330078125,4.92216682434082,341.0395812988281,425.7970275878906,18.993663787841797,67.40067291259766,3.691946506500244,True
7.371937937415727,232.9432373046875,8729.0966796875,5.885992050170898,339.6018278704857,400.5176696777344,8.772738456726074,69.72391510009766,3.3997256755828857,True
7.777665138244629,233.76158142089844,16780.115234375,6.123297691345215,323.5380554199219,520.2850952148438,17.794740676879883,60.34389114379883,4.683334827423096,True
6.103731155395508,184.3286895751953,17977.525390625,7.275530815124512,339.52346971344383,334.9497375488281,7.655381202697754,59.000667572021484,3.3830490112304688,True
6.665774345397949,155.70968627929688,30610.048828125,8.172548294067383,337.17376708984375,425.69195556640625,15.101532936096191,79.78046417236328,4.903553009033203,True
7.294926692538944,215.94068908691406,10171.7099609375,6.622284412384033,340.2004730702032,378.3175354003906,13.190817832946777,82.78535461425781,3.7577991485595703,True
4.959852695465088,215.85487365722656,9887.8310546875,6.954230785369873,379.5047302246094,527.4796752929688,14.326638221740723,52.388851165771484,3.455044746398926,True
6.397904872894287,249.96923828125,22057.052734375,4.892716884613037,375.4944763183594,334.2698669433594,14.150362968444824,97.03045654296875,3.958543539047241,True
8.140344619750977,153.7481689453125,50793.8984375,7.8434977531433105,306.2189636230469,423.4559020996094,14.32201862335205,65.07660675048828,4.362792015075684,True
6.850625514984131,232.9311981201172,15338.0615234375,6.142618179321289,333.60801805232285,438.3473205566406,18.148595809936523,81.5516128540039,2.5938336849212646,True
6.714776992797852,185.9093017578125,34558.40234375,6.5548577308654785,360.50823974609375,303.96820068359375,10.226469993591309,50.214012145996094,4.684853553771973,True
4.3371195793151855,207.36190795898438,34355.6171875,6.809153079986572,374.0727844238281,530.069580078125,12.622032165527344,44.75035858154297,4.40163516998291,True
8.433290481567383,161.19528198242188,15904.2431640625,8.423766136169434,300.1189880371094,479.99591064453125,15.303754806518555,71.47850036621094,3.631542921066284,True
7.27421236038208,197.66094970703125,27198.431640625,7.797840118408203,304.8499755859375,300.0198974609375,14.611599922180176,66.60889434814453,4.710256099700928,True
6.5791850090026855,186.9868621826172,16700.03515625,6.454924583435059,379.04071044921875,405.27691650390625,14.9960298538208,62.152313232421875,3.813556432723999,True
7.224754798557875,240.61151123046875,20006.228515625,4.907299518585205,379.75860595703125,327.3055725097656,13.28583812713623,83.18441772460938,3.453125476837158,True
8.651022911071777,188.71163940429688,13207.861328125,6.8346734046936035,335.2447814941406,399.6910705566406,10.689364433288574,43.953311920166016,3.6442790031433105,True
8.357612609863281,163.09825134277344,34989.046875,7.6969428062438965,317.3016662597656,404.49261474609375,8.271882057189941,67.59815979003906,4.366242408752441,True
7.125385376236665,242.8275909423828,29298.07421875,5.853839874267578,340.3486328125,463.11517333984375,5.426650047302246,66.25435047005382,3.5225861072540283,True
6.658741474151611,216.564697265625,25172.5859375,6.785520553588867,330.5175476074219,620.448974609375,19.095090866088867,82.24409484863281,3.4009876251220703,True
10.503786087036133,125.97518157958984,38605.33203125,8.710552215576172,328.5313933858161,674.4434814453125,9.71422004699707,51.69789505004883,5.370457649230957,True
6.3323869705200195,186.83802795410156,23073.064453125,8.082003593444824,326.98046875,233.907958984375,9.641441345214844,60.94002914428711,5.15900182723999,True
7.074604183923205,214.59368896484375,22038.51171875,6.19962739944458,294.24139404296875,332.4725341796875,18.469528198242188,46.046287536621094,4.238535404205322,True
6.7304277420043945,183.91529846191406,9258.7666015625,8.005172729492188,345.07196044921875,320.6678771972656,12.066807746887207,56.43748474121094,3.961941957473755,True
8.297782897949219,183.61412048339844,20316.42578125,7.108809471130371,322.0958557128906,295.6539611816406,13.503196716308594,62.230133056640625,4.23922061920166,True
6.259267330169678,130.374267578125,9734.6767578125,10.282328605651855,320.3597717285156,399.3507080078125,10.846787452697754,43.420196533203125,3.9321420192718506,True
8.076126098632812,132.67030334472656,10816.2734375,9.513269424438477,314.9704895019531,479.7589111328125,14.685851097106934,72.6383056640625,4.291355133056641,True
5.73104190826416,223.70497131347656,1351.906982421875,6.49672269821167,380.5140686035156,620.3046264648438,14.672926902770996,62.02362823486328,3.675806999206543,True
6.563356399536133,241.28631591796875,56320.5859375,5.365557670593262,300.0030694742543,415.8172302246094,11.651928901672363,70.63764953613281,5.29295015335083,True
5.303764343261719,231.01878356933594,6675.68212890625,6.100064277648926,388.8020324707031,465.8305358886719,14.531245231628418,77.66802215576172,4.0245208740234375,True
7.647871494293213,160.77435302734375,29000.58984375,7.217409133911133,332.6593464308827,438.80096435546875,13.182500839233398,67.09996795654297,3.0786726474761963,True
6.7377343907819816,139.16973876953125,33784.828125,9.640520095825195,275.33197021484375,499.4281311035156,13.664484977722168,70.36836242675781,4.678745269775391,True
7.951451301574707,185.42172241210938,6108.7958984375,7.117858409881592,344.7956848144531,283.8772888183594,18.904399871826172,85.79975891113281,3.8868823051452637,True
8.832141876220703,176.80865478515625,12171.0244140625,7.475336074829102,321.25762939453125,395.3873291015625,12.481551170349121,65.8671875,3.9145119190216064,True
8.250829696655273,184.3851318359375,21616.634765625,7.166733741760254,305.17742919921875,412.9471130371094,13.791337013244629,71.79912567138672,2.604707956314087,True
5.860574245452881,240.88714599609375,18321.9921875,6.046385288238525,351.0498046875,491.87542724609375,8.99722671508789,44.61566162109375,4.277241230010986,True
8.182103157043457,186.67050170898438,19642.39453125,7.71513557434082,337.9638747623856,370.3213806152344,11.521596908569336,55.49388122558594,4.60523796081543,True
7.8895792961120605,153.56973266601562,41210.66796875,8.45763874053955,294.26007080078125,354.4826965332031,11.292574882507324,67.35476684570312,3.2273600101470947,True
8.713482856750488,169.57852172851562,23838.81640625,8.162687301635742,335.6298978801339,478.9830322265625,14.520903587341309,63.94527053833008,2.9221949577331543,True
6.185925006866455,236.0347900390625,1198.9437255859375,6.14003324508667,374.09539794921875,436.2362060546875,11.09381103515625,99.77507781982422,4.090264320373535,True
9.07971477508545,222.04263305664062,53735.8984375,6.894915580749512,254.0409698486328,382.89617919921875,12.704886436462402,101.61534881591797,4.551724433898926,True
8.379512786865234,164.1681671142578,24409.09765625,8.199017524719238,336.4281370543924,430.2389221191406,19.3499813079834,63.1052360534668,3.7498180866241455,True
9.221955299377441,151.454833984375,26502.595703125,8.097193717956543,294.1927490234375,541.6014404296875,13.951753616333008,39.57240676879883,4.294251918792725,True
9.370697021484375,157.7193603515625,15106.30859375,7.762861728668213,316.3919677734375,424.9156799316406,15.645998001098633,108.21398162841797,4.380796909332275,True
7.487573146820068,149.76873779296875,28837.330078125,8.56097412109375,333.97418813704996,531.1809692382812,9.53653621673584,57.9494743347168,1.8013269901275635,True
6.028348922729492,225.67486572265625,12145.544921875,6.126269817352295,365.9617004394531,503.1121520996094,15.651888847351074,73.40058135986328,3.1420838832855225,True
6.283318519592285,228.52484130859375,11601.642578125,6.322219371795654,336.75843789104357,414.7844543457031,11.679676055908203,88.34593963623047,4.153989791870117,True
5.666446208953857,142.14781188964844,24383.7421875,9.989551544189453,320.2642822265625,511.9540100097656,23.604297637939453,77.03048706054688,3.8368232250213623,True
6.98530387878418,219.58644104003906,16470.953125,6.445512771606445,339.0539855957031,492.90301513671875,15.804449081420898,70.6006851196289,3.081799030303955,True
7.2733683586120605,175.01507568359375,14206.357421875,7.839066505432129,337.6445617675781,322.4906921386719,18.10784149169922,58.18170928955078,4.196421146392822,True
7.449659824371338,193.04208374023438,32251.359375,6.086599349975586,337.1350402832031,572.80615234375,18.060298919677734,57.401336669921875,4.370404243469238,True
7.618119716644287,202.7154998779297,44539.73828125,5.816215991973877,338.070068359375,459.07843017578125,13.351652145385742,73.60192108154297,3.7696995735168457,True
6.698153972625732,198.28627014160156,34675.86328125,6.263601779937744,360.23284912109375,430.93499755859375,12.176678657531738,66.16930666060401,3.7581796646118164,True
7.027297019958496,185.8386688232422,31151.615234375,7.625545024871826,327.22174072265625,398.70501708984375,19.461463928222656,80.69356536865234,3.3926663398742676,True
8.610962867736816,125.15876770019531,32079.775390625,9.844921112060547,264.0528259277344,342.20526123046875,12.947376251220703,53.95026779174805,4.614400386810303,True
7.423585891723633,180.45387268066406,34451.984375,7.9306511878967285,303.7901306152344,429.8599853515625,7.665923595428467,66.70047760009766,3.3653974533081055,True
5.456680774688721,219.51988220214844,20967.83984375,6.8267822265625,355.0828857421875,312.01983642578125,14.029285430908203,57.852508544921875,3.7994725704193115,True
9.612898826599121,94.90897369384766,16598.578125,9.143046379089355,311.296142578125,535.69873046875,12.312031745910645,67.42695617675781,4.016409397125244,True
8.246919631958008,119.02821350097656,7747.5771484375,9.124225616455078,353.9101911930371,579.2476806640625,13.001228332519531,72.8037338256836,4.096619606018066,True
6.64117431640625,191.91690063476562,10220.7119140625,6.6750807762146,380.36358642578125,421.4173583984375,12.243252754211426,65.17992401123047,3.1547012329101562,True
6.646067142486572,197.22206115722656,16863.439453125,6.793929100036621,338.5741754942937,505.2959289550781,16.712366104125977,45.66041946411133,3.053983211517334,True
7.164478302001953,213.00244140625,32751.9296875,6.292148113250732,322.93198748532984,490.9331359863281,12.68376636505127,58.25261306762695,4.998203277587891,True
8.28507137298584,151.5737762451172,14402.7265625,9.050080299377441,303.08184814453125,322.5218200683594,13.652652740478516,114.03494262695312,4.274661540985107,True
6.110022068023682,234.80096435546875,16663.5390625,5.984536170959473,348.0552062988281,437.8921203613281,10.05952262878418,66.45040913518146,2.8177804946899414,True
8.31666374206543,110.90359497070312,24814.486328125,9.4895658493042,341.66164942621725,480.4723205566406,14.271246910095215,77.85449981689453,2.6957995891571045,True
7.177035429992928,184.9936981201172,14875.9560546875,7.4982099533081055,367.32659912109375,435.6029968261719,19.839906692504883,75.19947814941406,1.9223768711090088,True
9.004680633544922,173.7393341064453,28311.291015625,8.475083351135254,332.5603246636837,531.5214233398438,12.838812828063965,37.76479721069336,3.775014877319336,True
6.886512756347656,211.4544219970703,35018.32421875,6.067596912384033,322.5104248555392,549.9970703125,8.445127487182617,27.66317367553711,3.5997564792633057,True
9.293622016906738,193.0617218017578,50166.53515625,6.301884174346924,310.11417751271773,365.439208984375,14.22591781616211,98.62545776367188,3.661882162094116,True
6.98519229888916,133.43212890625,21944.642578125,8.577654838562012,341.2398986816406,536.2771606445312,16.176687240600586,91.70881652832031,4.246201515197754,True
5.0941643714904785,223.16712951660156,22957.654296875,6.977420806884766,350.1012878417969,476.6245422363281,13.034637451171875,78.07592010498047,4.710936546325684,True
6.150034427642822,188.41305541992188,8406.7236328125,7.74471378326416,358.59173583984375,449.35882568359375,13.220294952392578,52.95663070678711,3.4444425106048584,True
6.189699172973633,224.43295288085938,15229.703125,5.879183769226074,366.5011291503906,649.8057861328125,10.257514953613281,71.78095245361328,3.027371406555176,True
7.497987747192383,185.81028747558594,30927.39453125,7.579377174377441,327.28807247089253,476.38714599609375,15.124286651611328,72.92842102050781,5.7389912605285645,True
6.965280055999756,162.69944763183594,24312.037109375,9.129755020141602,307.75921630859375,490.8155212402344,15.512059211730957,102.69586944580078,3.969318389892578,True
5.412119388580322,272.5146789550781,2835.30322265625,5.778010368347168,339.9542786022631,347.8044128417969,15.307745933532715,66.6614761352539,5.680346488952637,True
7.503085613250732,186.7133331298828,32000.1796875,7.6417765617370605,315.9741516113281,473.5316162109375,12.0491304397583,43.28047561645508,4.305513858795166,True
7.045040438496833,209.14999389648438,27030.755859375,6.093750476837158,350.0603332519531,407.91064453125,11.04694652557373,81.75785064697266,3.9931256771087646,True
8.581043243408203,153.70909118652344,19970.43359375,7.66168737411499,312.8851318359375,520.808349609375,14.781584739685059,74.12779235839844,2.883145332336426,True
5.530055046081543,207.9982147216797,38918.77734375,6.543134689331055,360.0707092285156,427.664306640625,18.813079833984375,61.21498107910156,3.32747220993042,True
8.743958473205566,197.74932861328125,40843.6171875,6.368862152099609,310.67718505859375,326.2533264160156,12.503203392028809,66.42188262939453,4.118973255157471,True
9.052383422851562,120.021728515625,22203.486328125,9.368339538574219,285.2335205078125,372.2752380371094,14.538445472717285,64.1324234008789,4.259719371795654,True
8.077260971069336,125.30271911621094,23931.283203125,8.773161888122559,317.6933288574219,398.32879638671875,15.279582977294922,62.668357849121094,4.279871463775635,True
6.682097434997559,228.30319213867188,7705.298828125,5.94735050201416,363.5369873046875,254.39230346679688,13.140439987182617,64.78395080566406,3.449829578399658,True
4.731319904327393,230.93869018554688,15517.3916015625,6.6147050857543945,335.0528589395798,384.8067321777344,16.620933532714844,64.03826141357422,5.457892417907715,True
9.241419792175293,127.9188232421875,39566.75390625,8.860817909240723,281.9956359863281,487.33917236328125,9.534499168395996,65.51667022705078,4.718851089477539,True
5.628313064575195,192.3407440185547,22856.7421875,7.764692783355713,343.0395202636719,439.05474853515625,15.199905395507812,50.229942321777344,4.061644554138184,True
4.857802391052246,222.39999389648438,15668.2734375,7.900790214538574,320.39453125,417.8040771484375,15.530563354492188,84.22877502441406,3.9665708541870117,True
8.430471420288086,195.71730041503906,35254.02734375,6.703538417816162,314.72784423828125,282.59991455078125,12.26917839050293,46.48794937133789,3.253920316696167,True
6.81760835647583,219.33743286132812,27548.61328125,6.298121452331543,340.9376220703125,530.7100219726562,19.486791610717773,68.56879425048828,3.0482921600341797,True
5.913755416870117,175.32606506347656,12044.625,8.368785858154297,347.88037109375,380.9671630859375,12.530826568603516,65.19405364990234,4.023776054382324,True
7.227806063576794,257.2354431152344,28149.052734375,5.994555950164795,336.06243896484375,551.85009765625,14.252898216247559,68.4038314819336,2.6740400791168213,True
5.500276565551758,263.68316650390625,19911.224609375,4.755311965942383,366.9427490234375,435.8656921386719,12.761184692382812,51.43989562988281,5.147535800933838,True
5.608623027801514,271.8822326660156,43680.22265625,4.15733528137207,366.8665466308594,450.89605712890625,16.442752838134766,61.24976348876953,3.77750825881958,True
5.6092352867126465,216.1226806640625,14825.9345703125,7.001788139343262,355.211669921875,330.0926818847656,9.779518127441406,41.249977111816406,3.224675416946411,True
6.709435898689585,98.36791229248047,28415.576171875,10.558950424194336,296.84320068359375,505.2402648925781,12.882614135742188,85.3299560546875,4.119087219238281,True
5.8598222732543945,287.9755554199219,3640.734375,4.072626113891602,391.6973876953125,447.1218566894531,6.363174915313721,49.15528869628906,3.4266340732574463,True
6.417716026306152,209.70242309570312,31974.482421875,7.263425350189209,321.3821105957031,289.4501037597656,11.369071006774902,66.21921005315252,4.2103271484375,True
6.170526027679443,193.33551025390625,16206.2197265625,7.123966693878174,337.8592585615479,528.0960693359375,20.532278060913086,75.06770324707031,3.652207612991333,True
4.034063339233398,303.70263671875,33219.07421875,4.4255595207214355,309.9051766346174,494.3208923339844,13.415230751037598,72.01264190673828,5.024742126464844,True
4.979468822479248,240.8134765625,24167.84375,5.593830585479736,326.4423160871099,398.0289611816406,6.091226577758789,62.41952896118164,3.439021587371826,True
8.097454071044922,218.992431640625,18112.28515625,6.1969475746154785,334.88181308157345,376.5697937011719,17.74626350402832,59.909942626953125,4.279082298278809,True
6.992695003924548,198.2187042236328,31081.734375,7.419106483459473,324.4113350742228,517.9259643554688,11.711419105529785,85.42878723144531,3.345543384552002,True
8.468741416931152,132.45648193359375,21038.443359375,8.001378059387207,345.000732421875,360.5755920410156,10.742959976196289,64.5089340209961,2.87699556350708,True
7.870853424072266,210.62782287597656,51731.8203125,6.190963268280029,306.18060933402404,533.291259765625,15.029898643493652,84.3350601196289,4.221613883972168,True
7.679594993591309,200.0729217529297,32000.84375,7.633725166320801,290.7403259277344,583.6083984375,16.84450912475586,39.36705780029297,3.29752516746521,True
7.226592540740967,207.8322296142578,22097.4140625,5.862717151641846,354.7083740234375,353.654052734375,10.401056289672852,66.86414337158203,4.337116718292236,True
7.252898744834292,203.2046661376953,10643.1865234375,6.828936576843262,342.0988060071422,384.59771728515625,16.011327743530273,72.91157531738281,3.0659103393554688,True
8.659112930297852,114.80757904052734,23514.63671875,8.735315322875977,333.0271911621094,318.64068603515625,16.5590763092041,52.86637496948242,2.8957743644714355,True
7.09759264865432,225.7541046142578,28194.453125,5.892829895019531,366.2015686035156,418.27288818359375,17.30683135986328,103.91254425048828,3.8558950424194336,True
6.360195636749268,198.9114532470703,13742.1396484375,7.441486358642578,338.4095764160156,423.6256408691406,11.915900230407715,57.71315002441406,2.7132484912872314,True
10.485603332519531,136.57737731933594,32872.37890625,8.399435043334961,276.9218444824219,416.18853759765625,18.884624481201172,60.07841110229492,4.6692399978637695,True
6.603416442871094,190.83731079101562,19468.791015625,6.375631809234619,380.7319030761719,456.3154602050781,5.934588432312012,83.559326171875,4.270816802978516,True
5.71332311630249,196.24571228027344,11356.580078125,8.027819633483887,347.58758544921875,300.1251220703125,18.430084228515625,44.8603515625,4.571127891540527,True
4.767472267150879,256.4499206542969,48007.8671875,5.77318000793457,305.1067680024136,590.4295654296875,16.541561126708984,44.9385871887207,3.8933777809143066,True
9.609834671020508,227.366943359375,22690.044921875,5.385439872741699,314.3174743652344,394.7315673828125,16.98835563659668,75.33969116210938,4.3083577156066895,True
9.186453819274902,169.11981201171875,27055.6953125,7.442479610443115,333.5955934588428,498.63531494140625,10.247444152832031,50.401161193847656,3.4538614749908447,True
9.960689544677734,169.9252471923828,15835.123046875,7.143906593322754,301.7772521972656,388.89715576171875,13.563992500305176,71.59386444091797,3.4345383644104004,True
6.102306842803955,205.99903869628906,23406.859375,8.061863899230957,331.6567902484784,380.30499267578125,15.49239730834961,69.1108169555664,4.280766487121582,True
6.792654991149902,241.72445678710938,9094.3134765625,6.435809135437012,338.52117919921875,361.1075439453125,14.502464294433594,45.428096771240234,1.9177544116973877,True
5.910539627075195,241.1407470703125,25721.833984375,4.806758880615234,385.8874816894531,462.6125183105469,14.316821098327637,60.59035873413086,4.007508277893066,True
6.125810146331787,241.4435272216797,8810.8955078125,5.740321159362793,369.022705078125,367.96795654296875,16.81650733947754,47.66172790527344,4.953057765960693,True
5.836104393005371,277.0657043457031,17711.48828125,3.4581916332244873,400.1676025390625,456.73284912109375,17.55229377746582,72.05986785888672,3.7389907836914062,True
7.072676998208093,188.53660583496094,24711.4140625,7.129520416259766,332.41179913560563,555.5485229492188,16.95926856994629,56.038700103759766,4.331690788269043,True
10.667364120483398,173.38194274902344,28912.203125,7.07129430770874,276.6343994140625,286.0633850097656,17.685651779174805,55.147361755371094,4.135569095611572,True
8.628300666809082,185.92672729492188,31548.005859375,7.07946252822876,328.4802378747648,342.3556823730469,18.248367309570312,62.18868637084961,5.100857734680176,True
6.260111331939697,211.5941162109375,18577.623046875,7.154890537261963,340.7925720214844,357.098388671875,7.9922099113464355,82.3653793334961,5.4036149978637695,True
10.808156967163086,198.5967559814453,29614.349609375,5.7824177742004395,304.6220703125,383.2694091796875,14.902820587158203,47.89640808105469,4.362542152404785,True
7.371914386749268,148.19369506835938,42059.37890625,7.966710567474365,324.5462646484375,544.8484497070312,17.16650390625,62.677757263183594,4.3389573097229,True
4.825591564178467,234.78390502929688,11142.392578125,6.442769527435303,370.4168395996094,370.1889343261719,13.046354293823242,46.31599044799805,3.463097095489502,True
4.8688273429870605,258.678955078125,13400.3857421875,4.880910396575928,334.0469011073193,328.7645263671875,17.352081298828125,55.96821594238281,3.2556002140045166,True
7.395451068878174,190.47789001464844,22561.5078125,8.310194969177246,294.0303955078125,413.9102783203125,13.301373481750488,63.410179138183594,4.990235805511475,True
8.862112998962402,131.6351776123047,17433.6015625,7.639573097229004,340.1331787109375,399.46282958984375,16.71220588684082,53.5941047668457,4.955081939697266,True
6.008973598480225,225.08023071289062,5100.09423828125,7.452236175537109,336.1189880371094,325.1344909667969,11.079951286315918,36.34101104736328,4.012340545654297,True
7.607223987579346,160.56524658203125,39184.84765625,7.826411247253418,312.0560607910156,503.1580810546875,13.366994857788086,62.022308349609375,3.52502703666687,True
6.683367729187012,272.1116943359375,18989.31640625,5.336202144622803,336.55511474609375,307.7250061035156,20.1787166595459,75.40225982666016,5.208061218261719,True
6.638411521911621,180.82666015625,9772.5048828125,8.29598331451416,346.1695217037415,401.11114501953125,12.601517677307129,61.05188751220703,5.164056777954102,True
9.271355628967285,181.25961303710938,16540.978515625,7.022499084472656,309.2388610839844,487.6927795410156,13.22844123840332,66.47529279524558,4.333952903747559,True
7.085660845812109,134.7368621826172,9000.025390625,9.02629280090332,351.6875402493273,428.2139892578125,8.668672561645508,74.77339172363281,3.6995580196380615,True
3.6299221515655518,244.18739318847656,24856.6328125,6.61807107925415,366.9678649902344,442.0763244628906,13.30288028717041,59.48929214477539,4.754826545715332,True
8.378108024597168,198.51121520996094,28474.203125,6.477056980133057,319.4771728515625,499.86700439453125,15.389083862304688,35.22119903564453,4.524693012237549,True
6.923635959625244,260.5931396484375,24792.525390625,5.501163959503174,332.232177734375,607.7735595703125,15.483026504516602,51.535865783691406,4.013338565826416,True
5.89310359954834,239.2694854736328,20526.666015625,6.349560737609863,341.25634765625,403.6175537109375,18.963706970214844,63.84632110595703,4.390701770782471,True
8.19735336303711,203.10508728027344,27701.794921875,6.472914218902588,328.8868408203125,444.61273193359375,14.250875473022461,62.90620422363281,3.361833333969116,True
8.372910499572754,169.08705139160156,14622.7451171875,7.5479841232299805,344.5960231313181,464.5255432128906,11.083026885986328,38.435150146484375,4.906358242034912,True
8.989899635314941,215.04736328125,15921.412109375,6.297311305999756,312.9310302734375,390.41021728515625,9.899115562438965,55.069305419921875,4.613842964172363,True
6.7025465965271,207.3210906982422,17246.919921875,7.7081170082092285,304.5102233886719,329.2659912109375,16.217302322387695,28.87860107421875,3.4429831504821777,True
11.491010665893555,94.81254577636719,37188.82421875,9.263166427612305,258.93060302734375,439.89361572265625,16.17275619506836,41.558502197265625,4.369264125823975,True
6.069615840911865,186.65904235839844,26138.779296875,7.747547626495361,345.70025634765625,415.886962890625,12.067619323730469,60.419921875,3.6697115898132324,True
4.668101787567139,193.68173217773438,47580.9921875,7.1666388511657715,359.9485778808594,526.4241943359375,13.894418716430664,66.68769836425781,4.435821056365967,True
7.808856010437012,193.55320739746094,17329.802734375,8.061362266540527,338.41275719731664,392.4495849609375,19.90322494506836,66.4499282033501,2.7982428073883057,True
9.419509887695312,175.7626495361328,33155.578125,7.35023307800293,327.1903879531721,432.0447692871094,11.039070129394531,69.84539794921875,3.298875570297241,True
5.126762866973877,230.603759765625,11983.869140625,6.303356647491455,336.8661102975682,402.88311767578125,11.168946266174316,77.48821258544922,4.708658695220947,True
7.874671459197998,195.102294921875,17404.177734375,7.509305953979492,337.79107194538494,327.4597473144531,16.14036750793457,78.69844818115234,2.3091490268707275,True
